search_keyword,title,price,rating,sold_count,price_clean,sold_clean,rating_clean,ram_gb,storage_gb,brand,price_tier
iphone 11,APPLE iPhone 15 -  iPhone 16 -  iPhone 17 - iPhone 17 Pro - iPhone 17 Pro Max - iPad 11 - MacBook Neo - Garansi Resmi Apple Indonesia,Rp12.539.000,5.0,10rb+ terjual,12539000,10000,5.0,,,APPLE,Flagship (>10M)
iphone 11,Iphone 11 64gb / 128Gb / 256Gb Bekas Fullset,Rp3.650.000,4.9,2rb+ terjual,3650000,2000,4.9,,128.0,APPLE,Mid-Range (2M-5M)
iphone 11,iPhone 11 64GB|128GB|256GB second murah bergaransi like new,Rp3.350.000,4.9,1rb+ terjual,3350000,1000,4.9,,64.0,APPLE,Mid-Range (2M-5M)
iphone 11,iPhone 11 pro 64GB Bekas original 100% Mulus fullset,Rp4.700.000,4.9,500+ terjual,4700000,500,4.9,,64.0,APPLE,Mid-Range (2M-5M)
iphone 11,iPhone 11 64GB Original 100% | Mulus Normal Fullset,Rp3.500.000,4.9,750+ terjual,3500000,750,4.9,,64.0,APPLE,Mid-Range (2M-5M)
iphone 11,Iphone 11 Pro Max 256gb Bekas Fullset,Rp4.600.000,4.9,500+ terjual,4600000,500,4.9,,256.0,APPLE,Mid-Range (2M-5M)
iphone 11,iPhone 11 Pro&promax 64GB|256GB second murah bergaransi like new,Rp4.250.000,4.9,250+ terjual,4250000,250,4.9,,64.0,APPLE,Mid-Range (2M-5M)
iphone 11,Apple iPhone 11 64GB 128GB 256GB Original Seken Second Bekas Mulus Inter BC IBOX,Rp3.799.000,4.9,250+ terjual,3799000,250,4.9,,64.0,APPLE,Mid-Range (2M-5M)
iphone 11,BNIB iPhone 11 128GB Garansi RESMI iBox Indonesia NEW 128 GB,Rp8.850.000,5.0,100+ terjual,8850000,100,5.0,,128.0,APPLE,Upper Mid (5M-10M)
iphone 11,IPHONE 11 64 128 GB SECOND MULUS INTER IBOX,Rp4.095.000,4.9,250+ terjual,4095000,250,4.9,,128.0,APPLE,Mid-Range (2M-5M)
iphone 11,Apple iPhone 11 128GB 256GB SCD Original Apple,Rp3.600.000,4.9,250+ terjual,3600000,250,4.9,,128.0,APPLE,Mid-Range (2M-5M)
iphone 11,Apple iPhone 11 Second iBox Original 64GB 128GB 256GB - Garansi Resmi,Rp3.449.000,4.9,250+ terjual,3449000,250,4.9,,64.0,APPLE,Mid-Range (2M-5M)
iphone 11,iPhone 11 Pro Second Original Fullset,Rp5.850.000,5.0,100+ terjual,5850000,100,5.0,,,APPLE,Upper Mid (5M-10M)
iphone 11,iBox | iPhone 11 64GB | 11 PRO | 11 PRO MAX FULLSET ORIGINAL,Rp3.625.508,4.9,100+ terjual,3625508,100,4.9,,64.0,APPLE,Mid-Range (2M-5M)
iphone 11,iPhone 11 128GB Second Original,Rp4.180.000,4.9,250+ terjual,4180000,250,4.9,,128.0,APPLE,Mid-Range (2M-5M)
iphone 11,Iphone 11 64GB 128GB 256GB second bekas original fullset,Rp3.900.000,5.0,100+ terjual,3900000,100,5.0,,64.0,APPLE,Mid-Range (2M-5M)
iphone 11,APPLE IPHONE 11 FULLSET ORIGINAL BERGARANSI MURAH,Rp3.550.000,4.9,100+ terjual,3550000,100,4.9,,,APPLE,Mid-Range (2M-5M)
iphone 11,IBOX | IPHONE 11 PRO MAX 64GB 256GB 512GB SECOND ORIGINAL APPLE,Rp6.655.000,4.9,100+ terjual,6655000,100,4.9,,64.0,APPLE,Upper Mid (5M-10M)
iphone 11,iPhone 11 64 GB Second Original,Rp3.850.000,4.8,100+ terjual,3850000,100,4.8,,64.0,APPLE,Mid-Range (2M-5M)
iphone 11,IBOX| iPhone 11 Pro Max 512GB 256GB 128GB 64GB Second Original Fullset Resmi,Rp3.819.000,4.7,250+ terjual,3819000,250,4.7,,512.0,APPLE,Mid-Range (2M-5M)
iphone 11,Apple iPhone 11 Pro Max 64GB 256GB 512GB Original Seken Second Bekas Mulus Inter BC IBOX,Rp5.099.000,4.9,100+ terjual,5099000,100,4.9,,64.0,APPLE,Upper Mid (5M-10M)
iphone 11,Iphone 11 64Gb / 128Gb / 256Gb Second Fullset,Rp3.650.000,5.0,100+ terjual,3650000,100,5.0,,128.0,APPLE,Mid-Range (2M-5M)
iphone 11,IPHONE 11 64 128 256 GB - SECOND 99% LIKE NEW - GARANSI IBOX / INTER,Rp4.095.000,4.9,250+ terjual,4095000,250,4.9,,256.0,APPLE,Mid-Range (2M-5M)
iphone 11,Apple iPhone 11 64GB 128GB 256GB Original Second Bekas Seken Mulus Inter BC IBOX,Rp3.799.000,4.9,100+ terjual,3799000,100,4.9,,64.0,APPLE,Mid-Range (2M-5M)
iphone 11,iPhone 11 Pro max 64GB Bekas original 100% mulus fullset,Rp4.800.000,5.0,100+ terjual,4800000,100,5.0,,64.0,APPLE,Mid-Range (2M-5M)
iphone 11,iPhone 11 | 11 Pro | 11 Pro Max 64GB 128GB 256GB Terdaftar Resmi Apple,Rp3.449.000,4.8,250+ terjual,3449000,250,4.8,,64.0,APPLE,Mid-Range (2M-5M)
iphone 11,iPhone 11 64GB 128GB 256GB SECOND LIKE NEW FULLSET ORIGINAL BERGARANSI - cyruscellbec,Rp3.987.055,5.0,100+ terjual,3987055,100,5.0,,64.0,APPLE,Mid-Range (2M-5M)
iphone 11,iPhone 11 Pro 256GB Second Original100% 5.8“OLED-Ori Fullset Mulus Normal Like New SmartPhone,Rp4.908.000,5.0,90+ terjual,4908000,90,5.0,,256.0,APPLE,Mid-Range (2M-5M)
iphone 11,Apple iPhone 11 Pro 64GB 256GB 512GB Original Second Bekas Seken Mulus Inter BC IBOX,Rp4.399.000,4.9,100+ terjual,4399000,100,4.9,,64.0,APPLE,Mid-Range (2M-5M)
iphone 11,iPhone 11 Pro 64GB Second Original100% 5.8“OLED-Ori Fullset Mulus Normal Like New SmartPhone,Rp4.478.000,5.0,80+ terjual,4478000,80,5.0,,64.0,APPLE,Mid-Range (2M-5M)
iphone 11,iPhone 11 64GB 128GB 256GB Second All Provider & Bea Cukai Original Like New Fullset Bergaransi,Rp4.090.500,5.0,90+ terjual,4090500,90,5.0,,64.0,APPLE,Mid-Range (2M-5M)
iphone 11,Apple iPhone 11 256GB 128GB 64GB Second Resmi iBox,Rp3.449.000,5.0,100+ terjual,3449000,100,5.0,,256.0,APPLE,Mid-Range (2M-5M)
iphone 11,iPhone 11 Terbaik Fullset iBox & Inter Banyak Bonus Bergaransi Check,Rp3.960.000,5.0,70+ terjual,3960000,70,5.0,,,APPLE,Mid-Range (2M-5M)
iphone 11,IPHONE 11 64GB 128GB 256GB GARANSI RESMI IBOX-INTER - FULLSET LIKE NEW,Rp4.450.000,5.0,80+ terjual,4450000,80,5.0,,64.0,APPLE,Mid-Range (2M-5M)
iphone 11,iPhone 11 64GB | 128GB | 256GB Fullset Original,Rp3.925.508,4.9,100+ terjual,3925508,100,4.9,,64.0,APPLE,Mid-Range (2M-5M)
iphone 11,iphone 11 pro max 256gb FULLSET,Rp6.120.000,4.9,70+ terjual,6120000,70,4.9,,256.0,APPLE,Upper Mid (5M-10M)
iphone 11,iPhone 11 Pro 64GB/256GB/512GB (imei Terdaftar) Mulus Normal Fullset,Rp5.900.000,4.9,100+ terjual,5900000,100,4.9,,256.0,APPLE,Upper Mid (5M-10M)
iphone 11,iPhone 11 Second Original Fullset,Rp5.100.000,5.0,50+ terjual,5100000,50,5.0,,,APPLE,Upper Mid (5M-10M)
iphone 11,iPhone 11 64GB 128GB Black Green Yellow Purple Red White Inter,Rp17.407.500,4.9,90+ terjual,17407500,90,4.9,,64.0,APPLE,Flagship (>10M)
iphone 11,Apple iPhone 11 Pro 64GB 256GB 512GB Original Second Seken Bekas Mulus Inter BC IBOX,Rp4.399.000,4.9,80+ terjual,4399000,80,4.9,,64.0,APPLE,Mid-Range (2M-5M)
iphone 11,iphone 11 128gb fullset mulus like new ex internasional,Rp4.595.000,4.9,70+ terjual,4595000,70,4.9,,128.0,APPLE,Mid-Range (2M-5M)
iphone 11,iPhone 11 Pro Fullset Mulus Banyak Bonus Check!!,Rp5.750.000,4.9,60+ terjual,5750000,60,4.9,,,APPLE,Upper Mid (5M-10M)
iphone 11,(KG) iPad 11 Wifi Series Garansi Resmi Iphone Indonesia cara kredit online,Rp8.872.380,5.0,100+ terjual,8872380,100,5.0,,,APPLE,Upper Mid (5M-10M)
iphone 11,Apple iPhone 11 | 11 Pro Max 512GB 256GB 128GB 64GB | Original Garansi Resmi iBox Indonesia,Rp3.735.000,4.9,100+ terjual,3735000,100,4.9,,512.0,APPLE,Mid-Range (2M-5M)
iphone 11,iPhone 11 256GB ALL COLOUR Second Original,Rp4.510.000,4.9,70+ terjual,4510000,70,4.9,,256.0,APPLE,Mid-Range (2M-5M)
iphone 11,IPHONE 11 PRO 64 256 GB - SECOND 99% LIKE NEW - GARANSI IBOX / INTER,Rp5.039.000,5.0,70+ terjual,5039000,70,5.0,,256.0,APPLE,Upper Mid (5M-10M)
iphone 11,Iphone 11 128 GB Garansi Resmi Ibox,Rp7.499.000,5.0,50+ terjual,7499000,50,5.0,,128.0,APPLE,Upper Mid (5M-10M)
iphone 11,iPhone 11 64GB/BEKAS/SECOND/ORIGINAL/FULLSET/LIKE NEW,Rp3.800.000,4.8,100+ terjual,3800000,100,4.8,,64.0,APPLE,Mid-Range (2M-5M)
iphone 11,Apple iPhone 11 Pro Max 64GB 256GB 512GB Original Second Seken Bekas Mulus Inter BC IBOX,Rp5.099.000,4.9,80+ terjual,5099000,80,4.9,,64.0,APPLE,Upper Mid (5M-10M)
iphone 11,IPHONE 11 PRO 512GB LIKE NEW!!!!100% ORIGINAL GARANSI 1 TAHUN,Rp6.850.000,5.0,50+ terjual,6850000,50,5.0,,512.0,APPLE,Upper Mid (5M-10M)
iphone 11,Iphone 11 128GB - Second Original - Garansi,Rp3.800.000,5.0,90+ terjual,3800000,90,5.0,,128.0,APPLE,Mid-Range (2M-5M)
iphone 11,iPhone 11 64GB second Like New,Rp4.150.000,5.0,40+ terjual,4150000,40,5.0,,64.0,APPLE,Mid-Range (2M-5M)
iphone 11,Second iPhone 11 64 GB Original Mulus ber Garansi,Rp3.450.000,5.0,100+ terjual,3450000,100,5.0,,64.0,APPLE,Mid-Range (2M-5M)
iphone 11,iphone 11 pro max,Rp9.400.000,4.9,30+ terjual,9400000,30,4.9,,,APPLE,Upper Mid (5M-10M)
iphone 11,iPhone 11 Pro 256GB Ex Internasional Original Fullset,Rp6.069.000,5.0,30+ terjual,6069000,30,5.0,,256.0,APPLE,Upper Mid (5M-10M)
iphone 11,Iphone 11 Pro 64GB 256GB second bekas original fullset,Rp4.600.000,4.9,40+ terjual,4600000,40,4.9,,64.0,APPLE,Mid-Range (2M-5M)
iphone 11,IPHONE 11 PRO 64 256 GB SECOND MULUS INTER IBOX,Rp4.672.000,4.8,80+ terjual,4672000,80,4.8,,256.0,APPLE,Mid-Range (2M-5M)
iphone 11,IPHONE 11 SECOND HAND MINUS banyak chat admin sebelum pesan,Rp5.000.000,4.9,30+ terjual,5000000,30,4.9,,,APPLE,Mid-Range (2M-5M)
iphone 11,"IPHONE 11 64GB SECOND ORIGINAL, NORMAL, MULUS, & FULLSET",Rp4.050.000,4.8,60+ terjual,4050000,60,4.8,,64.0,APPLE,Mid-Range (2M-5M)
iphone 11,iPhone 11 64GB Ex Internasional Original Fullset,Rp4.868.000,5.0,30+ terjual,4868000,30,5.0,,64.0,APPLE,Mid-Range (2M-5M)
iphone 12,Iphone 12 64gb / 128gb /256gb Bekas Fullset,Rp3.960.000,4.8,1rb+ terjual,3960000,1000,4.8,,128.0,APPLE,Mid-Range (2M-5M)
iphone 12,iPhone 12 64GB/128GB/256GB Second Mulus Normal Fullset,Rp4.700.000,4.9,250+ terjual,4700000,250,4.9,,128.0,APPLE,Mid-Range (2M-5M)
iphone 12,Iphone 12 64GB 128GB second bekas original fullset,Rp4.710.000,4.9,100+ terjual,4710000,100,4.9,,64.0,APPLE,Mid-Range (2M-5M)
iphone 12,iPhone 12 64GB/128GB/256GB (imei Terdaftar) Mulus Normal Fullset,Rp5.700.000,5.0,100+ terjual,5700000,100,5.0,,128.0,APPLE,Upper Mid (5M-10M)
iphone 12,Iphone 12 64Gb / 128Gb / 256Gb Second Imei Terdaftar Fullset,Rp5.750.000,4.9,100+ terjual,5750000,100,4.9,,128.0,APPLE,Upper Mid (5M-10M)
iphone 12,Apple Iphone 12 Fullset Original Bergaransi Murah,Rp3.860.000,5.0,80+ terjual,3860000,80,5.0,,,APPLE,Mid-Range (2M-5M)
iphone 12,iPhone 12 Second 128GB Fullset Bekas Original100% EX-INTER 6.1“OLED-Ori Mulus Like New Smartphone,Rp4.158.000,5.0,80+ terjual,4158000,80,5.0,,128.0,APPLE,Mid-Range (2M-5M)
iphone 12,iphone 12 64Gb|128Gb second murah bergaransi like new,Rp3.660.000,4.8,100+ terjual,3660000,100,4.8,,64.0,APPLE,Mid-Range (2M-5M)
iphone 12,iPhone 12 64GB/128GB/256GB Seken Fullset,Rp4.060.000,4.9,80+ terjual,4060000,80,4.9,,128.0,APPLE,Mid-Range (2M-5M)
iphone 12,Apple iPhone 12 64GB 128GB 256GB Original Second Bekas Seken Mulus Inter BC IBOX,Rp4.059.000,4.9,80+ terjual,4059000,80,4.9,,64.0,APPLE,Mid-Range (2M-5M)
iphone 12,iPhone 12 128GB Second Original ALL COLOUR,Rp4.730.000,4.9,90+ terjual,4730000,90,4.9,,128.0,APPLE,Mid-Range (2M-5M)
iphone 12,IPHONE 12 64 128 256 GB - SECOND 99% LIKE NEW - IBOX / INTER,Rp4.724.000,4.9,100+ terjual,4724000,100,4.9,,256.0,APPLE,Mid-Range (2M-5M)
iphone 12,IPHONE 12 64 128 256 GB SECOND MULUS INTER IBOX,Rp4.889.000,4.9,100+ terjual,4889000,100,4.9,,256.0,APPLE,Mid-Range (2M-5M)
iphone 12,iPhone 12 128GB Second Original100% All Sim Silent Fullset Mulus Normal Hp 3utools All Green,Rp4.208.000,4.9,90+ terjual,4208000,90,4.9,,128.0,APPLE,Mid-Range (2M-5M)
iphone 12,"iPhone 12 128GB Second Original100% 5G 6.1""OLED-Ori Fullset Mulus Like New Phone 3utools All Green",Rp4.198.000,5.0,60+ terjual,4198000,60,5.0,,128.0,APPLE,Mid-Range (2M-5M)
iphone 12,iPhone 12 64GB 128GB 256GB Second All Provider & Bea Cukai Original Like New Fullset Bergaransi,Rp4.108.500,5.0,80+ terjual,4108500,80,5.0,,64.0,APPLE,Mid-Range (2M-5M)
iphone 12,iphone 12 64 gb like new,Rp4.835.000,4.9,60+ terjual,4835000,60,4.9,,64.0,APPLE,Mid-Range (2M-5M)
iphone 12,Iphone 12 64Gb / 128Gb / 256Gb Second Fullset,Rp3.960.000,5.0,70+ terjual,3960000,70,5.0,,128.0,APPLE,Mid-Range (2M-5M)
iphone 12,iPhone 12 128GB Fullset Second Bekas Original100% EX-INTER 6.1“OLED-Ori Mulus Like New Smartphone,Rp4.188.000,5.0,30+ terjual,4188000,30,5.0,,128.0,APPLE,Mid-Range (2M-5M)
iphone 12,IBOX IPHONE 12 256GB/128GB/64GB GOOD CONDITIONS FULLSET MULUS SECOND,Rp4.450.000,4.8,80+ terjual,4450000,80,4.8,,128.0,APPLE,Mid-Range (2M-5M)
iphone 12,iPhone 12 64Gb Second Original,Rp4.460.000,5.0,30+ terjual,4460000,30,5.0,,64.0,APPLE,Mid-Range (2M-5M)
iphone 12,Apple iPhone 12 | 12 Pro Max 256GB 128GB 64GB | Original Garansi Resmi iBox Indonesia,Rp4.045.000,4.8,90+ terjual,4045000,90,4.8,,256.0,APPLE,Mid-Range (2M-5M)
iphone 12,Apple iPhone 12 64GB 128GB 256GB Wifi Only Original,Rp5.750.000,5.0,27 terjual,5750000,27,5.0,,64.0,APPLE,Upper Mid (5M-10M)
iphone 12,iPhone 12 128GB Second Bekas Original100% EX-INTER 6.1“OLED-Ori Fullset Mulus Like New Smartphone,Rp4.168.000,4.9,40+ terjual,4168000,40,4.9,,128.0,APPLE,Mid-Range (2M-5M)
iphone 12,"Second Like New Original iPhone 12 64GB/128GB/256GB, FullsetMulus",Rp7.000.000,5.0,100+ terjual,7000000,100,5.0,,128.0,APPLE,Upper Mid (5M-10M)
iphone 12,Second iPhone 12 64GB All Colour,Rp4.290.000,4.9,40+ terjual,4290000,40,4.9,,64.0,APPLE,Mid-Range (2M-5M)
iphone 12,iPhone 12 64GB 128GB 256GB Second fullset original 100% Like New Bergaransi,Rp4.381.055,4.9,50+ terjual,4381055,50,4.9,,64.0,APPLE,Mid-Range (2M-5M)
iphone 12,Ready!! iPhone 12 Fullset iBox & Inter Garansi,Rp6.680.000,5.0,24 terjual,6680000,24,5.0,,,APPLE,Upper Mid (5M-10M)
iphone 12,Hp iPhone 12 64GB/128GB/256GB Handphone Apple Second Fullset 100% Original Bergaransi Ex Inter,Rp3.300.000,5.0,40+ terjual,3300000,40,5.0,,128.0,APPLE,Mid-Range (2M-5M)
iphone 12,iBox | iPhone 12 | 12 Pro | 12 Pro Max Fullset Resmi Apple Gad,Rp3.575.508,4.7,50+ terjual,3575508,50,4.7,,,APPLE,Mid-Range (2M-5M)
iphone 12,[IMEI BEA CUKAI] iPhone 12 64GB 128GB 256GB Second Ori Mulus Fullset,Rp5.510.000,5.0,24 terjual,5510000,24,5.0,,64.0,APPLE,Upper Mid (5M-10M)
iphone 12,iPhone 12 64Gb | 128Gb | 256Gb Garansi Resmi Fullset Original,Rp4.125.508,4.9,29 terjual,4125508,29,4.9,,64.0,APPLE,Mid-Range (2M-5M)
iphone 12,iphone 12 64 gb,Rp7.960.000,5.0,9 terjual,7960000,9,5.0,,64.0,APPLE,Upper Mid (5M-10M)
iphone 12,Iphone 12 64gb 128gb 256gb Garansi Resmi Ibox-Inter - Fullset Like New,Rp4.085.000,4.7,30+ terjual,4085000,30,4.7,,64.0,APPLE,Mid-Range (2M-5M)
iphone 12,iPhone 12 256GB Second Bekas Original100% EX-INTER 6.1“OLED-Ori Fullset Mulus Like New Smartphone,Rp4.478.000,5.0,17 terjual,4478000,17,5.0,,256.0,APPLE,Mid-Range (2M-5M)
iphone 12,[Secondhand ]  iPhone 12  iPhone 12 MINI RAM 64GB 128GB 256GB Second Bekas Original 100% Mulus Normal Fullset Kondisi Perfect Apple iPhone 12mini  / iPhone 12,Rp3.910.000,5.0,50+ terjual,3910000,50,5.0,,64.0,APPLE,Mid-Range (2M-5M)
iphone 12,iPhone 12 256GB/128GB/64GB Second Original 100% Fullset Like New,Rp3.910.000,4.4,29 terjual,3910000,29,4.4,,128.0,APPLE,Mid-Range (2M-5M)
iphone 12,Apple iPhone 12 64 Gb second garansi 1 bulan,Rp3.260.000,5.0,70+ terjual,3260000,70,5.0,,64.0,APPLE,Mid-Range (2M-5M)
iphone 12,"IPHONE 12 64GB SECOND ORIGINAL, NORMAL, MULUS, FULLSET & BERGARANSI",Rp4.510.000,5.0,6 terjual,4510000,6,5.0,,64.0,APPLE,Mid-Range (2M-5M)
iphone 12,Iphone12 128GB ProductRed minus,Rp4.960.000,5.0,5 terjual,4960000,5,5.0,,128.0,APPLE,Mid-Range (2M-5M)
iphone 12,IBOX iPhone 12 64GB/128GB/256GB Mulus like new Second/bekas Fullset Mulus like new,Rp3.680.000,4.2,60+ terjual,3680000,60,4.2,,128.0,APPLE,Mid-Range (2M-5M)
iphone 12,iPhone 12 64-128-256Gb Second Mulus fullset,Rp3.870.000,5.0,30+ terjual,3870000,30,5.0,,256.0,APPLE,Mid-Range (2M-5M)
iphone 12,Apple iPhone 12 64Gb | 128Gb Second Likenew Fullset Original,Rp3.875.508,5.0,6 terjual,3875508,6,5.0,,64.0,APPLE,Mid-Range (2M-5M)
iphone 12,iphone 12 128gb ex Inter all Operator,Rp4.260.000,5.0,8 terjual,4260000,8,5.0,,128.0,APPLE,Mid-Range (2M-5M)
iphone 12,iPhone 12 Ex Internasional,Rp3.710.000,5.0,5 terjual,3710000,5,5.0,,,APPLE,Mid-Range (2M-5M)
iphone 12,Iphone 12 64/128gb Black Fullset,Rp4.305.000,5.0,4 terjual,4305000,4,5.0,,128.0,APPLE,Mid-Range (2M-5M)
iphone 12,iphone 12 64gb inter all operator,Rp3.800.000,5.0,4 terjual,3800000,4,5.0,,64.0,APPLE,Mid-Range (2M-5M)
iphone 12,100% Ori Iphone 12 128Gb - Second Fullset - Garansi,Rp3.910.000,5.0,7 terjual,3910000,7,5.0,,128.0,APPLE,Mid-Range (2M-5M)
iphone 12,iPhone 12 128GB Second Original100% EX-INTER 5G 6.1”OLED-Ori Fullset Mulus Normal LikeNew Smartphone,Rp5.228.000,5.0,8 terjual,5228000,8,5.0,,128.0,APPLE,Upper Mid (5M-10M)
iphone 12,Iphone 12 64gb mulus 99% dijamin,Rp3.510.000,5.0,3 terjual,3510000,3,5.0,,64.0,APPLE,Mid-Range (2M-5M)
iphone 12,IPHONE 12 64GB 128GB INTER ALL OPERATOR,Rp4.950.000,4.1,60+ terjual,4950000,60,4.1,,64.0,APPLE,Mid-Range (2M-5M)
iphone 12,Second iPhone 12 64gb 128gb Fullset No Minus All Operator,Rp4.610.000,4.7,9 terjual,4610000,9,4.7,,64.0,APPLE,Mid-Range (2M-5M)
iphone 12,IPHONE 12 64 128 256 GB SECOND LIKE NEW INTER IBOX,Rp4.724.000,4.7,12 terjual,4724000,12,4.7,,256.0,APPLE,Mid-Range (2M-5M)
iphone 12,Apple iPhone 12 64GB 128GB 256GB | Garansi Resmi Indonesia,Rp15.959.000,5.0,1 terjual,15959000,1,5.0,,64.0,APPLE,Flagship (>10M)
iphone 12,iPhone 12 64/128/256 iBox,Rp6.460.000,5.0,6 terjual,6460000,6,5.0,,128.0,APPLE,Upper Mid (5M-10M)
iphone 12,iPhone 12 64GB/128GB/256GB Mulus like new Second/bekas Fullset Mulus l,Rp3.305.000,5.0,14 terjual,3305000,14,5.0,,128.0,APPLE,Mid-Range (2M-5M)
iphone 12,IPHONE 12 64GB 128GB ORIGINAL SECOND INTER IBOX BC TERMURAH IZONA,Rp4.597.292,5.0,7 terjual,4597292,7,5.0,,64.0,APPLE,Mid-Range (2M-5M)
iphone 12,APPLE IPHONE 12 64GB 128GB 256GB ORIGINAL RESMI Second Seken Bekas IBOX Inter BC,Rp4.059.000,5.0,2 terjual,4059000,2,5.0,,64.0,APPLE,Mid-Range (2M-5M)
iphone 12,iphone 12 64GB 128GB 256GB Resmi TAM/ibox,Rp8.559.000,5.0,2 terjual,8559000,2,5.0,,64.0,APPLE,Upper Mid (5M-10M)
iphone 12,Iphone 12 64 / 128 Second All Operator,Rp5.160.000,5.0,3 terjual,5160000,3,5.0,,128.0,APPLE,Upper Mid (5M-10M)
iphone 12,iPhone 12 | 12 Pro Max 256GB 128GB 64GB Original Garansi Resmi All Operator Indonesia,Rp4.050.000,5.0,1 terjual,4050000,1,5.0,,256.0,APPLE,Mid-Range (2M-5M)
iphone 12,Resmi | iPhone 12 256gb | 128gb | 64gb Fullset Resmi Original Likenew,Rp7.925.508,5.0,3 terjual,7925508,3,5.0,,256.0,APPLE,Upper Mid (5M-10M)
iphone 12,Iphone 12 64Gb All operator Inter Fullset No minus,Rp3.810.000,5.0,9 terjual,3810000,9,5.0,,64.0,APPLE,Mid-Range (2M-5M)
iphone 12,100% Ori Iphone 12 64Gb - Second Fullset - Garansi,Rp3.860.000,5.0,5 terjual,3860000,5,5.0,,64.0,APPLE,Mid-Range (2M-5M)
iphone 12,IPHONE 12 64GB BEKAS YAaA,Rp2.960.000,5.0,1 terjual,2960000,1,5.0,,64.0,APPLE,Mid-Range (2M-5M)
iphone 12,IPHONE 12 Second 100% Original,Rp3.190.000,5.0,3 terjual,3190000,3,5.0,,,APPLE,Mid-Range (2M-5M)
iphone 12,Iphone 12 ibox,Rp11.459.000,5.0,1 terjual,11459000,1,5.0,,,APPLE,Flagship (>10M)
iphone 12,"vivo Y19s Pro - 6000mAh + 44W FlashCharge, Tahan Banting Ekstrem, Tahan Hujan IP64, Dual Stereo Speaker, 50MP Kamera Utama, AI Erase 2.0",Rp2.259.000,4.9,10rb+ terjual,2259000,10000,4.9,,,VIVO,Mid-Range (2M-5M)
iphone 12,Samsung Galaxy A07 LTE 4/128GB,Rp2.899.000,4.9,10rb+ terjual,2899000,10000,4.9,4.0,128.0,SAMSUNG,Mid-Range (2M-5M)
iphone 12,"TECNO SPARK Go 3 4GB+4GB*/64GB, IP64, 6.75"" HD+, 120Hz Smooth Display, 5000mAh, 15W* Charging, TECNO AI - sparkgo3",Rp1.999.000,4.9,8rb+ terjual,1999000,8000,4.9,,,TECNO,Entry-Level (<2M)
iphone 12,Apple iPhone 15 | Garansi Resmi Indonesia,Rp12.799.000,5.0,1rb+ terjual,12799000,1000,5.0,,,APPLE,Flagship (>10M)
iphone 12,[COLLINS] APPLE iPhone 15 128GB 256GB 512GB A16 Bionic CPU 6C / GPU 5C Garansi Resmi Apple Indonesia,Rp12.198.352,5.0,5rb+ terjual,12198352,5000,5.0,,128.0,APPLE,Flagship (>10M)
iphone 12,"TECNO SPARK Go 3 4GB+4GB*/128GB, IP64, 6.75"" HD+, 120Hz Smooth Display, 5000mAh, 15W* Charging, TECNO AI - sparkgo3",Rp2.199.000,4.9,4rb+ terjual,2199000,4000,4.9,,,TECNO,Mid-Range (2M-5M)
iphone 12,[Diskon 9.9 s/d 15%] ITEL SUPER 26 ULTRA - T7300 Ultra Gaming Processor - Corning Gorilla 7i - IP65 - 3D Curved Amoled Screen- 32MP Selfie Camera - 6000mAH,Rp3.139.000,4.8,4rb+ terjual,3139000,4000,4.8,,,ITEL,Mid-Range (2M-5M)
iphone 12,Apple iPhone 17 | Garansi Resmi Indonesia,Rp17.899.000,5.0,1rb+ terjual,17899000,1000,5.0,,,APPLE,Flagship (>10M)
iphone 12,Iphone 12 Pro 128gb / 256gb /512gb Bekas Fullset,Rp5.350.000,4.9,1rb+ terjual,5350000,1000,4.9,,256.0,APPLE,Upper Mid (5M-10M)
iphone 12,Apple iPhone 15 512GB 256GB 128GB Garansi Resmi - [Digitech MallxCreator],Rp12.767.000,4.9,2rb+ terjual,12767000,2000,4.9,,512.0,APPLE,Flagship (>10M)
iphone 12,"vivo Y21d - IP68/69/69+ Tahan Air Ekstrem, 6500mAh Tahan 3 Hari, Tahan Banting Ekstrem, 50MP Kamera Underwater, Dual Stereo Speaker + 400% Audio",Rp2.759.000,4.9,2rb+ terjual,2759000,2000,4.9,,,VIVO,Mid-Range (2M-5M)
iphone 12,"OPPO A6x 4GB/64GB & 4GB/128GB Smartphone [Snapdragon 685 4G, Layar Ultra Cerah 120Hz, Baterai 6500mAh]",Rp2.499.000,4.9,2rb+ terjual,2499000,2000,4.9,4.0,64.0,OPPO,Mid-Range (2M-5M)
iphone 12,Iphone 12 Pro Max 128gb / 256gb / 512gb Bekas Fullset,Rp6.260.000,4.9,1rb+ terjual,6260000,1000,4.9,,256.0,APPLE,Upper Mid (5M-10M)
iphone 12,[ Exclusive ] Apple iPhone 15 128GB Garansi Resmi,Rp12.776.000,5.0,1rb+ terjual,12776000,1000,5.0,,128.0,APPLE,Flagship (>10M)
iphone 12,"[SUPERZOOM FLASHSNAP] TECNO CAMON 50 8GB+8GB*/256GB, 50MP Sony + 8MP Ultra Wide, 32MP Front Camera, 1.5K 144Hz AMOLED, Mediatek Helio G200 Ultimate , IP69K, 45W Ultra Charging, camon50",Rp4.499.000,4.9,1rb+ terjual,4499000,1000,4.9,,,TECNO,Mid-Range (2M-5M)
iphone 12,iPhone 11 64GB|128GB|256GB second murah bergaransi like new,Rp3.310.000,4.9,1rb+ terjual,3310000,1000,4.9,,64.0,APPLE,Mid-Range (2M-5M)
iphone 12,realme Note 80 4GB+8GB*|128GB (Desain Tangguh | 6300mAh Baterai | Proteksi ArmorShell | Jaminan Lancar Hingga 48-bulan | IP54),Rp2.029.000,4.9,2rb+ terjual,2029000,2000,4.9,,,REALME,Mid-Range (2M-5M)
iphone 12,NUBIA V80 Max 6GB/128GB 8GB/128GB - Garansi Resmi Nasional,Rp2.161.000,4.9,1rb+ terjual,2161000,1000,4.9,6.0,128.0,OTHER,Mid-Range (2M-5M)
iphone 12,"(Affiliate) Iphone 15 128gb, 256gb New Garansi Resmi",Rp12.599.000,5.0,1rb+ terjual,12599000,1000,5.0,,128.0,APPLE,Flagship (>10M)
iphone 12,Iphone 12 Mini 64gb / 128Gb / 256Gb Second Fullset,Rp3.400.000,4.9,500+ terjual,3400000,500,4.9,,128.0,APPLE,Mid-Range (2M-5M)
iphone 12,[ LIVE SPESIAL ] INFINIX SMART 20 4/64 & 4/1128 NEW GARANSI RESMI,Rp1.878.000,4.9,1rb+ terjual,1878000,1000,4.9,4.0,64.0,INFINIX,Entry-Level (<2M)
iphone 12,iPhone 15 128GB 256GB Garansi Resmi Indonesia,Rp12.640.000,5.0,1rb+ terjual,12640000,1000,5.0,,128.0,APPLE,Flagship (>10M)
iphone 12,Apple iPhone 17 Pro Max | Garansi Resmi Indonesia,Rp26.794.000,5.0,1rb+ terjual,26794000,1000,5.0,,,APPLE,Flagship (>10M)
iphone 12,[Special 2025] Apple iPhone 15 [128GB | 256GB] Garansi Resmi 1 Tahun,Rp12.637.000,5.0,750+ terjual,12637000,750,5.0,,128.0,APPLE,Flagship (>10M)
iphone 12,[COLLINS] APPLE iPhone 16 128GB 256GB 512GB A18 CPU 6C GPU 5C OLED Resmi GDN DIGIMAP iBOX,Rp16.999.000,4.9,750+ terjual,16999000,750,4.9,,128.0,APPLE,Flagship (>10M)
iphone 12,Digitalisme x Promo Apple iPhone 15 128GB Garansi Resmi Indonesia,Rp12.775.900,5.0,500+ terjual,12775900,500,5.0,,128.0,APPLE,Flagship (>10M)
iphone 12,iPhone 12 Pro 128GB/256GB/512GB Second Mulus Normal Fullset,Rp6.100.000,4.9,250+ terjual,6100000,250,4.9,,256.0,APPLE,Upper Mid (5M-10M)
iphone 12,Tecno Camon 50 NFC AMOLED [8/128 GB] [8/256 GB] [12/256 GB] - Garansi Resmi,Rp3.919.000,5.0,500+ terjual,3919000,500,5.0,8.0,128.0,TECNO,Mid-Range (2M-5M)
iphone 12,iPhone XR 64GB 128GB Garansi Resmi iBox,Rp2.265.000,4.8,250+ terjual,2265000,250,4.8,,64.0,APPLE,Mid-Range (2M-5M)
iphone 12,Second iPhone Xs 64 GB Original Mulus ber Garansi,Rp2.560.000,5.0,100+ terjual,2560000,100,5.0,,64.0,APPLE,Mid-Range (2M-5M)
iphone 12,ZTE NUBIA NEO 5 GT 5G 8+12GB/256GB & ZTE NUBIA NEO 5 5G 8+12GB/256GB GARANSI RESMI - SMARTPHONE/PONSEL,Rp4.825.742,4.8,250+ terjual,4825742,250,4.8,8.0,256.0,OTHER,Mid-Range (2M-5M)
iphone 12,iPhone 12 Pro Max 128G/256GB/512GB | Second Mulus Normal Fullset,Rp7.200.000,4.9,100+ terjual,7200000,100,4.9,,512.0,APPLE,Upper Mid (5M-10M)
iphone 12,APPLE IPHONE 12 PRO MAX 256 GB FULLSET SECOND ORIGINAL 100% MULUS - LIKE NEW,Rp5.335.000,4.9,250+ terjual,5335000,250,4.9,,256.0,APPLE,Upper Mid (5M-10M)
iphone 12,IPHONE 11 64 128 256 GB - SECOND 99% LIKE NEW - GARANSI IBOX / INTER,Rp4.055.000,4.9,250+ terjual,4055000,250,4.9,,256.0,APPLE,Mid-Range (2M-5M)
iphone 12,iPhone 12 Mini 64GB/128GB/256GB Second Normal Mulus Fullset,Rp3.900.000,4.8,100+ terjual,3900000,100,4.8,,128.0,APPLE,Mid-Range (2M-5M)
iphone 12,"[SUPERZOOM FLASHSNAP] TECNO CAMON 50 12GB+12GB*/256GB, 50MP Sony + 8MP Ultra Wide, 32MP Front Camera, 1.5K 144Hz AMOLED, Mediatek Helio G200 Ultimate , IP69K, 45W Ultra Charging, camon50",Rp4.699.000,4.9,250+ terjual,4699000,250,4.9,,,TECNO,Mid-Range (2M-5M)
iphone 12,Iphone 12 mini 64gb 128gb 256gb second original,Rp3.710.000,4.8,100+ terjual,3710000,100,4.8,,64.0,APPLE,Mid-Range (2M-5M)
iphone 12,IP 13 Second 128GB/256GB LCD Original TERBAIK fullset No Refurbish BH 90% UP,Rp3.099.000,4.8,250+ terjual,3099000,250,4.8,,256.0,OTHER,Mid-Range (2M-5M)
iphone 12,Iphone Xr 64GB|128GB second murah bergaransi like new,Rp2.760.000,4.8,250+ terjual,2760000,250,4.8,,64.0,APPLE,Mid-Range (2M-5M)
iphone 12,IPHONE XR 64 128 256 GB - SECOND 99% LIKE NEW - GARANSI IBOX / INTER,Rp3.162.000,5.0,100+ terjual,3162000,100,5.0,,256.0,APPLE,Mid-Range (2M-5M)
iphone 12,INFINIX SMART 20 4GB/64GB 4GB/128GB GARANSI RESMI - SMARTPHONE/PONSEL Kamera Layar,Rp1.904.950,4.9,100+ terjual,1904950,100,4.9,4.0,64.0,INFINIX,Entry-Level (<2M)
iphone 12,"OPPO A6 6GB/128GB & 6GB/256GB Smartphone [Pengisian Cepat SUPERVOOC 45W, Tahan Air dan Debu IP69, Kamera Ultra Jernih 50MP]",Rp3.799.000,4.9,250+ terjual,3799000,250,4.9,6.0,128.0,OPPO,Mid-Range (2M-5M)
iphone 13,iPhone 13 128GB/256GB/512GB Second Mulus 100% Original Fullset,Rp6.000.000,4.9,250+ terjual,6000000,250,4.9,,256.0,APPLE,Upper Mid (5M-10M)
iphone 13,iPhone 13 128GB/256GB/512GB (imei Terdaftar) Mulus Fullset,Rp7.300.000,5.0,250+ terjual,7300000,250,5.0,,256.0,APPLE,Upper Mid (5M-10M)
iphone 13,Apple iPhone 13 128GB 256GB Original Apple,Rp6.200.000,5.0,100+ terjual,6200000,100,5.0,,128.0,APPLE,Upper Mid (5M-10M)
iphone 13,iPhone 15/14/13 128gb garansi resmi segel,Rp12.489.999,5.0,100+ terjual,12489999,100,5.0,,128.0,APPLE,Flagship (>10M)
iphone 13,Iphone 13 128Gb / 256Gb / 512Gb Second Fullset,Rp5.500.000,5.0,100+ terjual,5500000,100,5.0,,256.0,APPLE,Upper Mid (5M-10M)
iphone 13,"IPhone 13, 14 dan 15 128GB Garansi Resmi, Segel No Repack",Rp11.960.000,5.0,100+ terjual,11960000,100,5.0,,128.0,APPLE,Flagship (>10M)
iphone 13,IPHONE 13 128 256 512 GB SECOND MULUS INTER IBOX,Rp5.940.000,4.8,100+ terjual,5940000,100,4.8,,512.0,APPLE,Upper Mid (5M-10M)
iphone 13,iPhone 13 Garansi Resmi | 128Gb iBox | 256Gb | 512Gb Fullset Resmi Original,Rp5.525.508,4.9,100+ terjual,5525508,100,4.9,,128.0,APPLE,Upper Mid (5M-10M)
iphone 13,iPhone 13 128GB 256GB 512GB Second All Provider & Bea Cukai Original Like New Fullset Bergaransi,Rp5.910.500,5.0,90+ terjual,5910500,90,5.0,,128.0,APPLE,Upper Mid (5M-10M)
iphone 13,IPHONE 13 128 256 GB - NEW / SEC IBOX - GARANSI RESMI,Rp6.155.000,5.0,100+ terjual,6155000,100,5.0,,256.0,APPLE,Upper Mid (5M-10M)
iphone 13,iPhone 13 128GB Second Original,Rp5.775.000,5.0,50+ terjual,5775000,50,5.0,,128.0,APPLE,Upper Mid (5M-10M)
iphone 13,100% Ori Iphone 13 128GB|256GB|512GB - Second Fullset - Garansi,Rp5.410.000,5.0,90+ terjual,5410000,90,5.0,,128.0,APPLE,Upper Mid (5M-10M)
iphone 13,"iPhone 13 128GB BEKAS SECOND ORIGINAL100% 6.1""OLED-Ori Fullset Mulus LikeNew Phone 3UTOOLS ALL GREEN",Rp5.628.000,5.0,60+ terjual,5628000,60,5.0,,128.0,APPLE,Upper Mid (5M-10M)
iphone 13,Iphone 13 128Gb fullset promo bergaransi,Rp5.760.000,5.0,60+ terjual,5760000,60,5.0,,128.0,APPLE,Upper Mid (5M-10M)
iphone 13,Second iPhone 13 256GB Second Orginal,Rp6.325.000,5.0,40+ terjual,6325000,40,5.0,,256.0,APPLE,Upper Mid (5M-10M)
iphone 13,iBox | iPhone 13 | 13 Pro | 13 Pro max 128Gb | 256GB |512Gb Second Resmi Fullset,Rp5.725.508,5.0,40+ terjual,5725508,40,5.0,,128.0,APPLE,Upper Mid (5M-10M)
iphone 13,IBOX iP 13 128GB 256GB Second BEKAS ORIGINAL 100% Seken Apple | MULUS 13 NORMAL FULLSET,Rp4.780.000,4.3,750+ terjual,4780000,750,4.3,,128.0,APPLE,Mid-Range (2M-5M)
iphone 13,HP BARU IPHONE 13 128GB - 256GB GARANSI RESMI IBOX 100% ORIGINAL,Rp10.960.000,5.0,14 terjual,10960000,14,5.0,,128.0,APPLE,Flagship (>10M)
iphone 13,Apple iPhone 13 | 13 Pro Max 512GB 256GB 128GB | Original Garansi Resmi iBox Indonesia,Rp5.535.000,5.0,90+ terjual,5535000,90,5.0,,512.0,APPLE,Upper Mid (5M-10M)
iphone 13,iPhone 13 128GB Garansi Resmi iBOX GDN DIGIMAP,Rp8.110.000,5.0,30+ terjual,8110000,30,5.0,,128.0,APPLE,Upper Mid (5M-10M)
iphone 13,IP 13 128GB 256GB PROMO TERMURAH - All Operator,Rp5.410.000,4.9,100+ terjual,5410000,100,4.9,,128.0,OTHER,Upper Mid (5M-10M)
iphone 13,Apple iPhone 13 256GB 128GB 64GB Second Original Resmi iBox,Rp5.759.000,5.0,25 terjual,5759000,25,5.0,,256.0,APPLE,Upper Mid (5M-10M)
iphone 13,iPhone 13 128Gb iBox Garansi Resmi 1 Tahun,Rp8.560.000,5.0,50+ terjual,8560000,50,5.0,,128.0,APPLE,Upper Mid (5M-10M)
iphone 13,Apple iPhone 14 128GB dan 13 128gb Resmi iBox BNIB Garansi 1 Tahun Baru Bukan Repack Terdaftar Kemenperin Garansi Resmi,Rp7.959.000,5.0,22 terjual,7959000,22,5.0,,128.0,APPLE,Upper Mid (5M-10M)
iphone 13,[TERDAFTAR] IPHONE 13 128GB 256GB SECOND ORIGINAL MULUS TERAWAT,Rp5.200.000,4.9,27 terjual,5200000,27,4.9,,128.0,APPLE,Upper Mid (5M-10M)
iphone 13,Iphone 13/128 new midnight,Rp8.810.000,5.0,16 terjual,8810000,16,5.0,,128.0,APPLE,Upper Mid (5M-10M)
iphone 13,iPhone 13 128GB 256GB 512GB Second Bekas Mulus Fullset Original,Rp5.610.000,5.0,28 terjual,5610000,28,5.0,,128.0,APPLE,Upper Mid (5M-10M)
iphone 13,Apple iPhone 13 128GB 256GB 512GB Second ORIGINAL 100% MULUS 13 FULLSE,Rp5.060.000,4.5,100+ terjual,5060000,100,4.5,,128.0,APPLE,Upper Mid (5M-10M)
iphone 13,[IMEI BEA CUKAI] iPhone 13 128GB 256GB 512GB Second Ori Mulus Fullset,Rp7.110.000,5.0,22 terjual,7110000,22,5.0,,128.0,APPLE,Upper Mid (5M-10M)
iphone 13,iPhone 13 Ex Internasional,Rp5.960.000,4.9,17 terjual,5960000,17,4.9,,,APPLE,Upper Mid (5M-10M)
iphone 13,IPHONE 13 MIDNIGHT 128GB CAKEP MULUS MANTAP | 100% ORIGINAL APPLE,Rp5.200.000,5.0,20 terjual,5200000,20,5.0,,128.0,APPLE,Upper Mid (5M-10M)
iphone 13,Apple iPhone 13 | 13 Pro | 13 Pro Max 512GB 256GB 128GB Second iBox,Rp8.099.000,4.7,30+ terjual,8099000,30,4.7,,512.0,APPLE,Upper Mid (5M-10M)
iphone 13,Apple iPhone 13 512GB 256GB 128GB Original Garansi Resmi iBox Indonesia,Rp5.300.000,4.8,40+ terjual,5300000,40,4.8,,512.0,APPLE,Upper Mid (5M-10M)
iphone 13,"Iphone 13 Garansi Resmi IBOX-INTER, All Colour 128-256-512 -Pink White",Rp9.060.000,5.0,23 terjual,9060000,23,5.0,,,APPLE,Upper Mid (5M-10M)
iphone 13,HP SECOND IP 13 128GB DARKBLUE,Rp2.600.000,5.0,30+ terjual,2600000,30,5.0,,128.0,OTHER,Mid-Range (2M-5M)
iphone 13,Apple iphone 13 128GB varian warna,Rp4.960.000,5.0,16 terjual,4960000,16,5.0,,128.0,APPLE,Mid-Range (2M-5M)
iphone 13,"IPHONE 13 128GB SECOND ORIGINAL, MULUS, NORMAL & FULLSET",Rp6.260.000,5.0,7 terjual,6260000,7,5.0,,128.0,APPLE,Upper Mid (5M-10M)
iphone 13,Iphone 13 128gb all operator,Rp6.059.999,5.0,6 terjual,6059999,6,5.0,,128.0,APPLE,Upper Mid (5M-10M)
iphone 13,"Second iPhone 13 128/256/512GB Mulus Like New, Gransi Apple, IMEI Aman",Rp9.000.000,5.0,60+ terjual,9000000,60,5.0,,256.0,APPLE,Upper Mid (5M-10M)
iphone 13,Second iPhone 13 128gb 256gb Fullset No Minus All Operator Resmi,Rp5.945.000,5.0,14 terjual,5945000,14,5.0,,128.0,APPLE,Upper Mid (5M-10M)
iphone 13,iPhone 13 128GB/256GB FULLSET 100% ORIGINAL & BERGARANSI,Rp6.310.000,5.0,13 terjual,6310000,13,5.0,,256.0,APPLE,Upper Mid (5M-10M)
iphone 13,iPhone 13 128GB/256GB/512GB Second BEKAS ORIGINAL 100% MULUS NORMAL FULLSET Kondisi Perfect,Rp6.460.000,4.8,7 terjual,6460000,7,4.8,,256.0,APPLE,Upper Mid (5M-10M)
iphone 13,PROMO iPhone 13 128gb 256gb NEW BNIB garansi resmi apple iBox 1 tahun,Rp14.460.000,5.0,3 terjual,14460000,3,5.0,,128.0,APPLE,Flagship (>10M)
iphone 13,IPHONE 13 256 GB LOCK ICLOUD,Rp4.500.000,5.0,40+ terjual,4500000,40,5.0,,256.0,APPLE,Mid-Range (2M-5M)
iphone 13,iphone 13 128 inter secondd,Rp1.000.000,5.0,27 terjual,1000000,27,5.0,,,APPLE,Entry-Level (<2M)
iphone 13,APPLE IPHONE 13 4/128GB LAYAR SUPER RETINA XDR OLED ORIGINAL GARANSI RESMI,Rp9.150.000,5.0,10 terjual,9150000,10,5.0,4.0,128.0,APPLE,Upper Mid (5M-10M)
iphone 13,Iphone 13 128/256 ex ibox,Rp7.864.000,5.0,7 terjual,7864000,7,5.0,,256.0,APPLE,Upper Mid (5M-10M)
iphone 13,iphone 13 ibox 128 starlighg,Rp4.310.000,5.0,7 terjual,4310000,7,5.0,,,APPLE,Mid-Range (2M-5M)
iphone 13,iphone 13 internal 256 garansi resmi,Rp6.960.000,5.0,2 terjual,6960000,2,5.0,,,APPLE,Upper Mid (5M-10M)
iphone 13,appel iphone 13 128 GB bekas,Rp3.960.000,5.0,2 terjual,3960000,2,5.0,,128.0,APPLE,Mid-Range (2M-5M)
iphone 13,iphone 13 128 GB & 256 GB,Rp5.460.000,5.0,2 terjual,5460000,2,5.0,,128.0,APPLE,Upper Mid (5M-10M)
iphone 13,iPhone13 128GB/256GB/512GB Second Ori Mulus Fullset,Rp5.360.000,5.0,2 terjual,5360000,2,5.0,,256.0,APPLE,Upper Mid (5M-10M)
iphone 13,IPHONE 13 INTER 128GB WARNA RANDOM,Rp4.659.000,5.0,3 terjual,4659000,3,5.0,,128.0,APPLE,Mid-Range (2M-5M)
iphone 13,"Second iPhone 13 128GB Blue Resmi Garansi iBox, Mulus,Fullset Original",Rp10.020.000,5.0,24 terjual,10020000,24,5.0,,128.0,APPLE,Flagship (>10M)
iphone 13,APPLE IPHONE 13 BLUE 256GB ORIGINAL MULUS MANTAP FULLSET,Rp5.650.000,5.0,5 terjual,5650000,5,5.0,,256.0,APPLE,Upper Mid (5M-10M)
iphone 13,IPHONE 13 128GB All OPRATOR (HARUS GANTI RSIM) ini,Rp1.960.000,5.0,11 terjual,1960000,11,5.0,,128.0,APPLE,Entry-Level (<2M)
iphone 13,Iphone 13 128Gb garansi ibox,Rp6.560.000,5.0,1 terjual,6560000,1,5.0,,128.0,APPLE,Upper Mid (5M-10M)
iphone 13,Iphone 13 new (buka segel dus) ibox murah,Rp5.560.000,5.0,8 terjual,5560000,8,5.0,,,APPLE,Upper Mid (5M-10M)
iphone 13,Iphone 13 128gb pink bypass wifi only,Rp3.960.000,1.0,1 terjual,3960000,1,1.0,,128.0,APPLE,Mid-Range (2M-5M)
iphone 13,【BISA PayLater & COD】MossWood Kasur Spring Bed Cool C1 25cm Senyap Anti-slip Bisa tanpa Divan FREE Bantal,Rp1.214.046,4.9,50rb+ terjual,1214046,50000,4.9,,,OTHER,Entry-Level (<2M)
iphone 13,"【9.9 Mega Sale s/d 20%*】HUAWEI MatePad SE 11"" Tablet [4+128GB] |  FHD+ Eye Comfort Display | 7700mAh | Metal Unibody",Rp3.999.000,4.9,10rb+ terjual,3999000,10000,4.9,,128.0,OTHER,Mid-Range (2M-5M)
iphone 13,"POCO C81 Pro (4GB/128G) (4GB/64GB) | Layar imersif 6.9"" | HP 1 Jutaan [Xiaomi Official Store]",Rp1.977.080,5.0,10rb+ terjual,1977080,10000,5.0,4.0,128.0,XIAOMI,Entry-Level (<2M)
iphone 13,Samsung Galaxy A07 LTE 4/64GB,Rp2.099.000,4.9,10rb+ terjual,2099000,10000,4.9,4.0,64.0,SAMSUNG,Mid-Range (2M-5M)
iphone 13,(MS x RBS.gadget) iPhone 15 128GB Garansi Resmi Indo 1 Tahun,Rp12.418.218,5.0,9rb+ terjual,12418218,9000,5.0,,128.0,APPLE,Flagship (>10M)
iphone 13,Samsung Galaxy A07 LTE 6/128GB,Rp3.299.000,5.0,7rb+ terjual,3299000,7000,5.0,6.0,128.0,SAMSUNG,Mid-Range (2M-5M)
iphone 13,Infinix Smart 20 MediaTek Helio G81 [4/64GB] [4/128GB] - Garansi Resmi,Rp1.869.000,5.0,4rb+ terjual,1869000,4000,5.0,4.0,64.0,INFINIX,Entry-Level (<2M)
iphone 13,IPHONE 15 128 GB | 256 GB | 512 GB GARANSI RESMI APPLE INDONESIA,Rp12.672.168,5.0,2rb+ terjual,12672168,2000,5.0,,128.0,APPLE,Flagship (>10M)
iphone 13,"[SUPERZOOM FLASHSNAP] TECNO CAMON 50 8GB+8GB*/128GB, 50MP Sony + 8MP Ultra Wide, 32MP Front Camera, 1.5K 144Hz AMOLED, Mediatek Helio G200 Ultimate , IP69K, 45W Ultra Charging, camon50",Rp4.099.000,4.9,4rb+ terjual,4099000,4000,4.9,,,TECNO,Mid-Range (2M-5M)
iphone 13,"Samsung Galaxy A17 LTE 8/128GB, 8/256GB dan 5G 8/256GB, Original, Bergaransi Resmi",Rp4.599.000,5.0,2rb+ terjual,4599000,2000,5.0,8.0,128.0,SAMSUNG,Mid-Range (2M-5M)
iphone 13,[COLLINS] SAMSUNG GALAXY A57 5G 8GB 12GB / 128GB 256GB GARANSI RESMI SAMSUNG INDONESIA,Rp9.890.099,5.0,2rb+ terjual,9890099,2000,5.0,12.0,128.0,SAMSUNG,Upper Mid (5M-10M)
iphone 13,Samsung Galaxy A07 [4/64 GB] [4/128 GB] [8/256 GB] Garansi Resmi Indonesia,Rp2.099.000,4.9,3rb+ terjual,2099000,3000,4.9,4.0,64.0,SAMSUNG,Mid-Range (2M-5M)
iphone 13,(MS X Tiktok) iPhone 15 128GB Garansi Resmi Indo 1 Tahun,Rp12.418.218,5.0,3rb+ terjual,12418218,3000,5.0,,128.0,APPLE,Flagship (>10M)
iphone 13,"vivo Y05 - Desain Premium, 6500mAh Tahan 3 Hari, IP65 Tahan Hujan, Tahan Banting Ekstrem, Origin OS Performa Lancar, Layar Ultra Tenang 1200nits",Rp2.299.000,5.0,2rb+ terjual,2299000,2000,5.0,,,VIVO,Mid-Range (2M-5M)
iphone 13,Laptop HP AMD Ryzen 3 Radeon 8GB RAM 256GB / 512GB SSD Gold / Silver Windows 11 Home 14 Inch Garansi 2 Tahun Official [Exclusive Free LocknLock],Rp10.058.340,4.9,1rb+ terjual,10058340,1000,4.9,8.0,512.0,OTHER,Flagship (>10M)
iphone 13,Samsung Galaxy A17 5G 8/256GB,Rp5.299.000,4.9,2rb+ terjual,5299000,2000,4.9,8.0,256.0,SAMSUNG,Upper Mid (5M-10M)
iphone 13,"[NEW LAUNCH] vivo Y29 (6/128) - Design Marmer Eksklusif, 6500mAh Tahan 3 Hari, Tahan Banting Ekstrem, IP69 Tahan Air Ekstrem, AI Erase 2.0 + AI Circle to Search",Rp3.459.000,4.9,2rb+ terjual,3459000,2000,4.9,6.0,128.0,VIVO,Mid-Range (2M-5M)
iphone 13,"ASUS Vivobook Go 14 E1404GA i3-N305 8GB SSD 256/512GB 14"" FHD W11 OHS",Rp9.609.000,5.0,1rb+ terjual,9609000,1000,5.0,,512.0,VIVO,Upper Mid (5M-10M)
iphone 13,ZTE V80 Max [6/128 GB] [8/128GB] Garansi Resmi Indonesia,Rp2.249.000,5.0,1rb+ terjual,2249000,1000,5.0,6.0,128.0,OTHER,Mid-Range (2M-5M)
iphone 13,"TTS PROMO | Apple iPad Gen 11 2025 11"" 256GB / 128GB Wifi Only - A16 Chip",Rp8.154.000,4.9,2rb+ terjual,8154000,2000,4.9,,128.0,APPLE,Upper Mid (5M-10M)
iphone 13,Infinix Hot 70 NFC [6/128 GB] [6/256 GB] [8/128 GB] Garansi Resmi Indonesia,Rp2.629.000,5.0,1rb+ terjual,2629000,1000,5.0,6.0,128.0,INFINIX,Mid-Range (2M-5M)
iphone 13,Xiaomi Redmi 17 (6/256 - 6/128 - 4/128) Garansi Resmi Tam New,Rp2.869.000,4.9,4rb+ terjual,2869000,4000,4.9,6.0,256.0,XIAOMI,Mid-Range (2M-5M)
iphone 13,"[5x SUPERZOOM FLASHSNAP] TECNO CAMON 50 PRO 5G 8GB+8GB*/256GB, 50MP Sony LYT-700C, 50MP 3x Telephoto Camera, MediaTek Dimensity 7400 Ultimate 5G, IP69K, 6500mAh, Android 16, camon50pro",Rp5.599.000,4.9,1rb+ terjual,5599000,1000,4.9,,,TECNO,Upper Mid (5M-10M)
iphone 13,"[ONLINE EXCLUSIVE] vivo V60 Lite 4G (8/128) 50MP Sony Camera, 6500 mAh + 90W FlashCharge, Bypass Charging, AI Four-Seasons, SGS 5-Star Drop Resistance",Rp5.059.000,4.9,1rb+ terjual,5059000,1000,4.9,8.0,128.0,VIVO,Upper Mid (5M-10M)
iphone 13,Tecno Spark 50 ( 4/128Gb 6/128Gb 8/128Gb ) Garansi Resmi Tecno New,Rp2.369.000,4.9,3rb+ terjual,2369000,3000,4.9,4.0,128.0,TECNO,Mid-Range (2M-5M)
iphone 13,Apple iPhone 17 256 GB 512GB  Garansi Resmi Indonesia,Rp17.799.000,5.0,500+ terjual,17799000,500,5.0,,256.0,APPLE,Flagship (>10M)
iphone 13,Apple Iphone 15 128Gb 256Gb Garansi Resmi Indonesia,Rp14.714.000,4.9,2rb+ terjual,14714000,2000,4.9,,128.0,APPLE,Flagship (>10M)
iphone 13,"[CO] APPLE Macbook Neo A18 Pro Chip 2026 5-Core GPU 6-Core CPU 13.6"" Resmi Indonesia",Rp11.984.041,5.0,750+ terjual,11984041,750,5.0,,,APPLE,Flagship (>10M)
iphone 13,Iphone 11 Pro Max 256gb Bekas Fullset,Rp4.560.000,4.9,500+ terjual,4560000,500,4.9,,256.0,APPLE,Mid-Range (2M-5M)
iphone 13,"ASUS Vivobook 14 A1404VAP i5-120U 16GB 512GB 14"" FHD IPS Iris XE W11 OHS",Rp11.939.000,4.9,1rb+ terjual,11939000,1000,4.9,,,VIVO,Flagship (>10M)
iphone 13,Apple iPhone 11 64GB 128GB 256GB Original Seken Second Bekas Mulus Inter BC IBOX,Rp3.759.000,4.9,250+ terjual,3759000,250,4.9,,64.0,APPLE,Mid-Range (2M-5M)
iphone 14,[ BEST SELLER ] Apple iPhone 17 256GB / iPhone 16 / iPhone 15 / iPhone 14 128GB Garansi Resmi,Rp12.643.000,4.9,1rb+ terjual,12643000,1000,4.9,,256.0,APPLE,Flagship (>10M)
iphone 14,APPLE iPhone 14 - iPhone 13 - iPhone 15 - iPhone 17 GARANSI RESMI INDONESIA,Rp12.599.000,5.0,250+ terjual,12599000,250,5.0,,,APPLE,Flagship (>10M)
iphone 14,IPHONE 14 128 256 512 GB 1 TB  - IBOX / RESMI,Rp9.780.000,5.0,90+ terjual,9780000,90,5.0,,512.0,APPLE,Upper Mid (5M-10M)
iphone 14,Apple iPhone 14 - Garansi Resmi Indonesia,Rp9.809.000,5.0,40+ terjual,9809000,40,5.0,,,APPLE,Upper Mid (5M-10M)
iphone 14,IP 14 Second  INTER 128GB 256GB FULLSET MULUS SECOND WIFI ONLY,Rp3.220.000,4.6,250+ terjual,3220000,250,4.6,,128.0,OTHER,Mid-Range (2M-5M)
iphone 14,IP 14 Second ASLI 100% 128GB/256GB MULUS NORMAL FULLSET BH 95%+ Kondisi Perfect,Rp3.290.000,4.5,250+ terjual,3290000,250,4.5,,256.0,OTHER,Mid-Range (2M-5M)
iphone 14,IBOX iP 14 128GB Second BEKAS ORIGINAL 100% Seken Apple | MULUS 14 NORMAL FULLSET,Rp5.090.000,4.9,90+ terjual,5090000,90,4.9,,128.0,APPLE,Upper Mid (5M-10M)
iphone 14,Iphone 14 128Gb / 256Gb / 512Gb Second Fullset,Rp6.350.000,5.0,50+ terjual,6350000,50,5.0,,256.0,APPLE,Upper Mid (5M-10M)
iphone 14,iphone 14 ibox 128gb /256gb resmi ex iBox fullset ori,Rp10.300.000,4.9,40+ terjual,10300000,40,4.9,,256.0,APPLE,Flagship (>10M)
iphone 14,Apple iPhone 13 128GB iPhone 14 128GB iPhone 17 256GB Garansi Resmi 1 Tahun iBox GDN Digimap,Rp11.590.000,5.0,40+ terjual,11590000,40,5.0,,128.0,APPLE,Flagship (>10M)
iphone 14,Iphone 14 128Gb / 256Gb / 512Gb Second Fullset Imei Terdaftar (Sinyal Permanen),Rp8.000.000,5.0,23 terjual,8000000,23,5.0,,256.0,APPLE,Upper Mid (5M-10M)
iphone 14,iPhone 14 garansi resmi iBox,Rp8.959.000,5.0,13 terjual,8959000,13,5.0,,,APPLE,Upper Mid (5M-10M)
iphone 14,IPHONE 14 128GB - LIKE NEW,Rp6.759.000,5.0,10 terjual,6759000,10,5.0,,128.0,APPLE,Upper Mid (5M-10M)
iphone 14,APPLE IPHONE 14 128GB APPLE IPHONE14 128GB IBOX INDONESIA,Rp8.280.000,5.0,18 terjual,8280000,18,5.0,,128.0,APPLE,Upper Mid (5M-10M)
iphone 14,Iphone14 128gb Inter Original All Operator Fullset Mulus,Rp5.710.000,5.0,28 terjual,5710000,28,5.0,,128.0,APPLE,Upper Mid (5M-10M)
iphone 14,iphone 14 128GB/256GB/512GB Second Original Mulus Normal Fullset,Rp6.250.000,4.8,30+ terjual,6250000,30,4.8,,256.0,APPLE,Upper Mid (5M-10M)
iphone 14,IPHONE 14 128GB 256GB 512GB NEW IBOX,Rp11.840.000,5.0,40+ terjual,11840000,40,5.0,,128.0,APPLE,Flagship (>10M)
iphone 14,Apple iPhone 14 512GB 256GB 128GB Gransi Resmi iBox Indonesia,Rp8.405.000,5.0,24 terjual,8405000,24,5.0,,512.0,APPLE,Upper Mid (5M-10M)
iphone 14,NEW APPLE IPHONE 17 16 15 14 13 | 512GB 256GB 128GB NEW GARANSI RESMI SEGEL,Rp12.649.000,5.0,750+ terjual,12649000,750,5.0,,512.0,APPLE,Flagship (>10M)
iphone 14,iPhone 14 Garansi Resmi | 128Gb | 256Gb | 512Gb Fullset Resmi Original,Rp6.525.508,5.0,12 terjual,6525508,12,5.0,,128.0,APPLE,Upper Mid (5M-10M)
iphone 14,IPHONE 14 128GB  - LIKE NEW,Rp6.719.000,5.0,14 terjual,6719000,14,5.0,,128.0,APPLE,Upper Mid (5M-10M)
iphone 14,100% Original Iphone 14 128GB|256GB|512GB - Second Fullset - Garansi,Rp6.660.000,5.0,4 terjual,6660000,4,5.0,,128.0,APPLE,Upper Mid (5M-10M)
iphone 14,iphone 13 /14/15 new segel garansi resmi,Rp12.839.000,5.0,13 terjual,12839000,13,5.0,,,APPLE,Flagship (>10M)
iphone 14,Apple iPhone 14 128GB Layar Super Retina XDR Chip A15 Bionic Dual Kamera 12MP Smartphone Terbaru,Rp9.959.000,5.0,6 terjual,9959000,6,5.0,,128.0,APPLE,Upper Mid (5M-10M)
iphone 14,iBox | iPhone 14 | Second | Resmi | Fullset,Rp8.775.408,5.0,9 terjual,8775408,9,5.0,,,APPLE,Upper Mid (5M-10M)
iphone 14,"iPhone 14 128GB Second Original100% INTER 6.1""OLED-Ori Fullset Mulus Normal Phone 3uTools All Green",Rp5.948.000,5.0,6 terjual,5948000,6,5.0,,128.0,APPLE,Upper Mid (5M-10M)
iphone 14,iPhone 14 Second 128GB 256GB Fullset Original Garansi Resmi,Rp10.101.000,5.0,3 terjual,10101000,3,5.0,,128.0,APPLE,Flagship (>10M)
iphone 14,(KOHCUN X PDW) iPhone 14 128GB 256GB 512GB - Garansi Resmi,Rp12.818.000,5.0,6 terjual,12818000,6,5.0,,128.0,APPLE,Flagship (>10M)
iphone 14,Apple iPhone 14 512GB 256GB 128GB Original Garansi Resmi iBox Indonesia,Rp6.150.000,5.0,10 terjual,6150000,10,5.0,,512.0,APPLE,Upper Mid (5M-10M)
iphone 14,Apple iPhone 14 | Iphone 14 Plus 128gb 256gb Garansi Resmi Ibox-Inter - Fullset Like New - FULLSET IBOX,Rp6.410.000,5.0,5 terjual,6410000,5,5.0,,128.0,APPLE,Upper Mid (5M-10M)
iphone 14,Iphone 14 128gb Second BU!,Rp5.959.999,5.0,4 terjual,5959999,4,5.0,,128.0,APPLE,Upper Mid (5M-10M)
iphone 14,iPhone 14 128gb NEW SEGEL RESMI,Rp8.460.000,5.0,5 terjual,8460000,5,5.0,,128.0,APPLE,Upper Mid (5M-10M)
iphone 14,Second iPhone 14 128gb 256gb Fullset No Minus All Operator Resmi,Rp6.610.000,5.0,4 terjual,6610000,4,5.0,,128.0,APPLE,Upper Mid (5M-10M)
iphone 14,iPhone 14 Second Original All Operator // 128GB 256GB 512GB,Rp7.150.000,5.0,3 terjual,7150000,3,5.0,,128.0,APPLE,Upper Mid (5M-10M)
iphone 14,iPhone 14 128 Garansi Resmi,Rp8.760.000,5.0,5 terjual,8760000,5,5.0,,,APPLE,Upper Mid (5M-10M)
iphone 14,iPhone 14 128GB 256GB 512GB Second All Provider & Bea Cukai Original Like New Fullset Bergaransi,Rp7.429.500,5.0,6 terjual,7429500,6,5.0,,128.0,APPLE,Upper Mid (5M-10M)
iphone 14,iPhone 14 128gb inter fullset second,Rp5.960.000,5.0,1 terjual,5960000,1,5.0,,128.0,APPLE,Upper Mid (5M-10M)
iphone 14,Iphone 14 256 gb IBOX,Rp13.810.000,5.0,1 terjual,13810000,1,5.0,,256.0,APPLE,Flagship (>10M)
iphone 14,Iphone 14 128gb ex inter fulset,Rp5.960.000,5.0,3 terjual,5960000,3,5.0,,128.0,APPLE,Upper Mid (5M-10M)
iphone 14,[Secondhand] IPHONE 14 & iphone 14 Plus RAM 128GB 256GB  BEKAS ORIGINAL 100% MULUS NORMAL FULLSET Kondisi Perfect Hijau Smartphone Led Lcd,Rp5.960.000,5.0,30+ terjual,5960000,30,5.0,,128.0,APPLE,Upper Mid (5M-10M)
iphone 14,IPHONE 14 128 IBOX RESMI BEACUKAI,Rp6.720.000,5.0,3 terjual,6720000,3,5.0,,,APPLE,Upper Mid (5M-10M)
iphone 14,iphone 14 128gb second intr,Rp6.360.000,5.0,2 terjual,6360000,2,5.0,,128.0,APPLE,Upper Mid (5M-10M)
iphone 14,iPhone 14 128GB/256GB/512GB Second BEKAS ORIGINAL 100% MULUS NORMAL FULLSET Kondisi Perfect,Rp7.460.000,1.0,1 terjual,7460000,1,1.0,,256.0,APPLE,Upper Mid (5M-10M)
iphone 14,APPLE iPhone 15 128GB 256GB 512GB A16 Bionic CPU 6C / GPU 5C Garansi Resmi Apple Indonesia,Rp12.539.000,5.0,10rb+ terjual,12539000,10000,5.0,,128.0,APPLE,Flagship (>10M)
iphone 14,"vivo iQOO Neo 10, 1st Snapdragon 8s Gen 4 + Q1 (Dual Chipset), 7K VC Cooling System, 7000 mAH + 120 watt, 144Hz AMOLED, 50MP Sony IMX OIS + 8MP wide Angle",Rp6.759.000,4.9,7rb+ terjual,6759000,7000,4.9,,,VIVO,Upper Mid (5M-10M)
iphone 14,APPLE iPhone 15 128GB 256GB A16 Bionic CPU 6C / GPU 5C Garansi Resmi Apple Indonesia,Rp12.459.000,5.0,9rb+ terjual,12459000,9000,5.0,,128.0,APPLE,Flagship (>10M)
iphone 14,IBOX Apple iPhone 15 128GB 256GB 512GB Blue Pink Yellow Green,Rp12.643.000,5.0,4rb+ terjual,12643000,4000,5.0,,128.0,APPLE,Flagship (>10M)
iphone 14,(CG x K) - iPhone 15 128 & 256gb Garansi Resmi,Rp12.590.000,5.0,6rb+ terjual,12590000,6000,5.0,,256.0,APPLE,Flagship (>10M)
iphone 14,(TP) iPhone 15 128 & 256gb Garansi Resmi,Rp12.590.000,5.0,6rb+ terjual,12590000,6000,5.0,,256.0,APPLE,Flagship (>10M)
iphone 14,[COLLINS X ONETECH] APPLE iPhone 15 128GB 256GB 512GB A16 Bionic CPU 6C / GPU 5C Garansi Resmi Apple Indonesia,Rp12.539.000,5.0,4rb+ terjual,12539000,4000,5.0,,128.0,APPLE,Flagship (>10M)
iphone 14,BEST SELLER | Apple iPhone 15 128GB 256GB 512GB Garansi Resmi,Rp12.468.000,5.0,2rb+ terjual,12468000,2000,5.0,,128.0,APPLE,Flagship (>10M)
iphone 14,[Diskon 9.9 s/d 15%] SUPER BRAND DAY ITEL SUPER 26 ULTRA - T7300 Ultra Gaming Processor - Corning Gorilla 7i - IP65 - 3D Curved Amoled Screen- 32MP Selfie Camera - 6000mAH,Rp3.139.000,4.9,2rb+ terjual,3139000,2000,4.9,,,ITEL,Mid-Range (2M-5M)
iphone 14,Apple iPhone 15 Garansi Resmi 128GB 256GB 512GB,Rp12.594.000,5.0,2rb+ terjual,12594000,2000,5.0,,128.0,APPLE,Flagship (>10M)
iphone 14,[K] Apple iPad 11 A16 2025 11-inch 128GB 256GB 512GB Silver Blue Yellow Pink,Rp8.147.999,5.0,1rb+ terjual,8147999,1000,5.0,,128.0,APPLE,Upper Mid (5M-10M)
iphone 14,Apple iPhone 15 [128GB | 256GB] Garansi Resmi 1 Tahun,Rp12.530.000,5.0,1rb+ terjual,12530000,1000,5.0,,128.0,APPLE,Flagship (>10M)
iphone 14,(MS x RBS.gadget) iPhone 16 128GB 256GB 512GB New Garansi Resmi Indo 1 tahun,Rp15.189.931,5.0,1rb+ terjual,15189931,1000,5.0,,128.0,APPLE,Flagship (>10M)
iphone 14,(CG x Irvan) iPhone 15 128 & 256gb Garansi Resmi,Rp12.690.000,5.0,1rb+ terjual,12690000,1000,5.0,,256.0,APPLE,Flagship (>10M)
iphone 14,Samsung Galaxy A57 5G 12/256Gb 8/256Gb 8/128Gb Garansi Resmi Sein,Rp6.074.000,4.9,2rb+ terjual,6074000,2000,4.9,12.0,256.0,SAMSUNG,Upper Mid (5M-10M)
iphone 14,[PROMO CO] APPLE iPhone 15 128GB 256GB Ready All Colors GARANSI RESMI IBOX INDONESIA SEGEL GREENPEEL,Rp12.079.921,5.0,750+ terjual,12079921,750,5.0,,128.0,APPLE,Flagship (>10M)
iphone 14,Apple iPhone 15 128GB 256GB 512GB l Original l IBOX/DIGIMAP/GDN | Garansi Resmi 1 Tahun (tokopedia),Rp12.584.000,5.0,1rb+ terjual,12584000,1000,5.0,,128.0,APPLE,Flagship (>10M)
iphone 14,Laptop HP 14 AMD Ryzen 7 Radeon 16GB RAM 512GB SSD Silver Windows 11 Home 14 Inch Garansi 2 Tahun Official [Exclusive Free LocknLock],Rp14.138.360,5.0,500+ terjual,14138360,500,5.0,16.0,,OTHER,Flagship (>10M)
iphone 14,"Samsung Galaxy S25 Series. S25 12/256GB 12/512GB, S25 Plus 12/256GB 12/512GB, S25 Ultra 12/256GB 12/512GB 12/1TB, Handphone AI, Kamera 200MP, Original, GARANSI SEIN",Rp12.399.000,5.0,250+ terjual,12399000,250,5.0,12.0,256.0,SAMSUNG,Flagship (>10M)
iphone 14,"[NEW LAUNCH] vivo V60 Lite 4G (8/256) 50MP Sony Camera, 6500 mAh + 90W FlashCharge, Bypass Charging, AI Four-Seasons, SGS 5-Star Drop Resistance",Rp5.959.000,4.9,250+ terjual,5959000,250,4.9,8.0,256.0,VIVO,Upper Mid (5M-10M)
iphone 14,Samsung Galaxy S25 FE [8/256GB] | Smartphone AI | Android | Galaxy AI | 4900 mAh | Exynos 2400,Rp11.499.000,4.9,500+ terjual,11499000,500,4.9,8.0,256.0,SAMSUNG,Flagship (>10M)
iphone 14,iPhone 17 256GB 512GB A19 Chip Black White Mist Blue Sage Lavender,Rp22.798.000,4.9,500+ terjual,22798000,500,4.9,,256.0,APPLE,Flagship (>10M)
iphone 14,iPhone 15 128 GB Baru Garansi Resmi Indonesia,Rp12.890.000,5.0,500+ terjual,12890000,500,5.0,,128.0,APPLE,Flagship (>10M)
iphone 14,VELG DELKEVIC K-SPEED RING 14 MIO SPORTY BEAT/VARIO PALANG 5 VARIO 110/125/150 AEROX NMAX NEW VELG BINTANG LAUT Motorcycle,Rp1.910.000,4.8,500+ terjual,1910000,500,4.8,,,OTHER,Entry-Level (<2M)
iphone 14,Iphone 14 Pro 128Gb / 256Gb / 512Gb / 1TB Second Fullset,Rp9.000.000,5.0,250+ terjual,9000000,250,5.0,,256.0,APPLE,Upper Mid (5M-10M)
iphone 14,[PROMO] APPLE iPhone 15 128GB 256GB 512GB A16 Bionic CPU 6C / GPU 5C Garansi Resmi Apple Indonesia,Rp12.559.000,5.0,250+ terjual,12559000,250,5.0,,128.0,APPLE,Flagship (>10M)
iphone 14,[ TP ] APPLE IPHONE 15 ( 128GB ) GARANSI RESMI INDONESIA,Rp12.549.000,5.0,750+ terjual,12549000,750,5.0,,128.0,APPLE,Flagship (>10M)
iphone 14,iPhone 16e Garansi Resmi Indonesia,Rp11.005.000,5.0,250+ terjual,11005000,250,5.0,,,APPLE,Flagship (>10M)
iphone 14,[CO] APPLE iPhone 15 -  iPhone 16 -  iPhone 17 - iPhone 17 Pro - iPhone 17 Pro Max Garansi Resmi Apple Indonesia,Rp12.079.921,5.0,250+ terjual,12079921,250,5.0,,,APPLE,Flagship (>10M)
iphone 14,[PROMO CO] APPLE iPhone 15 128GB 256GB 512GB A16 Bionic CPU 6C / GPU 5C Garansi Resmi Apple Indonesia,Rp12.079.921,5.0,500+ terjual,12079921,500,5.0,,128.0,APPLE,Flagship (>10M)
iphone 14,APPLE IPHONE 15 128GB GARANSI RESMI INDONESIA 1 TAHUN,Rp12.589.000,5.0,250+ terjual,12589000,250,5.0,,128.0,APPLE,Flagship (>10M)
iphone 14,Iphone 14 Pro Max 128Gb/ 256Gb / 512Gb / 1TB Second Fullset,Rp10.000.000,4.9,100+ terjual,10000000,100,4.9,,256.0,APPLE,Upper Mid (5M-10M)
iphone 14,( Special Creator ) Apple Iphone 15 128Gb/256Gb/512Gb Garansi Resmi,Rp12.638.000,4.9,100+ terjual,12638000,100,4.9,,256.0,APPLE,Flagship (>10M)
iphone 14,"[NEW LAUNCH] vivo V70 5G 10x Telephoto Zoom, AI Stage Mode, 4K 60 fps Video Recording, AI Travel Portrait, OriginOS 6.0",Rp9.999.000,4.9,100+ terjual,9999000,100,4.9,,,VIVO,Upper Mid (5M-10M)
iphone 14,(Special Live) iPhone 17 256GB 512GB New Garansi Resmi Indo 1 tahun,Rp17.948.900,5.0,100+ terjual,17948900,100,5.0,,256.0,APPLE,Flagship (>10M)
iphone 14,[Live] Apple iPhone 15 128GB Garansi Resmi Indonesia,Rp12.490.000,4.9,250+ terjual,12490000,250,4.9,,128.0,APPLE,Flagship (>10M)
iphone 14,Infinix Smart 20 4/64GB - Up to 8GB Extended RAM - Mediatek Helio G81 - 6.78” - 8MP - 5200 mAh - IP64,Rp1.919.000,4.9,250+ terjual,1919000,250,4.9,4.0,64.0,INFINIX,Entry-Level (<2M)
iphone 14,Apple iPhone 15 Series Garansi Resmi Iphone,Rp14.779.328,5.0,250+ terjual,14779328,250,5.0,,,APPLE,Flagship (>10M)
iphone 14,Iphone 16 128 GB Baru Garansi Resmi Indonesia,Rp16.760.000,5.0,100+ terjual,16760000,100,5.0,,128.0,APPLE,Flagship (>10M)
iphone 14,Apple iPhone 17 256GB 512GB Sage Black Garansi Resmi,Rp17.994.500,4.9,250+ terjual,17994500,250,4.9,,256.0,APPLE,Flagship (>10M)
iphone 15,Apple iPhone 15 Garansi Resmi 128GB/256GB/512GB FS,Rp12.555.000,5.0,9rb+ terjual,12555000,9000,5.0,,256.0,APPLE,Flagship (>10M)
iphone 15,iPhone 15 Garansi Resmi Promo,Rp12.489.000,5.0,5rb+ terjual,12489000,5000,5.0,,,APPLE,Flagship (>10M)
iphone 15,(RESMI) iPhone 15 512GB 256GB 128GB Green Blue Pink Yellow Black,Rp14.651.485,5.0,3rb+ terjual,14651485,3000,5.0,,512.0,APPLE,Flagship (>10M)
iphone 15,iPhone 15 Garansi Resmi Indonesia,Rp12.489.000,5.0,2rb+ terjual,12489000,2000,5.0,,,APPLE,Flagship (>10M)
iphone 15,iPhone 15 128GB Brand New Garansi Resmi Apple Indonesia,Rp12.418.218,5.0,1rb+ terjual,12418218,1000,5.0,,128.0,APPLE,Flagship (>10M)
iphone 15,(PROMO) IPHONE 15 / IPHONE 16 / IPHONE 17 128GB 256GB GARANSI RESMI IBOX,Rp12.599.000,4.9,4rb+ terjual,12599000,4000,4.9,,128.0,APPLE,Flagship (>10M)
iphone 15,Apple iPhone 15 128GB Garansi Resmi,Rp12.596.000,4.9,9rb+ terjual,12596000,9000,4.9,,128.0,APPLE,Flagship (>10M)
iphone 15,iPhone 15 128GB 256GB Garansi Resmi Indonesia 1 Tahun Kawan Gadget Original,Rp14.651.485,5.0,2rb+ terjual,14651485,2000,5.0,,128.0,APPLE,Flagship (>10M)
iphone 15,[ FS ] Apple iPhone 15 128GB Black Blue Pink Yellow Green Garansi Resmi,Rp12.595.000,4.9,1rb+ terjual,12595000,1000,4.9,,128.0,APPLE,Flagship (>10M)
iphone 15,[ SPECIAL PROMO ] Apple iPhone 15 128GB 256GB Garansi Resmi,Rp12.508.000,5.0,1rb+ terjual,12508000,1000,5.0,,128.0,APPLE,Flagship (>10M)
iphone 15,Apple iPhone 15 128GB 256GB 512GB - Garansi RESMI,Rp12.490.000,5.0,750+ terjual,12490000,750,5.0,,128.0,APPLE,Flagship (>10M)
iphone 15,[COLLINS X WW] APPLE iPhone 15 128GB 256GB 512GB A16 Bionic CPU 6C / GPU 5C Garansi Resmi Apple Indonesia,Rp12.614.490,4.9,2rb+ terjual,12614490,2000,4.9,,128.0,APPLE,Flagship (>10M)
iphone 15,(CG x ROBI) iPhone 15 128 & 256gb Garansi Resmi,Rp12.590.000,5.0,1rb+ terjual,12590000,1000,5.0,,256.0,APPLE,Flagship (>10M)
iphone 15,[COLLINS X K] APPLE iPhone 15 128GB 256GB 512GB A16 Bionic CPU 6C / GPU 5C Garansi Resmi Apple Indonesia,Rp12.614.490,4.9,1rb+ terjual,12614490,1000,4.9,,128.0,APPLE,Flagship (>10M)
iphone 15,[ SPECIAL DEALS ] Apple iPhone 15 128GB 256GB 512GB Blue Pink Yellow Green Garansi Resmi,Rp11.970.000,5.0,500+ terjual,11970000,500,5.0,,128.0,APPLE,Flagship (>10M)
iphone 15,[PROMO]  iPHONE 15 & 16 128GB A16 BIONIC GARANSI RESMI INDONESIA,Rp12.599.000,5.0,1rb+ terjual,12599000,1000,5.0,,128.0,APPLE,Flagship (>10M)
iphone 15,[ Live ] Apple iPhone 15 128GB Garansi Resmi,Rp12.518.000,5.0,750+ terjual,12518000,750,5.0,,128.0,APPLE,Flagship (>10M)
iphone 15,Iphone 15 128 Gb / 256 Gb / 512 Gb Garansi Resmi Ibox / TAM,Rp12.625.000,5.0,250+ terjual,12625000,250,5.0,,256.0,APPLE,Flagship (>10M)
iphone 15,[COLLINS X ROBIBOIS] APPLE iPhone 15 128GB 256GB 512GB A16 Bionic CPU 6C / GPU 5C Garansi Resmi Apple Indonesia,Rp12.614.490,5.0,500+ terjual,12614490,500,5.0,,128.0,APPLE,Flagship (>10M)
iphone 15,[ BEST SELLER ] Apple iPhone 15 5G 128GB 256GB 512GB | not pro max 13 14,Rp11.970.999,5.0,250+ terjual,11970999,250,5.0,,128.0,APPLE,Flagship (>10M)
iphone 15,[ KC]  IPHONE 15 128GB A16 BIONIC GARANSI RESMI INDONESIA,Rp12.725.000,4.9,1rb+ terjual,12725000,1000,4.9,,128.0,APPLE,Flagship (>10M)
iphone 15,iPhone 15 128GB / 256GB / 512GB Garansi Resmi TAM iBOX,Rp13.149.000,5.0,250+ terjual,13149000,250,5.0,,256.0,APPLE,Flagship (>10M)
iphone 15,[Live] Apple iPhone 15 128GB Garansi Resmi,Rp12.490.000,4.8,1rb+ terjual,12490000,1000,4.8,,128.0,APPLE,Flagship (>10M)
iphone 15,[ Pickup ] Apple iPhone 15 128GB Black Blue Pink Yellow Green BNIB IMEI TERDAFTAR Garansi 1 Tahun Gadget Camera Kamera,Rp12.530.000,5.0,500+ terjual,12530000,500,5.0,,128.0,APPLE,Flagship (>10M)
iphone 15,(RB) Apple iPhone 15 128GB 256GB 512GB Garansi RESMI Indonesia,Rp12.498.000,4.9,750+ terjual,12498000,750,4.9,,128.0,APPLE,Flagship (>10M)
iphone 15,iPhone 15 Garansi resmi Indonesia - 128GB 256GB Cyrus Cell BEC cyruscellbec,Rp12.540.054,5.0,250+ terjual,12540054,250,5.0,,128.0,APPLE,Flagship (>10M)
iphone 15,iPhone 15 Garansi Resmi - 128GB / 256GB / 512GB Exclusive,Rp12.604.950,5.0,250+ terjual,12604950,250,5.0,,256.0,APPLE,Flagship (>10M)
iphone 15,iPhone 15 128GB I 256GB I 512GB Garansi Resmi,Rp12.561.000,5.0,250+ terjual,12561000,250,5.0,,128.0,APPLE,Flagship (>10M)
iphone 15,iPhone 15 128GB 256GB 512GB Blue Pink Yellow Green Garansi Resmi,Rp12.643.000,5.0,250+ terjual,12643000,250,5.0,,128.0,APPLE,Flagship (>10M)
iphone 15,Apple iPhone 15 | 128GB 256GB | Garansi Resmi Indonesia,Rp12.699.000,5.0,100+ terjual,12699000,100,5.0,,128.0,APPLE,Flagship (>10M)
iphone 15,[COLLINS X IG] APPLE iPhone 15 128GB 256GB 512GB A16 Bionic CPU 6C / GPU 5C Garansi Resmi Apple Indonesia,Rp12.674.490,5.0,250+ terjual,12674490,250,5.0,,128.0,APPLE,Flagship (>10M)
iphone 15,[ FS ] APPLE iPhone 15 128GB 256GB GARANSI RESMI,Rp12.596.000,5.0,250+ terjual,12596000,250,5.0,,128.0,APPLE,Flagship (>10M)
iphone 15,Resmi-iPhone 15 - Garansi Resmi Indonesia 1 Tahun,Rp12.999.000,5.0,100+ terjual,12999000,100,5.0,,,APPLE,Flagship (>10M)
iphone 15,(RESMI) Apple iPhone 15 128GB 256GB 512GB  Black Blue Pink Green Yellow Garansi Resmi Indonesia,Rp12.489.000,5.0,250+ terjual,12489000,250,5.0,,128.0,APPLE,Flagship (>10M)
iphone 15,APPLE iPhone 15 128GB 256GB 512GB A16 Bionic CPU 6C / GPU 5C Resmi IBOX,Rp12.499.000,5.0,250+ terjual,12499000,250,5.0,,128.0,APPLE,Flagship (>10M)
iphone 15,Iphone 15 ibox  resmi 128gb 256gb | iphone 15 plus 128gb 256gb 512gb,Rp10.700.000,4.9,100+ terjual,10700000,100,4.9,,128.0,APPLE,Flagship (>10M)
iphone 15,Apple iPhone 15 128GB / 256GB A16 Bionic Ready All Colors GARANSI RESMI IBOX INDONESIA SEGEL GREENPEEL,Rp12.559.000,4.9,250+ terjual,12559000,250,4.9,,256.0,APPLE,Flagship (>10M)
iphone 15,APPLE IPHONE 15 128 GB GARANSI RESMI IBOX TERMURAH,Rp13.859.000,5.0,100+ terjual,13859000,100,5.0,,128.0,APPLE,Flagship (>10M)
iphone 15,iPhone 15 128 GB Garansi Resmi iBox / tAm,Rp13.358.000,4.9,100+ terjual,13358000,100,4.9,,128.0,APPLE,Flagship (>10M)
iphone 15,Iphone 15 128/256/512 GB Garansi Resmi Indonesia,Rp12.625.000,5.0,100+ terjual,12625000,100,5.0,,256.0,APPLE,Flagship (>10M)
iphone 15,(RESMI)  iPhone  15 128GB,Rp12.860.000,4.9,100+ terjual,12860000,100,4.9,,128.0,APPLE,Flagship (>10M)
iphone 15,[ SPECIAL PROMO ] - Apple iPhone 15 128GB - Garansi Resmi,Rp12.508.000,4.8,250+ terjual,12508000,250,4.8,,128.0,APPLE,Flagship (>10M)
iphone 15,"IPHONE 15 128GB GARANSI RESMI INDONESIA | A16 BIONIC CHIP | 48MP + 12MP CAMERA | 6.1"" INCH SUPER RETINA XDR OLED",Rp12.559.000,4.9,250+ terjual,12559000,250,4.9,,128.0,APPLE,Flagship (>10M)
iphone 15,[ SELF PICKUP ] Apple iPhone 15 128GB Black Blue Pink Yellow Green BNIB IMEI TERDAFTAR Garansi 1 Tahun Gadget Camera Kamera,Rp12.530.000,4.9,100+ terjual,12530000,100,4.9,,128.0,APPLE,Flagship (>10M)
iphone 15,[Exclusive Affiliate] iPhone 15 128GB New Garansi Resmi iBox TAM/ GDN/ MAP,Rp12.649.000,5.0,100+ terjual,12649000,100,5.0,,128.0,APPLE,Flagship (>10M)
iphone 15,(MS x rbs.gadget) iPhone 15 256GB Garansi Resmi Indo 1 Tahun ibox tam GDN,Rp15.599.000,5.0,90+ terjual,15599000,90,5.0,,256.0,APPLE,Flagship (>10M)
iphone 15,iPhone 15 128GB  Garansi Resmi iBox TAM/GDN,Rp12.649.000,5.0,90+ terjual,12649000,90,5.0,,128.0,APPLE,Flagship (>10M)
iphone 15,APPLE IPHONE 15 GARANSI RESMI INDONESIA TAM|BLIBLI|DIGIMAP BNIB,Rp12.689.000,5.0,70+ terjual,12689000,70,5.0,,,APPLE,Flagship (>10M)
iphone 15,[DECA] APPLE iPhone 15 128GB 256GB 512GB A16 Bionic CPU 6C / GPU 5C Resmi IBOX,Rp12.499.000,5.0,250+ terjual,12499000,250,5.0,,128.0,APPLE,Flagship (>10M)
iphone 15,Apple Iphone 15 128GB Pink MTP13SA/A_G,Rp13.869.000,5.0,50+ terjual,13869000,50,5.0,,128.0,APPLE,Flagship (>10M)
iphone 15,Apple Iphone 15 128GB Garansi Resmi Indonesia NEW Segel BNIB,Rp12.559.000,5.0,70+ terjual,12559000,70,5.0,,128.0,APPLE,Flagship (>10M)
iphone 15,IPHONE 15 128 256 512 GB 1 TB - BRAND NEW IN BOX - IBOX / RESMI,Rp11.510.000,5.0,70+ terjual,11510000,70,5.0,,512.0,APPLE,Flagship (>10M)
iphone 15,"[ PROMO ] IPHONE 15 128GB GARANSI RESMI INDONESIA | A16 BIONIC CHIP | 48MP + 12MP CAMERA | 6.1"" INCH SUPER RETINA XDR OLED",Rp12.559.000,4.9,100+ terjual,12559000,100,4.9,,128.0,APPLE,Flagship (>10M)
iphone 15,[DZAKIYAH STORE] IPHONE 15 NEW GARANSI RESMI 1TAHUN,Rp13.619.000,5.0,50+ terjual,13619000,50,5.0,,,APPLE,Flagship (>10M)
iphone 15,iPhone 15 128gb new segel garansi resmi,Rp12.489.999,5.0,40+ terjual,12489999,40,5.0,,128.0,APPLE,Flagship (>10M)
iphone 15,Digitalisme x Promo Apple iPhone 15 128GB Garansi Resmi IBOX GDN DIGIMAP,Rp12.775.900,4.8,250+ terjual,12775900,250,4.8,,128.0,APPLE,Flagship (>10M)
iphone 15,iPhone 15 128 Second Resmi iBox & NEW SEGEL,Rp11.449.000,5.0,28 terjual,11449000,28,5.0,,,APPLE,Flagship (>10M)
iphone 15,IPHONE 15 / IPHONE 16 / IPHONE 17 128GB 256GB GARANSI RESMI IBOX,Rp12.599.000,5.0,90+ terjual,12599000,90,5.0,,128.0,APPLE,Flagship (>10M)
iphone 15,[ SPECIAL PROMO ] - Apple iPhone 15 128GB 256GB - Garansi Resmi Indonesia,Rp12.508.000,5.0,70+ terjual,12508000,70,5.0,,128.0,APPLE,Flagship (>10M)
iphone 15,IPHONE 15 INTER Second 128GB 256GB 512GB Fullset Mulus,Rp7.120.000,4.7,250+ terjual,7120000,250,4.7,,128.0,APPLE,Upper Mid (5M-10M)
iphone 15,Apple iPhone 15 128GB Black New Garansi Resmi [Best Seller],Rp12.879.000,5.0,30+ terjual,12879000,30,5.0,,128.0,APPLE,Flagship (>10M)
iphone 15,"[ TP ] APPLE IPHONE 15 ( 128GB ) GARANSI RESMI INDONESIA | SUPER RETINA 6.1 INCI | APPLE A16 BIONIC CHIP | 48MP MAIN CAMERA | 6.1"" SUPER RETINA XDR OLED",Rp12.549.000,5.0,90+ terjual,12549000,90,5.0,,128.0,APPLE,Flagship (>10M)
iphone 15,[G] Apple iPhone 15 128GB NEW GARANSI RESMI APPLE,Rp13.050.000,5.0,30+ terjual,13050000,30,5.0,,128.0,APPLE,Flagship (>10M)
iphone 15,[Rumah Gadget] iP 15 128/256 New Bergaransi Resmi 1 Tahun,Rp12.799.000,5.0,23 terjual,12799000,23,5.0,,256.0,OTHER,Flagship (>10M)
iphone 15,Apple iPhone 15 128GB Garansi Resmi Indonesia Exclusive Tokopedia,Rp12.490.000,5.0,60+ terjual,12490000,60,5.0,,128.0,APPLE,Flagship (>10M)
iphone 15,"[ CREATOR ] IPHONE 15 128GB GARANSI RESMI INDONESIA | A16 BIONIC CHIP | 48MP + 12MP CAMERA | 6.1"" INCH SUPER RETINA XDR OLED",Rp12.559.000,4.8,100+ terjual,12559000,100,4.8,,128.0,APPLE,Flagship (>10M)
iphone 15,[ Promo Exclusive ] Apple iPhone 15 128GB Garansi Resmi,Rp12.776.000,5.0,100+ terjual,12776000,100,5.0,,128.0,APPLE,Flagship (>10M)
iphone 15,[ SPECIAL PROMO ] - Apple iPhone 15 128GB - Garansi Resmi Indonesia,Rp12.508.000,5.0,100+ terjual,12508000,100,5.0,,128.0,APPLE,Flagship (>10M)
iphone 15,IPHONE 15 BARU SEGEL GREENPEEL BNIB GARANSI RESMI AMAN,Rp12.500.000,4.9,30+ terjual,12500000,30,4.9,,,APPLE,Flagship (>10M)
iphone 15,[TP] APPLE IPHONE 15 128GB GARANSI RESMI INDONESIA | SUPER RETINA 6.1 INCI | APPLE A16 BIONIC CHIP,Rp12.549.000,4.8,100+ terjual,12549000,100,4.8,,128.0,APPLE,Flagship (>10M)
iphone 15,Apple Iphone 15 128GB Black MTP03SA/A_G,Rp13.869.000,5.0,50+ terjual,13869000,50,5.0,,128.0,APPLE,Flagship (>10M)
iphone 15,[ STARCELL ] iPhone 15 128GB | 256GB | 512GB - Garansi Resmi,Rp15.599.000,4.6,100+ terjual,15599000,100,4.6,,128.0,APPLE,Flagship (>10M)
iphone 15,"[ TP ] APPLE IPHONE 15 128GB GARANSI RESMI INDONESIA | A16 BIONIC CHIP | 48MP + 12MP CAMERA | 6.1"" INCH SUPER RETINA XDR OLED",Rp12.559.000,5.0,100+ terjual,12559000,100,5.0,,128.0,APPLE,Flagship (>10M)
iphone 15,Apple Iphone 15 Iphone 15 Plus 128-256-512GB Garansi Resmi,Rp13.999.000,5.0,19 terjual,13999000,19,5.0,,512.0,APPLE,Flagship (>10M)
iphone 15,Double Voucher Apple iPhone 15 128GB Black Blue Pink Yellow Green BNIB IMEI TERDAFTAR Garansi 1 Tahun Gadget Camera Kamera,Rp12.614.000,5.0,24 terjual,12614000,24,5.0,,128.0,APPLE,Flagship (>10M)
iphone 15,Apple iPhone 15 512GB 256GB 128GB Second Original iBox,Rp10.355.000,5.0,29 terjual,10355000,29,5.0,,512.0,APPLE,Flagship (>10M)
iphone 15,(DCG) APPLE IPHONE 15 128 GB 256 GB Garansi Resmi TAM/GDN,Rp13.300.000,4.9,24 terjual,13300000,24,4.9,,128.0,APPLE,Flagship (>10M)
iphone 15,IPHONE 15 128GB - GARANSI RESMI TAM/ GDN/ DIGIMAP,Rp12.598.000,5.0,25 terjual,12598000,25,5.0,,128.0,APPLE,Flagship (>10M)
iphone 15,Exclusive Creator iPhone 15 Garansi Resmi - 128GB / 512GB / 256GB PROMO,Rp12.648.900,5.0,12 terjual,12648900,12,5.0,,512.0,APPLE,Flagship (>10M)
iphone 15,iPhone 15 128GB-256GB BNIB Garansi Resmi Indonesia,Rp12.749.000,5.0,16 terjual,12749000,16,5.0,,128.0,APPLE,Flagship (>10M)
iphone 15,iPhone 15 128GB new segel garansi resmi 1 tahun,Rp12.489.999,5.0,30+ terjual,12489999,30,5.0,,128.0,APPLE,Flagship (>10M)
iphone 15,iPhone 15 128GB NEW BNIB Segel Resmi - Kapasitas 128GB,Rp12.560.000,5.0,5 terjual,12560000,5,5.0,,128.0,APPLE,Flagship (>10M)
iphone 15,[ TP ] APPLE IPHONE 15 ( 128GB ) GARANSI RESMI,Rp12.549.000,5.0,30+ terjual,12549000,30,5.0,,128.0,APPLE,Flagship (>10M)
iphone 15,iPhone 15 128 iBox New Segel,Rp12.210.000,5.0,10 terjual,12210000,10,5.0,,,APPLE,Flagship (>10M)
iphone 15,IPHONE 15 128GB - LIKE NEW,Rp8.729.000,5.0,12 terjual,8729000,12,5.0,,128.0,APPLE,Upper Mid (5M-10M)
iphone 16,(RESMI) iPhone 16 128GB 256GB 512GB,Rp15.439.000,5.0,750+ terjual,15439000,750,5.0,,128.0,APPLE,Flagship (>10M)
iphone 16,Apple iPhone 16 128GB 256GB 512GB Garansi Resmi Indonesia 1 Tahun,Rp15.498.000,5.0,500+ terjual,15498000,500,5.0,,128.0,APPLE,Flagship (>10M)
iphone 16,Apple iPhone 16 128GB 256GB 512GB Ultramarine Teal White Black Pink 5G Garansi Resmi Indonesia,Rp15.498.000,4.9,100+ terjual,15498000,100,4.9,,128.0,APPLE,Flagship (>10M)
iphone 16,iPhone 16 Garansi Resmi Indonesia Promo,Rp15.339.000,5.0,250+ terjual,15339000,250,5.0,,,APPLE,Flagship (>10M)
iphone 16,IPHONE 16 128 GB | 256 GB | 512 GB GARANSI RESMI APPLE INDONESIA,Rp15.349.000,5.0,100+ terjual,15349000,100,5.0,,128.0,APPLE,Flagship (>10M)
iphone 16,(SECOND/BEKAS) Apple iPhone 16 256GB Ultramarine ID Second Like New Garansi Resmi Indonesia Full Set Mulus Free Adapter Samsung 25watt Dan Anti Gores Hidrogel,Rp15.998.000,4.9,80+ terjual,15998000,80,4.9,,256.0,APPLE,Flagship (>10M)
iphone 16,"APPLE iPhone 16 [128GB] 6,1"" Super Retina XDR OLED - Chip A18 - Kamera 48MP - NFC - GARANSI RESMI",Rp15.259.000,5.0,70+ terjual,15259000,70,5.0,,128.0,APPLE,Flagship (>10M)
iphone 16,[jikalaku] iPhone 16 Apple Indonesia Resmi,Rp18.524.000,5.0,100+ terjual,18524000,100,5.0,,,APPLE,Flagship (>10M)
iphone 16,"iPHONE 16 128GB GARANSI RESMI INDONESIA | A18 BIONIC CHIP | IP68 | 6.1"" INCH SUPER RETINA XDR OLED | GARANSI RESMI",Rp15.412.000,4.9,100+ terjual,15412000,100,4.9,,128.0,APPLE,Flagship (>10M)
iphone 16,Apple iPhone 16 128GB 256GB 512GB - Garansi RESMI,Rp15.490.000,5.0,100+ terjual,15490000,100,5.0,,128.0,APPLE,Flagship (>10M)
iphone 16,Apple iPhone 17 Pro Max | Iphone 16 | iphone 15 512GB 256GB 128GB GARANSI RESMI INDO,Rp12.649.000,4.7,250+ terjual,12649000,250,4.7,,512.0,APPLE,Flagship (>10M)
iphone 16,Apple iPhone 16 128GB | 256GB | 512GB Original - Garansi Resmi 1 Tahun,Rp15.822.000,5.0,80+ terjual,15822000,80,5.0,,128.0,APPLE,Flagship (>10M)
iphone 16,"Apple iPhone 16 128GB 256GB 512GB Garansi Resmi iBox TAM GDN Resmi Indonesia Hitam 6,1 Inch A18 Chipset 170 Gram Original 12 Bulan",Rp15.840.495,5.0,90+ terjual,15840495,90,5.0,,128.0,APPLE,Flagship (>10M)
iphone 16,[ special creator ] Apple iPhone 15 128GB / iPhone 16 128GB / iPhone 17 256GB Baru Resmi Indonesia Original Segel,Rp12.986.253,4.9,100+ terjual,12986253,100,4.9,,128.0,APPLE,Flagship (>10M)
iphone 16,SPESIAL PUTRA SIREGAR | IPHONE 16 NEW GARANSI RESMI INDONESIA,Rp19.210.000,5.0,80+ terjual,19210000,80,5.0,,,APPLE,Flagship (>10M)
iphone 16,Iphone 16 resmi second  128gb | 256gb |  Ibox / iphone 16 plus 128 | 256gb,Rp13.500.000,5.0,50+ terjual,13500000,50,5.0,,128.0,APPLE,Flagship (>10M)
iphone 16,Apple iPhone 16 512GB 256GB 128GB Garansi Resmi Apple Indonesia - not iphone 13,Rp15.460.000,5.0,27 terjual,15460000,27,5.0,,512.0,APPLE,Flagship (>10M)
iphone 16,IBOX APPLE IPHONE 16 PRO MAX PLUS 16 SERIES 16E  1TB 512GB 256GB 128GB GARANSI RESMI NEW SEGEL GREENPEEL,Rp15.259.000,5.0,60+ terjual,15259000,60,5.0,,1024.0,APPLE,Flagship (>10M)
iphone 16,TOP SELLING Apple iPhone 16 512GB 256GB 128GB Garansi Resmi Apple Indonesia Gadget Camera,Rp15.460.000,5.0,14 terjual,15460000,14,5.0,,512.0,APPLE,Flagship (>10M)
iphone 16,Apple iPhone 17 Pro Max | Iphone 16 | iphone 15 512GB 256GB GARANSI RESMI INDO,Rp12.649.000,4.7,100+ terjual,12649000,100,4.7,,512.0,APPLE,Flagship (>10M)
iphone 16,[DZAKIYAH STORE] IPHONE 16 BASIC NEW GARANSI RESMI 1 Tahun,Rp16.119.000,5.0,20 terjual,16119000,20,5.0,,,APPLE,Flagship (>10M)
iphone 16,iPhone 16 Second Resmi iBox 64GB 128GB 256GB Fullset Original Bergaransi Resmi,Rp14.369.000,5.0,18 terjual,14369000,18,5.0,,64.0,APPLE,Flagship (>10M)
iphone 16,(RB) Apple iPhone 16 128GB 256GB 512GB Ultramarine Teal White Black Pink 5G Garansi Resmi Indonesia,Rp15.598.000,4.8,100+ terjual,15598000,100,4.8,,128.0,APPLE,Flagship (>10M)
iphone 16,iPhone 16 128GB 256GB 512GB Segel Resmi Indonesia,Rp15.760.000,5.0,19 terjual,15760000,19,5.0,,128.0,APPLE,Flagship (>10M)
iphone 16,APPLE IPHONE 16 128 GB GARANSI RESMI IBOX TERMURAH,Rp16.273.000,5.0,20 terjual,16273000,20,5.0,,128.0,APPLE,Flagship (>10M)
iphone 16,"[ TP ] APPLE IPHONE 16 128GB GARANSI RESMI INDONESIA | A18 BIONIC CHIP | IP68 | 6.1"" INCH SUPER RETINA XDR OLED | FUSION KAMERA 48MP",Rp15.258.000,5.0,100+ terjual,15258000,100,5.0,,128.0,APPLE,Flagship (>10M)
iphone 16,IPHONE 16 128 256 512 GB - SECOND IN BOX - IBOX / RESMI,Rp14.175.000,5.0,19 terjual,14175000,19,5.0,,512.0,APPLE,Flagship (>10M)
iphone 16,Apple iPhone 16 512GB 256GB 128GB Garansi Resmi iBox Apple Indonesia Kamera Fusion 48 MP Chip A18 Baterai Tahan Lama - iBox PA/A SA/A ID/A,Rp15.659.000,5.0,8 terjual,15659000,8,5.0,,512.0,APPLE,Flagship (>10M)
iphone 16,[CO] Apple iPhone 16 Garansi Resmi - 128GB 256GB 512GB,Rp14.630.330,5.0,13 terjual,14630330,13,5.0,,128.0,APPLE,Flagship (>10M)
iphone 16,IPHONE 16 128GB GARANSI RESMI 1 TAHUN,Rp15.222.999,5.0,10 terjual,15222999,10,5.0,,128.0,APPLE,Flagship (>10M)
iphone 16,"IPHONE 16 128GB GARANSI RESMI INDONESIA | A18 BIONIC CHIP | IP68 | 6.1"" INCH SUPER RETINA XDR OLED | FUSION KAMERA 48MP",Rp15.219.000,4.8,30+ terjual,15219000,30,4.8,,128.0,APPLE,Flagship (>10M)
iphone 16,[ Pickup & Kurir Toko ] Apple iPhone 16 512GB 256GB 128GB Garansi Resmi Apple Indonesia Gadget Camera,Rp15.376.000,5.0,15 terjual,15376000,15,5.0,,512.0,APPLE,Flagship (>10M)
iphone 16,Apple iPhone 16 6.1-inch 128GB | 256GB,Rp15.499.000,5.0,18 terjual,15499000,18,5.0,,128.0,APPLE,Flagship (>10M)
iphone 16,[ BEST SELLER ] Apple iPhone 15 128GB / iPhone 16 128GB / iPhone 17 256GB Garansi Resmi Indonesia Original Segel,Rp12.207.078,5.0,40+ terjual,12207078,40,5.0,,128.0,APPLE,Flagship (>10M)
iphone 16,NEW APPLE IPHONE 17 16 15 14 13 | 512GB 256GB 128GB NEW GARANSI RESMI SEGEL ORIGINAL,Rp12.649.000,5.0,100+ terjual,12649000,100,5.0,,512.0,APPLE,Flagship (>10M)
iphone 16,Apple iPhone 16 Biru dengan Kamera Ganda dan Layar Lebar untuk Performa Optimal,Rp19.260.000,5.0,15 terjual,19260000,15,5.0,,,APPLE,Flagship (>10M)
iphone 16,IPHONE 16 PINK 128GB NEW GARANSI RESMI 1 TAHUN,Rp19.250.000,5.0,3 terjual,19250000,3,5.0,,128.0,APPLE,Flagship (>10M)
iphone 16,iPhone 16 128GB 256GB Garansi Resmi iBox Second Fullset,Rp13.999.000,5.0,4 terjual,13999000,4,5.0,,128.0,APPLE,Flagship (>10M)
iphone 16,iPhone 16 second 258 GB rose gold. Layar Smart Kamera sim,Rp6.999.999,5.0,4 terjual,6999999,4,5.0,,,APPLE,Upper Mid (5M-10M)
iphone 16,(DCG) iPhone 16 128 GB Garansi Resmi,Rp15.800.000,5.0,7 terjual,15800000,7,5.0,,128.0,APPLE,Flagship (>10M)
iphone 16,APPLE IPHONE 16 GARANSI RESMI,Rp15.404.000,5.0,1 terjual,15404000,1,5.0,,,APPLE,Flagship (>10M)
iphone 16,Apple iPhone 16 128gb 256gb - Garansi Resmi All Operator,Rp10.810.000,5.0,3 terjual,10810000,3,5.0,,128.0,APPLE,Flagship (>10M)
iphone 16,Apple iPhone 16 512GB 256GB 128GB - Garansi Resmi New BNIB,Rp15.259.000,5.0,100+ terjual,15259000,100,5.0,,512.0,APPLE,Flagship (>10M)
iphone 16,[ BEST VALUE ] Apple iPhone 17 - iPhone 16 - iPhone 15 | iPad 11 - MINI 7 - Air 8 M4 | 128GB - 256GB - 512GB Garansi Resmi Indonesia,Rp12.642.900,5.0,3 terjual,12642900,3,5.0,,128.0,APPLE,Flagship (>10M)
iphone 16,Apple Iphone 16e 128-256-512GB Garansi Resmi,Rp13.299.000,5.0,10 terjual,13299000,10,5.0,,512.0,APPLE,Flagship (>10M)
iphone 16,LIVE SALE PAPI PUTRA SIREGAR | IPHONE 16 128 NEW GARANSI RESMI INDONESIA,Rp15.960.000,5.0,6 terjual,15960000,6,5.0,,,APPLE,Flagship (>10M)
iphone 16,IPHONE 16 128GB 256GB SECOND LIKE NEW,Rp13.610.000,5.0,2 terjual,13610000,2,5.0,,128.0,APPLE,Flagship (>10M)
iphone 16,iphone 16 resmi 128gb BH100%,Rp10.750.000,5.0,1 terjual,10750000,1,5.0,,128.0,APPLE,Flagship (>10M)
iphone 16,[ RESMI ] Apple iPhone 17 Pro 256GB 512GB 1TB A19 Pro Garansi Resmi - ID PA- [ DIGITECH },Rp22.574.000,4.9,4rb+ terjual,22574000,4000,4.9,,256.0,APPLE,Flagship (>10M)
iphone 16,(RESMI) iPhone 15 128GB 256GB 512GB Black Blue Pink Yellow Green,Rp14.651.485,5.0,3rb+ terjual,14651485,3000,5.0,,128.0,APPLE,Flagship (>10M)
iphone 16,APPLE MacBook Air M5 2026 13-Inch 16/512GB 16/1TB 24/1TB GPU 8Core/10Core Resmi IBOX GDN Digimap,Rp25.199.000,4.9,2rb+ terjual,25199000,2000,4.9,16.0,512.0,APPLE,Flagship (>10M)
iphone 16,(TP) Apple iPhone 17 Pro 256GB | 512GB | 1TB | Garansi Resmi,Rp22.499.000,5.0,750+ terjual,22499000,750,5.0,,256.0,APPLE,Flagship (>10M)
iphone 16,(TP) Apple iPhone 17 Pro Max 256GB 512GB 1TB 2TB Garansi Resmi,Rp24.500.000,5.0,750+ terjual,24500000,750,5.0,,256.0,APPLE,Flagship (>10M)
iphone 16,(RESMI) iPhone 16 Plus 128GB 256GB 512GB Garansi Resmi Indonesia 1 Tahun,Rp16.439.000,5.0,500+ terjual,16439000,500,5.0,,128.0,APPLE,Flagship (>10M)
iphone 16,BEST SELLER | Apple iPhone 17 256GB 512GB Garansi Resmi,Rp17.811.000,5.0,750+ terjual,17811000,750,5.0,,256.0,APPLE,Flagship (>10M)
iphone 16,Digitalisme x Promo Apple iPad 11 | iPad 11th Gen 11 Inch Wifi 128GB 256GB Garansi Resmi iBox Indonesia,Rp7.980.000,4.9,1rb+ terjual,7980000,1000,4.9,,128.0,APPLE,Upper Mid (5M-10M)
iphone 16,Samsung Galaxy A57 5G 12/256GB  | Hp AI | IP68 | 5000 mAh,Rp8.299.000,4.9,750+ terjual,8299000,750,4.9,12.0,256.0,SAMSUNG,Upper Mid (5M-10M)
iphone 16,Apple iPhone 15 128GB Garansi Resmi Brand New in Box Original Exclusive Tokopedia,Rp12.490.000,5.0,500+ terjual,12490000,500,5.0,,128.0,APPLE,Flagship (>10M)
iphone 16,iPhone 17 Pro Max 256GB 512GB 1TB Garansi Resmi Indonesia,Rp24.649.900,5.0,250+ terjual,24649900,250,5.0,,256.0,APPLE,Flagship (>10M)
iphone 16,(MS x RBS.gadget) iPhone 16 Pro 128GB 256GB 512GB New Garansi Resmi Indo 1 tahun,Rp27.917.723,5.0,100+ terjual,27917723,100,5.0,,128.0,APPLE,Flagship (>10M)
iphone 16,APPLE iPhone 17e 256GB 512GB A19 chip CPU 6C / GPU 4C Resmi Indonesia,Rp19.999.000,4.9,500+ terjual,19999000,500,4.9,,256.0,APPLE,Flagship (>10M)
iphone 13 pro,Iphone 13 Pro 128Gb / 256Gb / 512Gb / 1Tb Second Fullset,Rp7.160.000,4.9,500+ terjual,7160000,500,4.9,,256.0,APPLE,Upper Mid (5M-10M)
iphone 13 pro,iPhone 13 Pro 128GB/256GB/512GB/1TB Second Mulus 100% Original Fullset,Rp7.350.000,4.9,100+ terjual,7350000,100,4.9,,256.0,APPLE,Upper Mid (5M-10M)
iphone 13 pro,Apple iPhone 13 Pro 5G 128 GB / 256 GB / 512 GB / 1TB Blue Gold Green Graphite Silver Original Second Seken Bekas Mulus Inter BC IBOX,Rp7.959.000,4.9,100+ terjual,7959000,100,4.9,,256.0,APPLE,Upper Mid (5M-10M)
iphone 13 pro,IPHONE 13 PRO SIERRA BLUE 128GB MULUS LIKE NEW | 100% ORIGINAL APPLE,Rp7.100.000,5.0,23 terjual,7100000,23,5.0,,128.0,APPLE,Upper Mid (5M-10M)
iphone 13 pro,iBox | iPhone 13 Series | 13 | 13 Pro | 13 Pro Max | Fullset | Resmi | Second | Apple,Rp5.895.508,5.0,70+ terjual,5895508,70,5.0,,,APPLE,Upper Mid (5M-10M)
iphone 13 pro,IPHONE 13 PRO SIERRA BLUE 256GB MULUS 100% ORIGINAL APPLE!!,Rp7.600.000,4.8,40+ terjual,7600000,40,4.8,,256.0,APPLE,Upper Mid (5M-10M)
iphone 13 pro,iPhone 13 Pro 128GB fullset promo bergaransi,Rp7.310.000,5.0,70+ terjual,7310000,70,5.0,,128.0,APPLE,Upper Mid (5M-10M)
iphone 13 pro,IPHONE 13 PRO 128GB 256GB SECOND LIKE NEW 100% ORIGINAL BERGARANSI,Rp8.023.055,5.0,40+ terjual,8023055,40,5.0,,128.0,APPLE,Upper Mid (5M-10M)
iphone 13 pro,iPhone 13 Pro 128GB 256GB 512GB 1TB Second Bekas Mulus Original,Rp7.160.000,5.0,10 terjual,7160000,10,5.0,,128.0,APPLE,Upper Mid (5M-10M)
iphone 13 pro,IPHONE 13 PRO 128 256 512 GB 1 TB SECOND LIKE NEW INTER IBOX,Rp8.208.000,5.0,18 terjual,8208000,18,5.0,,512.0,APPLE,Upper Mid (5M-10M)
iphone 13 pro,iphone 13 pro ibox 128gb sierra blue apple resmi garansi 2023 mulus,Rp6.000.000,5.0,13 terjual,6000000,13,5.0,,128.0,APPLE,Upper Mid (5M-10M)
iphone 13 pro,APPLE IPHONE 13 PRO 5G 128 GB / 256 GB / 512 GB / 1 TB Original Second Seken Bekas IBOX Inter BC,Rp7.999.000,4.6,26 terjual,7999000,26,4.6,,256.0,APPLE,Upper Mid (5M-10M)
iphone 13 pro,New Apple iPhone 13 Pro 5G,Rp21.160.000,5.0,5 terjual,21160000,5,5.0,,,APPLE,Flagship (>10M)
iphone 13 pro,"IPHONE 13 PRO 128 GB , 256 GB , 512 GB LIKE NEW ! GARANSI 1 TAHUN !!",Rp6.995.000,5.0,11 terjual,6995000,11,5.0,,128.0,APPLE,Upper Mid (5M-10M)
iphone 13 pro,HP Apple iPhone 13 Pro 64GB/128GB/256GB XR Fullset Second Bergaransi,Rp3.305.000,5.0,27 terjual,3305000,27,5.0,,128.0,APPLE,Mid-Range (2M-5M)
iphone 13 pro,Iphone 13 Pro 256Gb Siera Blue Second Layar Dot Kecil Fullset,Rp6.600.000,5.0,7 terjual,6600000,7,5.0,,256.0,APPLE,Upper Mid (5M-10M)
iphone 13 pro,Iphone 13 pro 128gb all operator,Rp7.400.000,5.0,2 terjual,7400000,2,5.0,,128.0,APPLE,Upper Mid (5M-10M)
iphone 13 pro,iphone 13 pro & promax 128GB|256GB second murah bergaransi like new,Rp6.810.000,5.0,4 terjual,6810000,4,5.0,,128.0,APPLE,Upper Mid (5M-10M)
iphone 13 pro,Iphone 13 pro ibox garansi ON,Rp17.459.000,5.0,2 terjual,17459000,2,5.0,,,APPLE,Flagship (>10M)
iphone 13 pro,iphone 13 pro 256gb second inter,Rp14.970.000,4.7,6 terjual,14970000,6,4.7,,256.0,APPLE,Flagship (>10M)
iphone 13 pro,Apple iPhone 13 PRO/PRO MAX 64GB/128GB/256GB fullset Second Original,Rp2.800.000,5.0,6 terjual,2800000,6,5.0,,128.0,APPLE,Mid-Range (2M-5M)
iphone 13 pro,iphone 13 pro 128gb ex ibox original garansi aktif,Rp5.118.000,5.0,5 terjual,5118000,5,5.0,,128.0,APPLE,Upper Mid (5M-10M)
iphone 13 pro,IPhone 13 Pro 258GB Silver,Rp5.460.000,5.0,1 terjual,5460000,1,5.0,,,APPLE,Upper Mid (5M-10M)
iphone 13 pro,(Second) Apple iPhone 13 Pro White 128 Gb Inter,Rp11.460.000,5.0,1 terjual,11460000,1,5.0,,128.0,APPLE,Flagship (>10M)
iphone 13 pro,Apple iPhone 13 Pro 512GB 256GB 128GB Original Garansi Resmi iBox Indonesia,Rp5.535.000,4.5,11 terjual,5535000,11,4.5,,512.0,APPLE,Upper Mid (5M-10M)
iphone 13 pro,Apple iPhone 13 PRO/PRO MAX Wifi Only 64GB/128GB/256GB fullset Second Original,Rp2.680.000,4.0,1 terjual,2680000,1,4.0,,128.0,APPLE,Mid-Range (2M-5M)
iphone 13 pro,Apple iPhone 13 Pro 128GB/256GB - Sinyal All Operator Original Mulus Fullset,Rp6.680.000,3.0,17 terjual,6680000,17,3.0,,256.0,APPLE,Upper Mid (5M-10M)
iphone 13 pro,Seagate One Touch Hardisk Eksternal 1TB USB3.0,Rp1.871.287,5.0,10rb+ terjual,1871287,10000,5.0,,1024.0,OTHER,Entry-Level (<2M)
iphone 13 pro,Seagate One Touch Hardisk Eksternal 2TB USB3.0,Rp2.325.743,5.0,10rb+ terjual,2325743,10000,5.0,,,OTHER,Mid-Range (2M-5M)
iphone 13 pro,"Logitech C920 Webcam PRO Full HD 1080p Autofocus, Noise-Cancelling",Rp1.549.505,4.9,10rb+ terjual,1549505,10000,4.9,,,OTHER,Entry-Level (<2M)
iphone 13 pro,"SSD V-GeN PLATINUM / RESCUE 512GB SATA 3 Solid State Drive 2.5"" Inch VGEN",Rp1.128.000,5.0,10rb+ terjual,1128000,10000,5.0,,512.0,OTHER,Entry-Level (<2M)
iphone 13 pro,"[NEW LAUNCH] vivo iQOO Z10R, MediaTek Dimensity 7360-Turbo, 6500mAh 90W Bypass Charging, 120Hz AMOLED 3000nit, 50MP Sony IMX + Ultrawide, Dual Speaker + IP65",Rp4.659.000,4.9,10rb+ terjual,4659000,10000,4.9,,,VIVO,Mid-Range (2M-5M)
iphone 13 pro,"[Online Exclusive] vivo Y19sGT 5G - Dimensity 6300 5G, 5500mAh Tahan Lama, NFC Multifunctions, Tahan Banting & Hujan, 50MP Kamera Utama, AI Erase",Rp3.559.000,5.0,10rb+ terjual,3559000,10000,5.0,,,VIVO,Mid-Range (2M-5M)
iphone 13 pro,Printer Epson L3210 / L3211 A4 ECOTANK All in One InkTank,Rp2.317.000,5.0,8rb+ terjual,2317000,8000,5.0,,,OTHER,Mid-Range (2M-5M)
iphone 13 pro,SanDisk Extreme Portable E61 V2 1TB SSD Eksternal USB-C & USB-A 1050MB/s Garansi Resmi 5 Tahun Original Works with Windows dan Mac,Rp3.435.000,5.0,3rb+ terjual,3435000,3000,5.0,,1024.0,OTHER,Mid-Range (2M-5M)
iphone 13 pro,Yesoul M1 Pro Home Smart Spinning Bike Indoor Sepeda Fitness,Rp3.750.000,5.0,1rb+ terjual,3750000,1000,5.0,,,OTHER,Mid-Range (2M-5M)
iphone 13 pro,Epson EcoTank L3251 L3250 L3210 Hitam L3256 L3216 Putih Printer All In One WiFi Wireless Tinta 003 GARANSI L3211 Print Scan Copy L121 Print Only 8787,Rp2.298.000,4.9,3rb+ terjual,2298000,3000,4.9,,,OTHER,Mid-Range (2M-5M)
iphone 13 pro,SSD Sandisk Extreme Portable E61 V2 1TB 2TB 4TB 8TB - SSD Eksternal USB-C USB-A,Rp3.435.000,5.0,1rb+ terjual,3435000,1000,5.0,,1024.0,OTHER,Mid-Range (2M-5M)
iphone 13 pro,Printer HP Smart Ink Tank 615 / 670 / 583 / 580 / 585 / 523 / 750 / 210 / 215 All in One Print Scan Copy Wireless Wifi USB Bluetooth Color Colour Warna Garansi Resmi Official,Rp2.783.000,4.9,2rb+ terjual,2783000,2000,4.9,,,OTHER,Mid-Range (2M-5M)
iphone 13 pro,(FREE TAS) ADVAN Soulmate X 14” IPS FHD | AMD 3020e/3050c | 4GB/8GB + 128GB Free Windows 11 Original Laptop Notebook Upgradeable,Rp4.499.000,4.8,3rb+ terjual,4499000,3000,4.8,4.0,,OTHER,Mid-Range (2M-5M)
iphone 13 pro,"[5G Series] TECNO POVA Curve 5G - 8+8GB*/256GB, 5500mAh + Bypass Charging 2.0 , Mediatek D7300 Ultimate 5G, 6,78"" Curved AMOLED Display , 64MP Primary Camera, Android 15 - HiOS 15 - POVACurve",Rp4.498.999,4.9,2rb+ terjual,4498999,2000,4.9,,,TECNO,Mid-Range (2M-5M)
iphone 13 pro,DJI Osmo Action 5 PRO - Action Camera,Rp5.510.000,4.9,1rb+ terjual,5510000,1000,4.9,,,OTHER,Upper Mid (5M-10M)
iphone 13 pro,Tecno Camon 50 Pro 5G 8/256GB 12/256GB 12/512GB,Rp5.330.000,4.9,1rb+ terjual,5330000,1000,4.9,8.0,256.0,TECNO,Upper Mid (5M-10M)
iphone 13 pro,KYO PS210 256GB 512GB 1TB Portable SSD 20Gbps USB 3.2 Gen 2 x2 TYPE C Eksternal SSD OTG USB C 3.2 Gen 2x2 USB A 3.2 Gen 2 External SSD 2000Mbps,Rp2.010.000,4.9,1rb+ terjual,2010000,1000,4.9,,256.0,OTHER,Mid-Range (2M-5M)
iphone 13 pro,( Special Creator ) Tecno Camon 50 Pro ( 12/512 12/256 8/256 ) Garansi Resmi,Rp5.099.000,5.0,1rb+ terjual,5099000,1000,5.0,12.0,512.0,TECNO,Upper Mid (5M-10M)
iphone 13 pro,"[NEW LAUNCH] vivo Y29 (8/128) - Design Marmer Eksklusif, 6500mAh Tahan 3 Hari, Tahan Banting Ekstrem, IP69 Tahan Air Ekstrem, AI Erase 2.0 + AI Circle to Search",Rp4.059.000,4.9,1rb+ terjual,4059000,1000,4.9,8.0,128.0,VIVO,Mid-Range (2M-5M)
iphone 13 pro,"vivo Y400 - AMOLED 120Hz Ultra Terang, IP68/69 Tahan Air Ekstrem, 50MP Sony Kamera Underwater, 6000mAh Tahan 2 Hari",Rp3.559.000,4.9,1rb+ terjual,3559000,1000,4.9,,,VIVO,Mid-Range (2M-5M)
iphone 13 pro,Moto G57 Power 5G - RAMBoost 24GB/256GB - Snapdragon6s Gen4 - Antutu 625K - 7000mAh SiliconCarbon - 50MP Sony LYTIA600,Rp3.558.000,4.9,750+ terjual,3558000,750,4.9,24.0,256.0,OTHER,Mid-Range (2M-5M)
iphone 13 pro,iPhone 11 Pro&promax 64GB|256GB second murah bergaransi like new,Rp4.210.000,4.9,250+ terjual,4210000,250,4.9,,64.0,APPLE,Mid-Range (2M-5M)
iphone 13 pro,Samsung Galaxy A57 5G 8/256GB | Hp AI | IP68 | 5000 mAh,Rp7.799.000,4.9,750+ terjual,7799000,750,4.9,8.0,256.0,SAMSUNG,Upper Mid (5M-10M)
iphone 13 pro,[ Spesial Deals ] Samsung Galaxy A56 5G 8/256GB 12/256GB NFC Garansi Resmi Indonesia SEIN - [Digitech MallxCreator],Rp6.730.000,4.9,750+ terjual,6730000,750,4.9,8.0,256.0,SAMSUNG,Upper Mid (5M-10M)
iphone 13 pro,Laptop HP Intel Core i5 8GB / 16GB RAM 256GB / 512GB SSD Silver Windows 11 Home 14 Inch Garansi 2 Tahun Official [Exclusive Free LocknLock],Rp12.204.900,4.9,500+ terjual,12204900,500,4.9,8.0,,OTHER,Flagship (>10M)
iphone 13 pro,[Extra Promo] - Handphone Apple iPhone 15 128GB 256GB 512GB Blue Pink Yellow Green,Rp12.800.499,5.0,250+ terjual,12800499,250,5.0,,128.0,APPLE,Flagship (>10M)
iphone 13 pro,Iphone 13 Pro Max 128Gb / 256Gb / 512Gb / 1Tb Second Fullset,Rp8.300.000,4.9,250+ terjual,8300000,250,4.9,,256.0,APPLE,Upper Mid (5M-10M)
iphone 13 pro,Apple Iphone 17e 256Gb 512Gb Garansi Resmi,Rp18.099.000,4.9,1rb+ terjual,18099000,1000,4.9,,256.0,APPLE,Flagship (>10M)
iphone 13 pro,[Diskon 9.9 s/d 15%] [Free Kuota 300GB] itel Power 80 4+4GB/128GB - Rugged Smartphone | Baterai 7000mAh | IP68/IP69 Tahan Air dan Debu | Tahan Jatuh Hingga 2M |  Cage Frame,Rp2.329.000,4.8,500+ terjual,2329000,500,4.8,4.0,128.0,ITEL,Mid-Range (2M-5M)
iphone 13 pro,iPhone 13 Mini 128GB/256GB/512GB Second Mulus Original Fullset,Rp5.400.000,4.9,100+ terjual,5400000,100,4.9,,256.0,APPLE,Upper Mid (5M-10M)
iphone 13 pro,"(2.2) MatePad H13 Pro 10.3"" Tablet [16GB+1TB] | Pengalaman Pro Layaknya PC | 120Hz OLED Real Color FullView Display | Ultra-tipi",Rp1.550.000,4.3,4rb+ terjual,1550000,4000,4.3,,,OTHER,Entry-Level (<2M)
iphone 13 pro,IBOX | IPHONE 11 PRO MAX 64GB 256GB 512GB SECOND ORIGINAL APPLE,Rp6.615.000,4.9,100+ terjual,6615000,100,4.9,,64.0,APPLE,Upper Mid (5M-10M)
iphone 13 pro,IBOX| iPhone 11 Pro Max 512GB 256GB 128GB 64GB Second Original Fullset Resmi,Rp3.779.000,4.7,250+ terjual,3779000,250,4.7,,512.0,APPLE,Mid-Range (2M-5M)
iphone 13 pro,ASUS ROG PHONE 3 5G 12GB/256GB 8GB/128GB GARANSI RESMI TAM INDONESIA,Rp3.515.000,4.7,100+ terjual,3515000,100,4.7,12.0,256.0,ASUS,Mid-Range (2M-5M)
iphone 15 pro,(RESMI) iPhone 15 Pro 15 Pro Max 128GB 256 512 1TB Titanium RESMI IBOX,Rp25.859.000,4.8,100+ terjual,25859000,100,4.8,,128.0,APPLE,Flagship (>10M)
iphone 15 pro,IPHONE 15 PRO 128 256 512 GB 1 TB - SECOND IN BOX - IBOX / RESMI,Rp16.549.000,5.0,90+ terjual,16549000,90,5.0,,512.0,APPLE,Flagship (>10M)
iphone 15 pro,Apple iPhone 15 Pro / Pro Max 256GB 512GB 1TB Titanium Black Natural,Rp13.890.000,5.0,60+ terjual,13890000,60,5.0,,256.0,APPLE,Flagship (>10M)
iphone 15 pro,(RESMI) iPhone 15 Pro 128GB 256GB 512GB 1TB Blue Natural White Black Titanium IBOX BC Second Seken Bekas Mulus,Rp12.059.000,4.9,30+ terjual,12059000,30,4.9,,128.0,APPLE,Flagship (>10M)
iphone 15 pro,iPhone 15 Pro 128GB 256GB 512GB Resmi iBox Original Fullset,Rp14.755.000,5.0,28 terjual,14755000,28,5.0,,128.0,APPLE,Flagship (>10M)
iphone 15 pro,iPhone 15 Pro 128Gb / 256Gb / 512Gb / 1 Tera Bite - LCD Original 100% - Fullset - Garansi 1 Bulan,Rp11.660.000,5.0,21 terjual,11660000,21,5.0,,256.0,APPLE,Flagship (>10M)
iphone 15 pro,Apple iPhone 15 Pro 128GB 256GB 512GB Resmi,Rp14.940.000,5.0,14 terjual,14940000,14,5.0,,128.0,APPLE,Flagship (>10M)
iphone 15 pro,Apple iPhone 15 Pro 1TB 512GB 256GB 128GB Second Original iBox,Rp14.755.000,5.0,18 terjual,14755000,18,5.0,,1024.0,APPLE,Flagship (>10M)
iphone 15 pro,Apple iPhone 15 Pro 512GB 256GB 128GB Original Garansi Resmi iBox Indonesia,Rp8.335.000,5.0,10 terjual,8335000,10,5.0,,512.0,APPLE,Upper Mid (5M-10M)
iphone 15 pro,hp iphone 15 pro 128/256 original,Rp10.460.000,5.0,6 terjual,10460000,6,5.0,,256.0,APPLE,Flagship (>10M)
iphone 15 pro,New iPhone 15 pro 128GB 258GB 512GB Garansi resmi iBox TAM,Rp11.944.533,5.0,2 terjual,11944533,2,5.0,,128.0,APPLE,Flagship (>10M)
iphone 15 pro,HP Apple iPhone 15 PRO/15 PRO MAX 64/128/256GB/512GB Fullset Second 100% Original Ex Internasional,Rp2.272.500,3.9,70+ terjual,2272500,70,3.9,,128.0,APPLE,Mid-Range (2M-5M)
iphone 15 pro,IPHONE 15PRO 128 256 512GB SECOND RESMI BERGARANSI BARANG ORIGINAL,Rp14.694.000,5.0,4 terjual,14694000,4,5.0,,512.0,APPLE,Flagship (>10M)
iphone 15 pro,iphone 15 Pro 128GB 256GB IBOX,Rp14.960.000,5.0,1 terjual,14960000,1,5.0,,128.0,APPLE,Flagship (>10M)
iphone 15 pro,Apple iphone 15 Pro/Pro Max Wifi Only 64GB/128GB/256GB Fullset Second 100% Mulus,Rp2.710.000,5.0,12 terjual,2710000,12,5.0,,128.0,APPLE,Mid-Range (2M-5M)
iphone 15 pro,Iphone 15 pro 256gb second,Rp7.500.000,5.0,1 terjual,7500000,1,5.0,,256.0,APPLE,Upper Mid (5M-10M)
iphone 15 pro,Apple iPhone 15 Pro 128GB 256GB 5128GB Second Original iBox Resmi Fullset,Rp12.109.000,4.5,7 terjual,12109000,7,4.5,,128.0,APPLE,Flagship (>10M)
iphone 15 pro,Second iPhone 15 Pro 128gb 256gb Fullset No Minus All Operator Resmi,Rp11.910.000,4.0,3 terjual,11910000,3,4.0,,128.0,APPLE,Flagship (>10M)
iphone 15 pro,"vivo Y03t - IP54 Tahan Air, AI Dual Camera 5000mAh + 15W FlashCharge, Layar Sunlight 90Hz",Rp2.059.000,5.0,10rb+ terjual,2059000,10000,5.0,,,VIVO,Mid-Range (2M-5M)
iphone 15 pro,Seagate Expansion Hardisk Eksternal 2TB - Hitam,Rp2.326.733,5.0,4rb+ terjual,2326733,4000,5.0,,,OTHER,Mid-Range (2M-5M)
iphone 15 pro,Seagate SkyHawk HDD / Hardisk Surveillance CCTV 2TB SATA,Rp3.365.347,5.0,3rb+ terjual,3365347,3000,5.0,,,OTHER,Mid-Range (2M-5M)
iphone 15 pro,Seagate SkyHawk HDD / Hardisk Surveillance CCTV 1TB SATA,Rp3.166.337,5.0,2rb+ terjual,3166337,2000,5.0,,1024.0,OTHER,Mid-Range (2M-5M)
iphone 15 pro,Kalung model paperklip -+2.100gram emas tua 16k,Rp4.121.650,5.0,3rb+ terjual,4121650,3000,5.0,,,OTHER,Mid-Range (2M-5M)
iphone 15 pro,INFINIX GT 50 PRO 5G 12/256 GB | 12/512 GB SPESIAL GIFT BOX GARANSI RESMI,Rp6.549.000,5.0,2rb+ terjual,6549000,2000,5.0,12.0,256.0,INFINIX,Upper Mid (5M-10M)
iphone 15 pro,Kalung emas tua strudle 16k & 17k,Rp4.849.000,4.9,2rb+ terjual,4849000,2000,4.9,,,OTHER,Mid-Range (2M-5M)
iphone 15 pro,Godox P260C PRO Bi-Color LED Video Light Panel P260 C P 260 C Lampu MUA,Rp1.379.000,4.9,1rb+ terjual,1379000,1000,4.9,,,OTHER,Entry-Level (<2M)
iphone 15 pro,( Special Creator ) Samsung Galaxy S25 5G Ultra ( 12/256Gb 12/512Gb 12/1Tera ) Garansi Resmi Sein,Rp16.139.000,4.9,2rb+ terjual,16139000,2000,4.9,12.0,256.0,SAMSUNG,Flagship (>10M)
iphone 15 pro,"[NEW LAUNCH] vivo Y05e - Baterai Besar 5150 mAh, Tahan Banting Ekstrem, Tahan Hujan IP64, Desain Trendi, Layar Besar 6.74"", OriginOS 6, 200% Audio Booster",Rp2.099.000,5.0,500+ terjual,2099000,500,5.0,,,VIVO,Mid-Range (2M-5M)
iphone 15 pro,"[NEW LAUNCH] vivo V60 Lite 5G (8/256) Dimensity 7360-Turbo, 6500 mAh + 90W FlashCharge, 50MP Sony Camera, AI Four-Seasons, SGS 5-Star Drop Resistance",Rp6.499.000,4.9,250+ terjual,6499000,250,4.9,8.0,256.0,VIVO,Upper Mid (5M-10M)
iphone 15 pro,Samsung Galaxy A37 5G 8/256GB | Hp AI | IP68 | 5000 mAh,Rp7.299.000,4.9,250+ terjual,7299000,250,4.9,8.0,256.0,SAMSUNG,Upper Mid (5M-10M)
iphone 15 pro,Apple iPhone 15 Pro Max 256GB 512GB 1TB Dual Nano Garansi Resmi iBox,Rp31.959.000,5.0,100+ terjual,31959000,100,5.0,,256.0,APPLE,Flagship (>10M)
iphone 15 pro,(SPECIAL CREATOR) XIAOMI 17T PRO 12/256 GB 12/512 GB GARANSI RESMI,Rp12.500.000,5.0,90+ terjual,12500000,90,5.0,12.0,256.0,XIAOMI,Flagship (>10M)
iphone 15 pro,(DCG) FREE HEADPHONE XIAOMI 17T PRO 12/256 GB 12/512 GB GARANSI RESMI,Rp12.450.000,5.0,100+ terjual,12450000,100,5.0,12.0,256.0,XIAOMI,Flagship (>10M)
iphone 15 pro,IBOX IPHONE 11PRO/PRO MAX 512GB/256GB/64GB GOOD CONDITIONS SECOND,Rp4.350.000,4.8,100+ terjual,4350000,100,4.8,,256.0,APPLE,Mid-Range (2M-5M)
iphone 15 pro,(MS tiktok) iPhone 16 Pro Max 256GB 512GB 1TB New Garansi Resmi Indo,Rp26.797.000,5.0,100+ terjual,26797000,100,5.0,,256.0,APPLE,Flagship (>10M)
iphone 15 pro,iPhone 17 Pro 256GB 512GB 1TB Garansi Resmi Indonesia,Rp22.599.900,5.0,100+ terjual,22599900,100,5.0,,256.0,APPLE,Flagship (>10M)
iphone 15 pro,(Special Live) iPhone 17 Pro 256GB 512GB 1TB New Garansi Resmi Indo 1 tahun,Rp23.099.010,5.0,100+ terjual,23099010,100,5.0,,256.0,APPLE,Flagship (>10M)
samsung galaxy s22,Samsung Galaxy S22 5G 8/256GB Second Fullset Garansi Resmi SEIN,Rp4.710.000,4.9,100+ terjual,4710000,100,4.9,8.0,256.0,SAMSUNG,Mid-Range (2M-5M)
samsung galaxy s22,Smartphone Samsung Galaxy S22 5G 8GB/128GB,Rp3.980.000,5.0,23 terjual,3980000,23,5.0,8.0,128.0,SAMSUNG,Mid-Range (2M-5M)
samsung galaxy s22,RESMI SEIN | SAMSUNG S22 8/256GB 8/128GB SECOND FULLSET,Rp4.460.000,4.9,28 terjual,4460000,28,4.9,8.0,256.0,SAMSUNG,Mid-Range (2M-5M)
samsung galaxy s22,SEIN | SAMSUNG GALAXY S22 5G 8/256GB 8/128GB | SECOND RESMI INDONESIA,Rp4.455.000,4.7,50+ terjual,4455000,50,4.7,8.0,256.0,SAMSUNG,Mid-Range (2M-5M)
samsung galaxy s22,Samsung Galaxy S22 5G 8/256GB Second Fullset Garansi Resmi SEIN,Rp4.935.000,5.0,30+ terjual,4935000,30,5.0,8.0,256.0,SAMSUNG,Mid-Range (2M-5M)
samsung galaxy s22,SAMSUNG GALAXY S24 5G | S23 5G | S22 5G 512GB 256GB 128GB SECOND RESMI,Rp4.455.000,5.0,14 terjual,4455000,14,5.0,,512.0,SAMSUNG,Mid-Range (2M-5M)
samsung galaxy s22,Samsung Galaxy S22 5G 8/128GB Second Garansi Resmi,Rp2.400.000,5.0,12 terjual,2400000,12,5.0,8.0,128.0,SAMSUNG,Mid-Range (2M-5M)
samsung galaxy s22,samsung galaxy s22 128gb | 256gb resmi,Rp4.810.000,5.0,10 terjual,4810000,10,5.0,,128.0,SAMSUNG,Mid-Range (2M-5M)
samsung galaxy s22,Samsung Galaxy S22 [8/128GB] Garansi Resmi SEIN,Rp4.345.000,5.0,7 terjual,4345000,7,5.0,8.0,128.0,SAMSUNG,Mid-Range (2M-5M)
samsung galaxy s22,SAMSUNG GALAXY S22 5G 8/256GB & 8/128GB SECOND RESMI SEIN,Rp4.455.000,5.0,6 terjual,4455000,6,5.0,8.0,256.0,SAMSUNG,Mid-Range (2M-5M)
samsung galaxy s22,Samsung Galaxy S22 [8/256GB] Garansi Resmi SEIN,Rp4.345.000,5.0,10 terjual,4345000,10,5.0,8.0,256.0,SAMSUNG,Mid-Range (2M-5M)
samsung galaxy s22,SAMSUNG GALAXY S22 5G 8/256GB EX RESMI INDONESIA,Rp4.870.000,5.0,3 terjual,4870000,3,5.0,8.0,256.0,SAMSUNG,Mid-Range (2M-5M)
samsung galaxy s22,Resmi | Samsung Galaxy S22 | S22 Plus | S22 Ultra Fullset Resmi Original likenew,Rp4.555.508,5.0,11 terjual,4555508,11,5.0,,,SAMSUNG,Mid-Range (2M-5M)
samsung galaxy s22,samsung Galaxy s22 8/128GB fullset mulus second resmi,Rp4.810.000,5.0,2 terjual,4810000,2,5.0,8.0,128.0,SAMSUNG,Mid-Range (2M-5M)
samsung galaxy s22,Samsung S22 8 128gb resmi,Rp4.650.000,5.0,4 terjual,4650000,4,5.0,,128.0,SAMSUNG,Mid-Range (2M-5M)
samsung galaxy s22,SAMSUNG GALAXY S22 5G 8/256GB & 8/128GB SECOD RESMI SEIN,Rp4.410.000,4.5,4 terjual,4410000,4,4.5,8.0,256.0,SAMSUNG,Mid-Range (2M-5M)
samsung galaxy s22,Samsung S 22 | S22+ | S 22 Ultra Second Lengkap Garansi Resmi Sein,Rp4.432.508,4.0,11 terjual,4432508,11,4.0,,,SAMSUNG,Mid-Range (2M-5M)
samsung galaxy s22,Samsung Galaxy S26 / S26+ S26 Plus - Samsung S26 12GB 512GB Garansi Resmi Indonesia,Rp22.846.000,4.9,2rb+ terjual,22846000,2000,4.9,,,SAMSUNG,Flagship (>10M)
samsung galaxy s22,Samsung Galaxy A57 5G 8/128GB - 8/256GB - 12/256GB | Exynos 1680 | IP68 | Awesome Intelligence | Garansi Resmi,Rp6.499.000,5.0,1rb+ terjual,6499000,1000,5.0,8.0,128.0,SAMSUNG,Upper Mid (5M-10M)
samsung galaxy s22,Samsung Galaxy A17 [8/128GB] - | Smartphone AI | Android | 5000 mAh,Rp4.599.000,4.9,4rb+ terjual,4599000,4000,4.9,8.0,128.0,SAMSUNG,Mid-Range (2M-5M)
samsung galaxy s22,Digitalisme x Promo Samsung Galaxy A56 5G 8/256GB 12/256GB Garansi Resmi Indonesia,Rp6.729.900,5.0,4rb+ terjual,6729900,4000,5.0,8.0,256.0,SAMSUNG,Upper Mid (5M-10M)
samsung galaxy s22,"SAMSUNG GALAXY A07 RAM 4/64GB , 4/128GB , 6/128GB & 8/256GB GARANSI RESMI SAMSUNG INDONESIA",Rp2.114.900,4.9,2rb+ terjual,2114900,2000,4.9,4.0,64.0,SAMSUNG,Mid-Range (2M-5M)
samsung galaxy s22,Samsung Galaxy A17 [8/256GB] - | Smartphone AI | Android | 5000 mAh,Rp4.999.000,4.9,2rb+ terjual,4999000,2000,4.9,8.0,256.0,SAMSUNG,Mid-Range (2M-5M)
samsung galaxy s22,samsung a10s garansi resmi sein 2/32 termurah,Rp1.799.999,5.0,4rb+ terjual,1799999,4000,5.0,,32.0,SAMSUNG,Entry-Level (<2M)
samsung galaxy s22,[Exclusive Afdhal Yusman NS] ITEL S26 ULTRA - 8+8/128GB - T7300 Ultra Gaming Processor - Corning Gorilla 7i - IP65 - 3D Curved Amoled Screen - 6000mAH,Rp2.999.000,4.7,4rb+ terjual,2999000,4000,4.7,8.0,128.0,ITEL,Mid-Range (2M-5M)
samsung galaxy s22,[Exclusive Afdhal Yusman] ITEL S26 ULTRA - 8+8/256GB - T7300 Ultra Gaming Processor - Corning Gorilla 7i - IP65 - 3D Curved Amoled Screen - 6000mAH,Rp3.199.000,4.7,4rb+ terjual,3199000,4000,4.7,8.0,256.0,ITEL,Mid-Range (2M-5M)
samsung galaxy s22,( Special Creator ) Samsung Galaxy A07 ( 4/64 4/128 6/128 8/256 ) Garansi Resmi Sein,Rp1.940.000,4.9,2rb+ terjual,1940000,2000,4.9,4.0,64.0,SAMSUNG,Entry-Level (<2M)
samsung galaxy s22,"Samsung Galaxy S25 FE 8/256GB 8/512GB, Original, Garansi Resmi SEIN",Rp11.499.000,5.0,500+ terjual,11499000,500,5.0,8.0,256.0,SAMSUNG,Flagship (>10M)
samsung galaxy s22,[ Mega Deals ] Samsung S25FE 5G 8/128GB 8/256GB Garansi Resmi SEIN - Galaxy S25 FE - [Digitech MallxCreator],Rp9.763.000,5.0,3rb+ terjual,9763000,3000,5.0,8.0,128.0,SAMSUNG,Upper Mid (5M-10M)
samsung galaxy s22,( Special Creator ) Samsung Galaxy A57 5G 12/256Gb 8/256Gb 8/128Gb Garansi Resmi Sein,Rp6.549.000,4.9,1rb+ terjual,6549000,1000,4.9,12.0,256.0,SAMSUNG,Upper Mid (5M-10M)
samsung galaxy s22,Samsung Galaxy A57 5G 8/128GB | 8/256GB | 12/256GB Original Garansi Resmi,Rp6.999.000,5.0,250+ terjual,6999000,250,5.0,8.0,128.0,SAMSUNG,Upper Mid (5M-10M)
samsung galaxy s22,HP Samsung Galaxy S9 Plus 64gb 128gb 256gb 2nd Resmi SEIN Fullset OEM,Rp3.259.000,4.9,250+ terjual,3259000,250,4.9,,64.0,SAMSUNG,Mid-Range (2M-5M)
samsung galaxy s22,"Samsung Galaxy Tab S10 Lite 5G/WiFi 6/128GB, Original, Garansi Resmi SEIN",Rp7.127.723,5.0,250+ terjual,7127723,250,5.0,6.0,128.0,SAMSUNG,Upper Mid (5M-10M)
samsung galaxy s22,Samsung Galaxy A07 4/64GB 128GB & 6/128GB & 8/256GB [Garansi Resmi SEIN],Rp2.199.000,5.0,250+ terjual,2199000,250,5.0,4.0,64.0,SAMSUNG,Mid-Range (2M-5M)
samsung galaxy s22,Samsung Galaxy S26 Plus S26+ (12/256Gb 12/512Gb) Garansi Resmi Sein,Rp15.649.000,5.0,1rb+ terjual,15649000,1000,5.0,12.0,256.0,SAMSUNG,Flagship (>10M)
samsung galaxy s22,( Special Creator ) Samsung Galaxy S25 Fe ( 8/256 ) Garansi Resmi Sein,Rp9.798.000,4.8,1rb+ terjual,9798000,1000,4.8,8.0,256.0,SAMSUNG,Upper Mid (5M-10M)
samsung galaxy s22,"Samsung Galaxy Tab S10 FE 5G/WIFI 8/128GB 12/256GB Original, Garansi Resmi  Layar Lebar 10,9""",Rp8.939.000,5.0,250+ terjual,8939000,250,5.0,8.0,128.0,SAMSUNG,Upper Mid (5M-10M)
samsung galaxy s22,Samsung Galaxy Tab A11+ 5G [6/128],Rp5.999.000,5.0,250+ terjual,5999000,250,5.0,6.0,128.0,SAMSUNG,Upper Mid (5M-10M)
samsung galaxy s22,Samsung Galaxy A07 RAM 4/64GB & RAM 4/128GB & 6/128GB & 8/256GB Garansi Resmi New,Rp2.104.000,4.9,500+ terjual,2104000,500,4.9,4.0,64.0,SAMSUNG,Mid-Range (2M-5M)
samsung galaxy s22,Samsung Galaxy A07 4/64GB | 4/128GB | 6/128GB I 8/256GB Original - Garansi SEIN,Rp2.036.000,5.0,100+ terjual,2036000,100,5.0,4.0,64.0,SAMSUNG,Mid-Range (2M-5M)
samsung galaxy s22,HP Samsung Galaxy S9 Resmi SEIN Dual Sim Original 2nd Fullset OEM,Rp2.559.000,5.0,100+ terjual,2559000,100,5.0,,,SAMSUNG,Mid-Range (2M-5M)
samsung galaxy s22,"[NEW LAUNCH] vivo V70FE 5G 200MP OIS Main Camera, AI Travel Portrait, 7000mAH + 90W FlashCharge, IP68+IP69 Water Resistance, OriginOS 6.0",Rp6.999.000,5.0,250+ terjual,6999000,250,5.0,,,VIVO,Upper Mid (5M-10M)
samsung galaxy s22,Samsung Galaxy S25 12/256GB 12/512GB Resmi SEIN,Rp11.565.000,5.0,100+ terjual,11565000,100,5.0,12.0,256.0,SAMSUNG,Flagship (>10M)
samsung galaxy s22,"Samsung Galaxy A57 5G 8/128GB 8/256GB 12/256GB | 6.7"" AMOLED+| Exynos 1680 | 5000mAh | Garansi Resmi",Rp6.159.000,4.8,750+ terjual,6159000,750,4.8,8.0,128.0,SAMSUNG,Upper Mid (5M-10M)
samsung galaxy s22,[ Mega Deals ] Samsung Galaxy A36 5G 8/256GB 12/256GB NFC Garansi Resmi SEIN - [Digitech MallxCreator],Rp5.980.115,5.0,250+ terjual,5980115,250,5.0,8.0,256.0,SAMSUNG,Upper Mid (5M-10M)
samsung galaxy s22,SEIN | SAMSUNG GALAXY S22 ULTRA 5G | S22+ PLUS 512GB 256GB 128GB RESMI,Rp4.455.000,4.8,100+ terjual,4455000,100,4.8,,512.0,SAMSUNG,Mid-Range (2M-5M)
samsung galaxy s22,( Special Creator ) Samsung Galaxy A37 5G 8/128Gb 8/256Gb Garansi Resmi Sein,Rp6.174.000,4.9,250+ terjual,6174000,250,4.9,8.0,128.0,SAMSUNG,Upper Mid (5M-10M)
samsung galaxy s22,SAMSUNG Galaxy A07 8Gb 256Gb Garansi Resmi Samsung Indonesia,Rp1.994.000,5.0,100+ terjual,1994000,100,5.0,,,SAMSUNG,Entry-Level (<2M)
samsung galaxy s22,Samsung Galaxy S25FE ( S25 FE ) 5G 8/256GB 8/512GB Original,Rp9.574.000,5.0,100+ terjual,9574000,100,5.0,8.0,256.0,SAMSUNG,Upper Mid (5M-10M)
samsung galaxy s22,Samsung Galaxy S20 Ultra Plus 12/128Gb 8/128GB Second Original Sein,Rp2.530.000,4.8,100+ terjual,2530000,100,4.8,12.0,128.0,SAMSUNG,Mid-Range (2M-5M)
samsung galaxy s22,Samsung Galaxy A17 4G 8/128GB 8/256GB | Super AMOLED 6.7inc | Mediatek Helio G99 | 5000 mAh | Garansi Resmi,Rp3.799.000,4.7,500+ terjual,3799000,500,4.7,8.0,128.0,SAMSUNG,Mid-Range (2M-5M)
samsung galaxy s22,Samsung Galaxy A17 4/128 GB | Smartphone AI | Android | 5000 mAh,Rp3.499.000,5.0,250+ terjual,3499000,250,5.0,4.0,128.0,SAMSUNG,Mid-Range (2M-5M)
samsung galaxy s22,Digitalisme x Promo Samsung Galaxy S25FE 8/256GB 8/512GB Garansi Resmi Indonesia,Rp9.794.900,4.9,250+ terjual,9794900,250,4.9,8.0,256.0,SAMSUNG,Upper Mid (5M-10M)
samsung galaxy s22,"[ LIVE SPESIAL ] SAMSUNG GALAXY A07 4/64, 4/128, 6/128, & 8/256 NEW GARANSI RESMI",Rp2.001.881,4.9,250+ terjual,2001881,250,4.9,4.0,64.0,SAMSUNG,Mid-Range (2M-5M)
samsung galaxy s22,Samsung Galaxy S8 Plus SEIN,Rp2.060.000,4.7,100+ terjual,2060000,100,4.7,,,SAMSUNG,Mid-Range (2M-5M)
samsung galaxy s22,Samsung A27 5G 8/256GB Garansi Resmi SEIN,Rp4.289.884,5.0,250+ terjual,4289884,250,5.0,8.0,256.0,SAMSUNG,Mid-Range (2M-5M)
samsung galaxy s22,Samsung Galaxy A35 5G 8/256GB Layar Super AMOLED Resmi,Rp4.000.000,4.7,250+ terjual,4000000,250,4.7,8.0,256.0,SAMSUNG,Mid-Range (2M-5M)
samsung galaxy s22,"Samsung Galaxy A27 5G 6/128GB & 8/256GB Original, GARANSI RESMI",Rp5.099.000,5.0,100+ terjual,5099000,100,5.0,6.0,128.0,SAMSUNG,Upper Mid (5M-10M)
samsung galaxy s22,HANDPHONE - SAMSUNG S25 ULTRA GARANSI RESMI,Rp18.258.000,5.0,70+ terjual,18258000,70,5.0,,,SAMSUNG,Flagship (>10M)
samsung galaxy s22,"[BARU] OPPO Reno16 F 5G 8GB/128 & 8GB/256GB [3D Pop Planet Design, AI Remix Collage, 50MP Ultra-wide Selfie Camera]",Rp7.999.000,5.0,100+ terjual,7999000,100,5.0,8.0,128.0,OPPO,Upper Mid (5M-10M)
samsung galaxy s22,Samsung Galaxy A17 4G RAM 8/128GB & 8/256GB Garansi Resmi New,Rp4.414.000,4.9,100+ terjual,4414000,100,4.9,8.0,128.0,SAMSUNG,Mid-Range (2M-5M)
samsung galaxy s22,SAMSUNG A54 5G 8/256 GARANSI RESMI INDONESIA,Rp3.450.000,5.0,100+ terjual,3450000,100,5.0,8.0,256.0,SAMSUNG,Mid-Range (2M-5M)
samsung galaxy s22,Samsung Note 20 Ultra 512gb Resmi Sein Indonesia,Rp2.850.000,5.0,60+ terjual,2850000,60,5.0,,512.0,SAMSUNG,Mid-Range (2M-5M)
samsung galaxy s22,Hp Samsung A26 5G  8/256  Resmi,Rp4.800.000,5.0,100+ terjual,4800000,100,5.0,8.0,256.0,SAMSUNG,Mid-Range (2M-5M)
samsung galaxy s22,Samsung Galaxy A17 5G 8/256GB Garansi Resmi,Rp4.899.000,5.0,60+ terjual,4899000,60,5.0,8.0,256.0,SAMSUNG,Mid-Range (2M-5M)
samsung galaxy s22,Samsung Galaxy A07 LTE 4/64GB | 4/128GB | 6/128GB | 8/256GB  - Garansi SEIN,Rp2.089.000,4.9,100+ terjual,2089000,100,4.9,4.0,64.0,SAMSUNG,Mid-Range (2M-5M)
samsung galaxy s22,"[ONLINE EXCLUSIVE] OPPO Reno16 F 5G Eco Pack 8GB/256GB Smartphone [3D Pop Planet Design, AI Remix Collage, 50MP Ultra-wide Selfie Camera]",Rp7.799.000,4.8,250+ terjual,7799000,250,4.8,8.0,256.0,OPPO,Upper Mid (5M-10M)
samsung galaxy s22,SEIN | Samsung Galaxy S21 FE 5G | S20 FE | 8/256GB 8/128GB RESMI INDO,Rp2.940.000,5.0,70+ terjual,2940000,70,5.0,8.0,256.0,SAMSUNG,Mid-Range (2M-5M)
samsung galaxy s22,SMARTPHONE SAMSUNG GALAXY S25 FE S25FE 8/512GB 8/256GB - HANDPHONE PONSEL ANDROID GARANSI RESMI,Rp9.664.000,4.8,250+ terjual,9664000,250,4.8,8.0,512.0,SAMSUNG,Upper Mid (5M-10M)
samsung galaxy s22,Samsung Galaxy A07 RAM 4/64GB | 4/128GB | 6/128GB | 8/256GB Garansi Resmi New,Rp2.130.000,4.9,100+ terjual,2130000,100,4.9,4.0,64.0,SAMSUNG,Mid-Range (2M-5M)
samsung galaxy s22,samsung note 20 8/256gb garansi resmi sein fullset normal no kndala.,Rp3.405.000,4.9,50+ terjual,3405000,50,4.9,8.0,256.0,SAMSUNG,Mid-Range (2M-5M)
samsung galaxy s22,SAMSUNG A32 - RAM 6/128 & 8/128 - FULLSET - SECOND GRADE A,Rp1.660.000,4.9,250+ terjual,1660000,250,4.9,6.0,128.0,SAMSUNG,Entry-Level (<2M)
samsung galaxy s22,"Samsung Galaxy S25 Basic, S25 Plus, S25 Ultra - Smartphone AI, Galaxy AI, Prosesor Snapdragon 8 Elite",Rp13.388.999,5.0,80+ terjual,13388999,80,5.0,,,SAMSUNG,Flagship (>10M)
samsung galaxy s22,"Samsung Galaxy S26 12/256GB 12/512GB, Original, Garansi Resmi",Rp14.439.000,5.0,50+ terjual,14439000,50,5.0,12.0,256.0,SAMSUNG,Flagship (>10M)
samsung galaxy s22,SEIN SAMSUNG GALAXY S23 8/256GB 8/128GB RESMI INDONESIA | SECOND,Rp6.120.000,5.0,50+ terjual,6120000,50,5.0,8.0,256.0,SAMSUNG,Upper Mid (5M-10M)
samsung galaxy s22,samsung a52s 5g 8/256 lengkap,Rp2.360.000,4.9,70+ terjual,2360000,70,4.9,8.0,256.0,SAMSUNG,Mid-Range (2M-5M)
samsung galaxy s22,Samsung Galaxy A17 8/128GB & 8/256GB [Garansi Resmi Samsung],Rp3.999.000,5.0,70+ terjual,3999000,70,5.0,8.0,128.0,SAMSUNG,Mid-Range (2M-5M)
samsung galaxy s22,( Special Creator ) Samsung Galaxy S26 Ultra 5G (12/1Tb 12/512 12/256) Garansi Resmi Sein,Rp19.699.000,4.9,250+ terjual,19699000,250,4.9,12.0,1024.0,SAMSUNG,Flagship (>10M)
samsung galaxy s22,"Gadgetasik [SUPERZOOM FLASHSNAP] TECNO CAMON 50 8GB+8GB*/128GB, 50MP Sony + 8MP Ultra Wide, 32MP Front Camera, 1.5K 144Hz AMOLED, Mediatek Helio G200 Ultimate , IP69K, 45W Ultra Charging, camon50",Rp4.099.000,5.0,40+ terjual,4099000,40,5.0,,,TECNO,Mid-Range (2M-5M)
samsung galaxy s22,"Samsung Galaxy A17 5G RAM 8/256GB Garansi Resmi Layar Super AMOLED 6,7 inci Kamera Triple 50 MP Baterai 5.000 mAh IP54 Tahan Air",Rp4.643.900,5.0,80+ terjual,4643900,80,5.0,8.0,256.0,SAMSUNG,Mid-Range (2M-5M)
samsung galaxy s22,Samsung Galaxy A37 5G 8/128GB | 8/256GB Original Garansi Resmi,Rp6.599.000,5.0,60+ terjual,6599000,60,5.0,8.0,128.0,SAMSUNG,Upper Mid (5M-10M)
samsung galaxy s22,Samsung Galaxy A27 5G 8/256GB | Hp AI | IP64 | 5000 mAh,Rp5.599.000,4.9,100+ terjual,5599000,100,4.9,8.0,256.0,SAMSUNG,Upper Mid (5M-10M)
samsung galaxy s22,Samsung Galaxy Note 9 512gb,Rp2.150.000,4.9,50+ terjual,2150000,50,4.9,,512.0,SAMSUNG,Mid-Range (2M-5M)
samsung galaxy s22,Samsung Galaxy A57 5G 8/128GB | 8/256GB | 12/256GB,Rp6.998.900,5.0,70+ terjual,6998900,70,5.0,8.0,128.0,SAMSUNG,Upper Mid (5M-10M)
samsung galaxy s22,Samsung Galaxy A17 4G LTE AMOLED Helio G99 Garansi Resmi 1 Tahun,Rp3.389.000,5.0,90+ terjual,3389000,90,5.0,,,SAMSUNG,Mid-Range (2M-5M)
samsung galaxy s22,"[New Launch] vivo Y31d Pro - Desain Satin 3D, 7000mAh Baterai Non-Stop & 90W FlashCharge, IP68/69/69+ Tahan Air & Banting Ekstrem, 50MP AI Kamera, OriginOS",Rp3.899.000,5.0,80+ terjual,3899000,80,5.0,,,VIVO,Mid-Range (2M-5M)
samsung galaxy s22,Samsung Galaxy S25 Basic | S25 Plus | S25 Ultra,Rp12.499.000,5.0,40+ terjual,12499000,40,5.0,,,SAMSUNG,Flagship (>10M)
samsung galaxy s22,Samsung galaxy A05S 4GB/128GB,Rp1.960.000,5.0,30+ terjual,1960000,30,5.0,4.0,128.0,SAMSUNG,Entry-Level (<2M)
samsung galaxy s22,SEIN SAMSUNG GALAXY S21 FE | S20 FE 8/256GB 8/128GB RESMI INDONESIA,Rp2.945.000,4.9,70+ terjual,2945000,70,4.9,8.0,256.0,SAMSUNG,Mid-Range (2M-5M)
samsung galaxy s22,Samsung S 21 | S21+ | S21FE | S 21 Ultra Second Lengkap Garansi Resmi Sein,Rp3.335.467,4.7,80+ terjual,3335467,80,4.7,,,SAMSUNG,Mid-Range (2M-5M)
samsung galaxy s22,samsung a22 6/128 garansi resmi,Rp1.850.000,4.7,80+ terjual,1850000,80,4.7,6.0,128.0,SAMSUNG,Entry-Level (<2M)
samsung galaxy s22,( Special Creator ) Samsung Galaxy S26 Plus S26+ 5G (12/512Gb/12/256Gb) Garansi Resmi New,Rp15.848.000,4.8,1rb+ terjual,15848000,1000,4.8,12.0,512.0,SAMSUNG,Flagship (>10M)
samsung galaxy s22,Samsung Galaxy S23 FE Smartphone (8/128GB),Rp4.000.000,5.0,23 terjual,4000000,23,5.0,8.0,128.0,SAMSUNG,Mid-Range (2M-5M)
samsung galaxy s22,"TECNO CAMON 50 CN5 8GB/256GB & 12GB/256GB AMOLED,IP69K, 45W Ultra Charging GARANSI RESMI - SMARTPHON/PONSEL",Rp4.055.000,4.8,90+ terjual,4055000,90,4.8,8.0,256.0,TECNO,Mid-Range (2M-5M)
samsung galaxy s23,[NEW] Samsung Galaxy S26 Ultra S26+ Plus S23 256GB 512GB 1TB Garansi Resmi Indonesia,Rp8.850.000,4.9,250+ terjual,8850000,250,4.9,,256.0,SAMSUNG,Upper Mid (5M-10M)
samsung galaxy s23,Smartphone Samsung Galaxy S23 5G 8GB/256GB,Rp5.965.000,4.9,100+ terjual,5965000,100,4.9,8.0,256.0,SAMSUNG,Upper Mid (5M-10M)
samsung galaxy s23,SEIN | SAMSUNG GALAXY S23 5G 8/256GB 8/128GB | SECOND RESMI INDONESIA,Rp6.115.000,4.9,70+ terjual,6115000,70,4.9,8.0,256.0,SAMSUNG,Upper Mid (5M-10M)
samsung galaxy s23,HP Samsung S23 128GB 256GB Resmi SEIN DualSim 2nd Second Fullset Mulus,Rp6.259.000,5.0,40+ terjual,6259000,40,5.0,,128.0,SAMSUNG,Upper Mid (5M-10M)
samsung galaxy s23,SAMSUNG GALAXY S23 FE 5G 8/256GB & 8/128GB SECOND RESMI SEIN INDONESIA,Rp5.210.000,4.9,50+ terjual,5210000,50,4.9,8.0,256.0,SAMSUNG,Upper Mid (5M-10M)
samsung galaxy s23,SAMSUNG GALAXY S23 FE 5G SEIN 8/256GB & 8/128GB SECOND RESMI INDONESIA,Rp5.215.000,5.0,30+ terjual,5215000,30,5.0,8.0,256.0,SAMSUNG,Upper Mid (5M-10M)
samsung galaxy s23,Samsung S23 5G 8/256GB Fullset,Rp6.460.000,5.0,9 terjual,6460000,9,5.0,8.0,256.0,SAMSUNG,Upper Mid (5M-10M)
samsung galaxy s23,Samsung S23 Sein 8/256 gb,Rp6.360.000,5.0,11 terjual,6360000,11,5.0,8.0,256.0,SAMSUNG,Upper Mid (5M-10M)
samsung galaxy s23,Samsung Galaxy S23 [8/256GB] Garansi Resmi Indonesia,Rp6.000.000,5.0,6 terjual,6000000,6,5.0,8.0,256.0,SAMSUNG,Upper Mid (5M-10M)
samsung galaxy s23,Samsung Galaxy S23 FE 5G 8/128GB 8/256GB RAM 8GB ROM 128GB 256GB Garansi Resmi,Rp6.759.000,5.0,12 terjual,6759000,12,5.0,8.0,128.0,SAMSUNG,Upper Mid (5M-10M)
samsung galaxy s23,SAMSUNG GALAXY S23 FE 5G SEIN 8/128GB & 8/256GB SECOND RESMI INDONESIA,Rp6.070.000,5.0,6 terjual,6070000,6,5.0,8.0,128.0,SAMSUNG,Upper Mid (5M-10M)
samsung galaxy s23,SAMSUNG S23 5G | DUAL SIM 5G | FUNGSI NORMAL MULUS AMAN LANCAR JAYA |,Rp5.660.000,5.0,10 terjual,5660000,10,5.0,,,SAMSUNG,Upper Mid (5M-10M)
samsung galaxy s23,Samsung Galaxy S23 [8/128GB] Garansi Resmi Indonesia,Rp5.810.000,5.0,2 terjual,5810000,2,5.0,8.0,128.0,SAMSUNG,Upper Mid (5M-10M)
samsung galaxy s23,SEIN SAMSUNG GALAXY S23 8/256GB RESMI INDONESIA | FULLSET CREAM,Rp6.455.000,5.0,1 terjual,6455000,1,5.0,8.0,256.0,SAMSUNG,Upper Mid (5M-10M)
samsung galaxy s23,Samsung S23 5G 8/256 second Fullset Ori Mulus Resmi SEIN,Rp7.159.000,5.0,1 terjual,7159000,1,5.0,8.0,256.0,SAMSUNG,Upper Mid (5M-10M)
samsung galaxy s23,Secondhand | Samsung Galaxy S23 5G 8/128GB EX RESMI INDONESIA,Rp6.070.000,5.0,3 terjual,6070000,3,5.0,8.0,128.0,SAMSUNG,Upper Mid (5M-10M)
samsung galaxy s23,Samsung Galaxy S23 Fe 5G ram [8/128gb-8/256gb] garansi resmi samsung,Rp7.590.000,5.0,3 terjual,7590000,3,5.0,8.0,128.0,SAMSUNG,Upper Mid (5M-10M)
samsung galaxy s23,Samsung S23 8/256GB Second Fullset like new garansi on,Rp9.960.000,5.0,1 terjual,9960000,1,5.0,8.0,256.0,SAMSUNG,Upper Mid (5M-10M)
samsung galaxy s23,SAMSUNG GALAXY A57 5G 8GB 256GB / 12GB 256GB Garansi Resmi,Rp6.759.000,4.9,4rb+ terjual,6759000,4000,4.9,,,SAMSUNG,Upper Mid (5M-10M)
samsung galaxy s23,Samsung Galaxy A56 5G RAM 8/256GB & 12/256GB Resmi SEIN Garansi Indonesia,Rp5.625.900,4.9,3rb+ terjual,5625900,3000,4.9,8.0,256.0,SAMSUNG,Upper Mid (5M-10M)
samsung galaxy s23,Samsung Galaxy A57 5G 8/128GB 8/256GB 12/256GB Garansi Resmi Indonesia | Samsung A57 5G Original,Rp6.742.900,4.9,5rb+ terjual,6742900,5000,4.9,8.0,128.0,SAMSUNG,Upper Mid (5M-10M)
samsung galaxy s23,[ Mega Deals ] Samsung Galaxy A57 5G 8/128GB 8/256GB 12/256GB NFC Garansi Resmi SEIN - [Digitech MallxCreator],Rp7.025.881,5.0,1rb+ terjual,7025881,1000,5.0,8.0,128.0,SAMSUNG,Upper Mid (5M-10M)
samsung galaxy s23,Samsung Galaxy A57 5G 8/128GB 8/256GB 12/256GB Garansi Resmi Original,Rp6.375.000,5.0,1rb+ terjual,6375000,1000,5.0,8.0,128.0,SAMSUNG,Upper Mid (5M-10M)
samsung galaxy s23,Samsung Galaxy A56 5G RAM 8/256GB & 12/256GB Resmi SEIN Garansi Indonesia,Rp6.620.900,5.0,1rb+ terjual,6620900,1000,5.0,8.0,256.0,SAMSUNG,Upper Mid (5M-10M)
samsung galaxy s23,"[ONLINE EXCLUSIVE] vivo T5 Pro 5G - Dimensity 7400-Turbo 5G + UFS 3.1, 6500 mAH + 90W FlashCharge, Origin OS + vivo AI, 50MP Sony IMX882",Rp4.809.000,4.9,1rb+ terjual,4809000,1000,4.9,,,VIVO,Mid-Range (2M-5M)
samsung galaxy s23,Samsung Galaxy A16 5G | Samsung Galaxy A17 5G [8/256 GB] Garansi Resmi,Rp4.399.000,5.0,1rb+ terjual,4399000,1000,5.0,8.0,256.0,SAMSUNG,Mid-Range (2M-5M)
samsung galaxy s23,Samsung Galaxy A26 5G Garansi Resmi SEIN 8/256GB Black Pink Green,Rp5.041.000,5.0,1rb+ terjual,5041000,1000,5.0,8.0,256.0,SAMSUNG,Upper Mid (5M-10M)
samsung galaxy s23,Samsung Galaxy A57 5G 8/256GB I 8/128GB Garansi Resmi,Rp6.867.000,4.9,1rb+ terjual,6867000,1000,4.9,8.0,256.0,SAMSUNG,Upper Mid (5M-10M)
samsung galaxy s23,Samsung Galaxy M23 5G RAM 6/128 GB Garansi Resmi SEIN,Rp3.210.000,4.9,500+ terjual,3210000,500,4.9,6.0,128.0,SAMSUNG,Mid-Range (2M-5M)
samsung galaxy s23,Samsung Galaxy S26 Ultra 12/256GB 12/512GB 16/1TB Garansi Resmi,Rp18.934.000,5.0,250+ terjual,18934000,250,5.0,12.0,256.0,SAMSUNG,Flagship (>10M)
samsung galaxy s23,"[3636.Shop] Samsung Galaxy A57 5G [8GB+128GB] [8GB+256GB] [12GB+256GB] Display  6,7 inch Super AMOLED+ - Exynos 1680 - Camera 50MP - 5000mAh - Garansi Resmi SEIN 1 Tahun",Rp7.312.000,4.9,500+ terjual,7312000,500,4.9,,,SAMSUNG,Upper Mid (5M-10M)
samsung galaxy s23,Samsung Galaxy S25 Ultra 12/256 12/512 12/1TB 12GB 256GB 512GB 1TB,Rp16.045.000,5.0,250+ terjual,16045000,250,5.0,12.0,256.0,SAMSUNG,Flagship (>10M)
samsung galaxy s23,Samsung Galaxy A16 8/128 8/256 GB Like New Garansi Resmi Indonesia,Rp2.925.000,5.0,250+ terjual,2925000,250,5.0,8.0,128.0,SAMSUNG,Mid-Range (2M-5M)
samsung galaxy s23,[ JKT ] Samsung Galaxy A57 5G 8/128GB 8/256GB 12/256GB NFC Garansi Resmi,Rp5.831.598,5.0,250+ terjual,5831598,250,5.0,8.0,128.0,SAMSUNG,Upper Mid (5M-10M)
samsung galaxy s23,Samsung Galaxy A55/A56 5G 8/256GB 12/256GB fullset dan bergaransi,Rp4.665.250,4.8,250+ terjual,4665250,250,4.8,8.0,256.0,SAMSUNG,Mid-Range (2M-5M)
samsung galaxy s23,Handphone HP Samsung Galaxy A56 5G 8/256GB 12/256GB NFC Garansi Resmi SEIN,Rp7.633.500,5.0,250+ terjual,7633500,250,5.0,8.0,256.0,SAMSUNG,Upper Mid (5M-10M)
samsung galaxy s23,[ special creator ] Samsung Galaxy A57 5G Garansi Resmi SEIN Baru Original,Rp6.564.621,4.9,250+ terjual,6564621,250,4.9,,,SAMSUNG,Upper Mid (5M-10M)
samsung galaxy s23,SAMSUNG GALAXY A23 6/128 GB GARANSI RESMI,Rp2.960.000,5.0,100+ terjual,2960000,100,5.0,6.0,128.0,SAMSUNG,Mid-Range (2M-5M)
samsung galaxy s23,HP Samsung S22 128GB 256GB Resmi SEIN Dual Sim 2nd Second Fullset,Rp4.959.000,5.0,70+ terjual,4959000,70,5.0,,128.0,SAMSUNG,Mid-Range (2M-5M)
samsung galaxy s23,[ FS ] Samsung Galaxy A17 5G 8/256GB Garansi Resmi 8GB 256 GB | Samsung A17 4G 8/128GB,Rp3.734.545,5.0,70+ terjual,3734545,70,5.0,8.0,256.0,SAMSUNG,Mid-Range (2M-5M)
samsung galaxy s23,[ Spesial Deals ] Samsung Galaxy A17 5G 8/256GB Garansi Resmi 8GB 256 GB | Samsung A17 4G 8/128GB - [Digitech MallxCreator],Rp3.368.000,5.0,100+ terjual,3368000,100,5.0,8.0,256.0,SAMSUNG,Mid-Range (2M-5M)
samsung galaxy s23,Samsung Galaxy A37 5G 8/128GB 8/256GB Garansi Resmi,Rp6.354.000,5.0,100+ terjual,6354000,100,5.0,8.0,128.0,SAMSUNG,Upper Mid (5M-10M)
samsung galaxy s23,Samsung Galaxy A16 5G 8/256 GB,Rp2.550.000,4.8,250+ terjual,2550000,250,4.8,8.0,256.0,SAMSUNG,Mid-Range (2M-5M)
samsung galaxy s23,SAMSUNG GALAXY A57 5G 8/12GB 128/256GB GARANSI RESMI INDONESIA,Rp6.499.000,4.9,100+ terjual,6499000,100,4.9,8.0,,SAMSUNG,Upper Mid (5M-10M)
samsung galaxy s23,( Special Creator ) Samsung Galaxy A17 5G/4G 4/128Gb 8/128Gb 8/256Gb Garansi Resmi,Rp3.034.160,5.0,100+ terjual,3034160,100,5.0,4.0,128.0,SAMSUNG,Mid-Range (2M-5M)
samsung galaxy s23,Smartphone Samsung Galaxy S23 Ultra 5G 12GB/256GB,Rp9.195.000,4.8,80+ terjual,9195000,80,4.8,12.0,256.0,SAMSUNG,Upper Mid (5M-10M)
samsung galaxy s23,Smartphone Samsung Galaxy S22 5G 8GB/256GB,Rp4.540.000,5.0,40+ terjual,4540000,40,5.0,8.0,256.0,SAMSUNG,Mid-Range (2M-5M)
samsung galaxy s23,"[ONLINE EXCLUSIVE] vivo V70FE 5G 200MP OIS Main Camera, AI Travel Portrait, 7000mAH + 90W FlashCharge, IP68+IP69 Water Resistance, OriginOS 6.0",Rp7.399.000,4.9,100+ terjual,7399000,100,4.9,,,VIVO,Upper Mid (5M-10M)
samsung galaxy s23,samsung galaxy a23 6/128,Rp3.259.000,5.0,30+ terjual,3259000,30,5.0,6.0,128.0,SAMSUNG,Mid-Range (2M-5M)
samsung galaxy s23,VIVO V23 - 5G - RAM 8/128 - FULLSET - SECOND GRADE A,Rp2.260.000,4.9,80+ terjual,2260000,80,4.9,8.0,128.0,VIVO,Mid-Range (2M-5M)
samsung galaxy s23,SAMSUNG GALAXY A37 5G 8/256GB 8/128GB -GARANSI RESMI SAMSUNG INDONESIA,Rp5.689.000,5.0,100+ terjual,5689000,100,5.0,8.0,256.0,SAMSUNG,Upper Mid (5M-10M)
samsung galaxy s23,samsung galaxy a23 6/128 garansi resmi,Rp2.660.000,5.0,40+ terjual,2660000,40,5.0,6.0,128.0,SAMSUNG,Mid-Range (2M-5M)
samsung galaxy s24,(NEW) Samsung Galaxy S24 5G 8/512GB 8/256GB Violet Black Yellow Gray,Rp9.090.000,5.0,100+ terjual,9090000,100,5.0,8.0,512.0,SAMSUNG,Upper Mid (5M-10M)
samsung galaxy s24,SAMSUNG GALAXY S24 ULTRA S24 PLUS S24 5G 1TB 512GB 256GB GARANSI RESMI,Rp11.059.000,4.8,90+ terjual,11059000,90,4.8,,1024.0,SAMSUNG,Flagship (>10M)
samsung galaxy s24,Samsung Galaxy S24 Ultra S24+ Plus S24 256GB 512GB 1TB,Rp8.786.000,5.0,30+ terjual,8786000,30,5.0,,256.0,SAMSUNG,Upper Mid (5M-10M)
samsung galaxy s24,Samsung Galaxy S24 5G 8GB/256GB | 512GB Garansi resmi Samsung S24,Rp9.859.000,5.0,60+ terjual,9859000,60,5.0,8.0,256.0,SAMSUNG,Upper Mid (5M-10M)
samsung galaxy s24,Samsung Galaxy S24 FE 5G 8/128GB | 8/256GB Garansi Resmi SEIN,Rp8.848.000,5.0,17 terjual,8848000,17,5.0,8.0,128.0,SAMSUNG,Upper Mid (5M-10M)
samsung galaxy s24,Samsung Galaxy S24 Fe Ram 8GB Internal 512Gb 256Gb Gray Graphite Blue Resmi Indonesia,Rp6.950.000,4.9,60+ terjual,6950000,60,4.9,8.0,,SAMSUNG,Upper Mid (5M-10M)
samsung galaxy s24,SAMSUNG GALAXY S24 5G SEIN 8/512GB 8/256GB | 512GB 256GB SECOND RESMI,Rp8.135.000,5.0,17 terjual,8135000,17,5.0,8.0,512.0,SAMSUNG,Upper Mid (5M-10M)
samsung galaxy s24,Samsung Galaxy S24 FE | 8GB 256GB | 8GB 128GB | 8GB 512GB Garansi Resmi Indonesia,Rp9.998.000,5.0,30+ terjual,9998000,30,5.0,,,SAMSUNG,Upper Mid (5M-10M)
samsung galaxy s24,SAMSUNG GALAXY S24 PLUS 5G SEIN 12/512GB 12/256GB | 8/512GB 8/256GB SECOND RESMI,Rp8.135.000,4.9,27 terjual,8135000,27,4.9,12.0,512.0,SAMSUNG,Upper Mid (5M-10M)
samsung galaxy s24,(Ex-Display) Samsung Galaxy S24 RAM 8GB Internal 512GB 256GB Marble Gray Cobalt Violet Amber Yellow Onyx Black,Rp8.310.000,5.0,30+ terjual,8310000,30,5.0,8.0,,SAMSUNG,Upper Mid (5M-10M)
samsung galaxy s24,SEIN | SAMSUNG GALAXY S24 FE 5G & S23 FE 512GB 256GB 128GB SECOND RESMI,Rp5.210.000,5.0,17 terjual,5210000,17,5.0,,512.0,SAMSUNG,Upper Mid (5M-10M)
samsung galaxy s24,SAMSUNG GALAXY S24 FE | S23 FE 512GB 256GB 128GB SECOND RESMI SEIN,Rp5.215.000,4.7,28 terjual,5215000,28,4.7,,512.0,SAMSUNG,Upper Mid (5M-10M)
samsung galaxy s24,SEIN | SAMSUNG GALAXY S24 FE 5G 8/512GB 8/256GB 8/128GB SECOND RESMI INDONESIA,Rp6.625.000,4.9,16 terjual,6625000,16,4.9,8.0,512.0,SAMSUNG,Upper Mid (5M-10M)
samsung galaxy s24,Smartphone Samsung Galaxy S24 8GB/256GB Bekas,Rp7.905.000,4.9,21 terjual,7905000,21,4.9,8.0,256.0,SAMSUNG,Upper Mid (5M-10M)
samsung galaxy s24,SAMSUNG GALAXY S24 5G 512GB 256GB RAM 8GB GARANSI RESMI,Rp9.949.000,5.0,9 terjual,9949000,9,5.0,,512.0,SAMSUNG,Upper Mid (5M-10M)
samsung galaxy s24,Samsung Galaxy S24 FE | 8GB | 256GB |  Second Mulus Original 100% Garansi Resmi,Rp7.000.000,5.0,9 terjual,7000000,9,5.0,,,SAMSUNG,Upper Mid (5M-10M)
samsung galaxy s24,(New Segel) Samsung Galaxy S24 Ultra S24 Plus S24 RAM 12GB 8GB Internal 1TB 512GB 256GB Garansi Resmi SEIN Black Gray Violet Yellow,Rp10.045.000,5.0,14 terjual,10045000,14,5.0,12.0,,SAMSUNG,Flagship (>10M)
samsung galaxy s24,Samsung S24 5G 8/256 second Fullset Garansi SEIN,Rp7.999.000,5.0,4 terjual,7999000,4,5.0,8.0,256.0,SAMSUNG,Upper Mid (5M-10M)
samsung galaxy s24,Samsung s24 8/256gb garansi resmi sein,Rp7.800.000,5.0,5 terjual,7800000,5,5.0,8.0,256.0,SAMSUNG,Upper Mid (5M-10M)
samsung galaxy s24,Samsung Galaxy S24 FE 8/256 Garansi Resmi,Rp8.050.000,5.0,10 terjual,8050000,10,5.0,8.0,256.0,SAMSUNG,Upper Mid (5M-10M)
samsung galaxy s24,SAMSUNG GALAXY S24 5G 8/512GB 8/256GB RESMI SEIN :Samsung Electronics Indonesia,Rp8.085.000,5.0,5 terjual,8085000,5,5.0,8.0,512.0,SAMSUNG,Upper Mid (5M-10M)
samsung galaxy s24,Samsung galaxy S24 FE 5G  8/256 garansi resmi,Rp8.459.000,5.0,2 terjual,8459000,2,5.0,8.0,256.0,SAMSUNG,Upper Mid (5M-10M)
samsung galaxy s24,samsung galaxy s24 ultra 12/1tb,Rp5.960.000,5.0,2 terjual,5960000,2,5.0,12.0,1024.0,SAMSUNG,Upper Mid (5M-10M)
samsung galaxy s24,Samsung Galaxy S24 5G 8/256 | Exynos2400 | 4000mAh | Super Fast Charging,Rp11.099.000,5.0,6 terjual,11099000,6,5.0,8.0,256.0,SAMSUNG,Flagship (>10M)
samsung galaxy s24,Samsung S24 Fe 5G 256Gb - Resmi SEIN,Rp6.048.000,5.0,1 terjual,6048000,1,5.0,,256.0,SAMSUNG,Upper Mid (5M-10M)
samsung galaxy s24,SAMSUNG S24 REGULER 8/256 SECOND LIKE NEW GARANSI ON PANJANG,Rp8.360.000,5.0,1 terjual,8360000,1,5.0,8.0,256.0,SAMSUNG,Upper Mid (5M-10M)
samsung galaxy s24,Samsung S24 5G 8/256 Second Fullset Original Garansi Resmi,Rp9.959.000,5.0,1 terjual,9959000,1,5.0,8.0,256.0,SAMSUNG,Upper Mid (5M-10M)
samsung galaxy s24,Samsung S24 FE 8/256 Resmi SEIN,Rp6.660.000,5.0,2 terjual,6660000,2,5.0,8.0,256.0,SAMSUNG,Upper Mid (5M-10M)
samsung galaxy s24,samsung galaxy s24 fe 256gb,Rp10.159.000,5.0,1 terjual,10159000,1,5.0,,256.0,SAMSUNG,Flagship (>10M)
samsung galaxy s24,Samsung S24 FE 8/256 seken,Rp5.860.000,5.0,2 terjual,5860000,2,5.0,8.0,256.0,SAMSUNG,Upper Mid (5M-10M)
samsung galaxy s24,[LIKE NEW] Samsung Galaxy S24+ Plus 5G [12/256GB 12/512GB] Violet Yellow Gray Black | Snapdragon 8 Gen3 | Kamera 50MP | 4900mAh,Rp9.490.000,5.0,13 terjual,9490000,13,5.0,12.0,256.0,SAMSUNG,Upper Mid (5M-10M)
samsung galaxy s24,Samsung Galaxy A56 5G 8/256GB 12/256GB NFC Garansi Resmi  SEIN,Rp6.661.000,5.0,1rb+ terjual,6661000,1000,5.0,8.0,256.0,SAMSUNG,Upper Mid (5M-10M)
samsung galaxy s24,Samsung Galaxy A36 5G 12/256GB 8/256GB | Samsung A26 Garansi Resmi SEIN Not A35,Rp4.999.000,4.9,2rb+ terjual,4999000,2000,4.9,12.0,256.0,SAMSUNG,Mid-Range (2M-5M)
samsung galaxy s24,(NEW RESMI SEIN) Samsung Galaxy S24 Ultra | S24+ Plus Ram 12Gb Internal  1TB / 512Gb / 256Gb Termurah New Sein,Rp9.130.000,5.0,250+ terjual,9130000,250,5.0,12.0,256.0,SAMSUNG,Upper Mid (5M-10M)
samsung galaxy s24,SAMSUNG GALAXY A57 5G 12GB 256GB | 8GB 128GB Garansi Resmi,Rp6.759.000,5.0,500+ terjual,6759000,500,5.0,,,SAMSUNG,Upper Mid (5M-10M)
samsung galaxy s24,Samsung Galaxy A36 5G 8/256GB 12/512GB Super Amoled Garansi Resmi,Rp5.625.900,4.9,100+ terjual,5625900,100,4.9,8.0,256.0,SAMSUNG,Upper Mid (5M-10M)
samsung galaxy s24,"Samsung Galaxy A17 5G 8/256GB Exynos 1330 Super AMOLED 6.7"" Original Garansi Resmi SEIN",Rp4.973.000,5.0,100+ terjual,4973000,100,5.0,8.0,256.0,SAMSUNG,Mid-Range (2M-5M)
samsung galaxy s24,Samsung Galaxy S26 Plus ( S26+ ) S26 12/256GB 12/512GB Garansi Resmi,Rp13.395.000,4.8,100+ terjual,13395000,100,4.8,12.0,256.0,SAMSUNG,Flagship (>10M)
samsung galaxy z flip,SEIN | SAMSUNG GALAZY Z FLIP 5 | 4 | 3 512GB 256GB 128GB | SECOND,Rp4.705.000,4.9,100+ terjual,4705000,100,4.9,,512.0,SAMSUNG,Mid-Range (2M-5M)
samsung galaxy z flip,SEIN | SAMSUNG GALAZY Z FLIP 5 | 4 | 3 512GB 256GB 128GB 512GB Garansi Remsmi,Rp4.685.508,5.0,70+ terjual,4685508,70,5.0,,512.0,SAMSUNG,Mid-Range (2M-5M)
samsung galaxy z flip,SAMSUNG GALAZY Z FLIP 5 | 4 | 3 512GB 256GB 128GB | SECOND FULLSET ORI,Rp4.125.508,4.9,70+ terjual,4125508,70,4.9,,512.0,SAMSUNG,Mid-Range (2M-5M)
samsung galaxy z flip,SEIN | SAMSUNG GALAXY Z FLIP 7 | 6 | 5 512GB 256GB | ORIGINAL GARANSI RESMI INDONESIA,Rp4.680.000,5.0,40+ terjual,4680000,40,5.0,,512.0,SAMSUNG,Mid-Range (2M-5M)
samsung galaxy z flip,samsung galaxyz flip 8/128,Rp3.460.000,5.0,24 terjual,3460000,24,5.0,8.0,128.0,SAMSUNG,Mid-Range (2M-5M)
samsung galaxy z flip,Samsung Galaxy Z flip 3 8/128gb Resmi SEIN original Termurah,Rp1.299.000,5.0,21 terjual,1299000,21,5.0,8.0,128.0,SAMSUNG,Entry-Level (<2M)
samsung galaxy z flip,Samsung Galaxy Z Flip 4 5G 256GB 128GB RAM 8GB Garansi Resmi SEIN,Rp15.499.000,5.0,21 terjual,15499000,21,5.0,,256.0,SAMSUNG,Flagship (>10M)
samsung galaxy z flip,Samsung Galaxy Z flip 3 8/256GB,Rp3.959.999,4.6,50+ terjual,3959999,50,4.6,8.0,256.0,SAMSUNG,Mid-Range (2M-5M)
samsung galaxy z flip,Samsung Galaxy Z flip 4,Rp4.610.000,5.0,25 terjual,4610000,25,5.0,,,SAMSUNG,Mid-Range (2M-5M)
samsung galaxy z flip,Samsung Galaxy Z Flip 6 & Z Flip 5 & Z Flip 4 512Gb | 256Gb | 128Gb Fullset Original Resmi SEIN,Rp4.625.508,5.0,19 terjual,4625508,19,5.0,,512.0,SAMSUNG,Mid-Range (2M-5M)
samsung galaxy z flip,Samsung Galaxy Z flip 3 Resmi SEIN,Rp3.210.000,5.0,16 terjual,3210000,16,5.0,,,SAMSUNG,Mid-Range (2M-5M)
samsung galaxy z flip,Samsung Galaxy Z Flip 5,Rp5.410.000,4.9,22 terjual,5410000,22,4.9,,,SAMSUNG,Upper Mid (5M-10M)
samsung galaxy z flip,Samsung Galaxy Z Flip8 [12GB/256GB] | Smartphone AI | Desain Tipis dan Ringan | FlexCam,Rp19.999.000,4.8,29 terjual,19999000,29,4.8,12.0,256.0,SAMSUNG,Flagship (>10M)
samsung galaxy z flip,samsung galaxy z flip5 8/512gb warna mint,Rp1.500.000,5.0,9 terjual,1500000,9,5.0,8.0,512.0,SAMSUNG,Entry-Level (<2M)
samsung galaxy z flip,Samsung Z Flip 4,Rp9.960.000,5.0,8 terjual,9960000,8,5.0,,,SAMSUNG,Upper Mid (5M-10M)
samsung galaxy z flip,RESMI SEIN | SAMSUNG GALAXY Z FLIP 6 | 5 | 4 5G 512GB 256GB 128GB | SECOND,Rp4.710.000,5.0,18 terjual,4710000,18,5.0,,512.0,SAMSUNG,Mid-Range (2M-5M)
samsung galaxy z flip,"Samsung Galaxy Zflip 4 Z Flip 4 8/128Gb, 8/256Gb, 8/512Gb SEIN Resmi MURAH",Rp3.560.000,5.0,8 terjual,3560000,8,5.0,8.0,128.0,SAMSUNG,Mid-Range (2M-5M)
samsung galaxy z flip,"SAMSUNG GALAXY Z Flip 3 5G 8/128GB 8/256GB 6.7"" ORIGINAL SECOND SEKEN BEKAS MULUS INTER SEIN Flip3",Rp4.159.000,5.0,4 terjual,4159000,4,5.0,8.0,128.0,SAMSUNG,Mid-Range (2M-5M)
samsung galaxy z flip,Samsung Z Flip 4 8/256Gb,Rp4.260.000,5.0,10 terjual,4260000,10,5.0,8.0,256.0,SAMSUNG,Mid-Range (2M-5M)
samsung galaxy z flip,SEIN | Samsung Galaxy Flip 4 128Gb | Flip 4 256Gb | Flip 4 512Gb Second Fullset Original Resmi,Rp4.685.508,5.0,5 terjual,4685508,5,5.0,,128.0,SAMSUNG,Mid-Range (2M-5M)
samsung galaxy z flip,Samsung Galaxy Z Flip 5 4 3 5G 512GB 256GB 128GB Second Resmi Sein,Rp3.834.000,4.5,18 terjual,3834000,18,4.5,,512.0,SAMSUNG,Mid-Range (2M-5M)
samsung galaxy z flip,RESMI SEIN | SAMSUNG GALAXY Z FLIP 3 5G 128GB 256GB | SECOND ORIGINAL,Rp4.320.000,4.5,22 terjual,4320000,22,4.5,,128.0,SAMSUNG,Mid-Range (2M-5M)
samsung galaxy z flip,samsung z flip 5 8/512gb resmi sein,Rp6.360.000,4.8,8 terjual,6360000,8,4.8,8.0,512.0,SAMSUNG,Upper Mid (5M-10M)
samsung galaxy z flip,Samsung Galaxy Z Flip 5 5G RAM 8/256GB - 8/512GB Garansi Resmi,Rp7.498.000,5.0,10 terjual,7498000,10,5.0,8.0,256.0,SAMSUNG,Upper Mid (5M-10M)
samsung galaxy z flip,Samsung galaxy Z flip 5 5G ram 8gb internal 256gb resmi sein indonesia,Rp5.100.000,5.0,4 terjual,5100000,4,5.0,8.0,,SAMSUNG,Upper Mid (5M-10M)
samsung galaxy z flip,"Second Samsung Galaxy Z Flip 3 256GB Garansi Resmi, Fullset Original",Rp7.460.000,5.0,17 terjual,7460000,17,5.0,,256.0,SAMSUNG,Upper Mid (5M-10M)
samsung galaxy z flip,Samsung Galaxy Z Flip 6 5G 12/256GB 12/512GB Original Garansi Resmi Flip6 Yellow Silver Shadow Mint Blue Black White Peach,Rp7.859.000,5.0,4 terjual,7859000,4,5.0,12.0,256.0,SAMSUNG,Upper Mid (5M-10M)
samsung galaxy z flip,Samsung Galaxy Flip Z Resmi SEIN,Rp3.910.000,5.0,5 terjual,3910000,5,5.0,,,SAMSUNG,Mid-Range (2M-5M)
samsung galaxy z flip,samsung z flip 3 resmi sein,Rp3.859.000,5.0,4 terjual,3859000,4,5.0,,,SAMSUNG,Mid-Range (2M-5M)
samsung galaxy z flip,Samsung Galaxy Z Flip 4 8/256Gb 5G Ex Garansi Sein Resmi Indonesia Minus Garis Line Sehelai Saja Baca Deskripsi Iklan Bergaransi .,Rp2.159.999,5.0,7 terjual,2159999,7,5.0,8.0,256.0,SAMSUNG,Mid-Range (2M-5M)
samsung galaxy z flip,SAMSUNG GALAXY Z FLIP 3 8/256GB NOMINUS RESMI SEIN ORIGINAL,Rp4.510.000,4.8,4 terjual,4510000,4,4.8,8.0,256.0,SAMSUNG,Mid-Range (2M-5M)
samsung galaxy z flip,Samsung Galaxy Z Flip 4 8/256GB Blue,Rp4.360.000,4.5,14 terjual,4360000,14,4.5,8.0,256.0,SAMSUNG,Mid-Range (2M-5M)
samsung galaxy z flip,Samsung Galaxy Z Flip 7 12/256GB l 12/512GB,Rp16.949.000,5.0,8 terjual,16949000,8,5.0,12.0,256.0,SAMSUNG,Flagship (>10M)
samsung galaxy z flip,Samsung Galaxy Z Flip8 [12GB/512GB] | Smartphone AI | Desain Tipis dan Ringan | FlexCam,Rp23.999.000,5.0,9 terjual,23999000,9,5.0,12.0,512.0,SAMSUNG,Flagship (>10M)
samsung galaxy z flip,Samsung Z Flip 4 8/256GB Second Fullset Garansi RESMI SEIN,Rp4.559.000,5.0,16 terjual,4559000,16,5.0,8.0,256.0,SAMSUNG,Mid-Range (2M-5M)
samsung galaxy z flip,Samsung Galaxy Z flip 5 8/256gb Resmi SEIN original murah,Rp2.299.000,5.0,5 terjual,2299000,5,5.0,8.0,256.0,SAMSUNG,Mid-Range (2M-5M)
samsung galaxy z flip,Samsvng Z Flip 3 Ram 8/128 Garansi Resmi,Rp2.190.000,5.0,3 terjual,2190000,3,5.0,8.0,128.0,OTHER,Mid-Range (2M-5M)
samsung galaxy z flip,SEIN | Samsung Galaxy Z Flip 3 5G 12/512GB 8/256GB | Second Original,Rp3.834.000,5.0,4 terjual,3834000,4,5.0,12.0,512.0,SAMSUNG,Mid-Range (2M-5M)
samsung galaxy z flip,Samsung Galaxy Z FLIP 4 5G 128GB | 256GB | 512GB Ex SEIN Second Original,Rp3.210.000,5.0,4 terjual,3210000,4,5.0,,128.0,SAMSUNG,Mid-Range (2M-5M)
samsung galaxy z flip,Samsung Z Flip 3 5G 8/256gb Sein flip3,Rp2.200.000,5.0,3 terjual,2200000,3,5.0,8.0,256.0,SAMSUNG,Mid-Range (2M-5M)
samsung galaxy z flip,Samsung Galaxy Z Flip 4 second resmi,Rp3.959.000,5.0,3 terjual,3959000,3,5.0,,,SAMSUNG,Mid-Range (2M-5M)
samsung galaxy z flip,Samsung Galaxy Flip Z 8/256GB Resmi SEIN,Rp4.210.000,4.6,8 terjual,4210000,8,4.6,8.0,256.0,SAMSUNG,Mid-Range (2M-5M)
samsung galaxy z flip,SEIN | Samsung Galaxy Z Flip 4 5G 512GB 256GB 128GB Second Resmi Indonesia | Fullset,Rp4.310.000,4.4,15 terjual,4310000,15,4.4,,512.0,SAMSUNG,Mid-Range (2M-5M)
samsung galaxy z flip,Samsung Galaxy Z Flip7 12/512GB |Hp Lipat | Kamera 50MP | 4300 mAh - Blue Shadow,Rp3.100.000,5.0,1 terjual,3100000,1,5.0,12.0,512.0,SAMSUNG,Mid-Range (2M-5M)
samsung galaxy z flip,Samsung Z Flip 4 5G 8/256 Garansi Resmi Sein - Black,Rp5.259.000,5.0,1 terjual,5259000,1,5.0,8.0,256.0,SAMSUNG,Upper Mid (5M-10M)
samsung galaxy z flip,Samsung Galaxy Z Flip 256gb Resmi Indonesia,Rp1.010.000,5.0,4 terjual,1010000,4,5.0,,256.0,SAMSUNG,Entry-Level (<2M)
samsung galaxy z flip,SAMSUNG Z FLIP 4 5G 8/512GB 8/256GB 8/128GB SECOND RESMI SEIN INDONESIA,Rp4.710.000,5.0,7 terjual,4710000,7,5.0,8.0,512.0,SAMSUNG,Mid-Range (2M-5M)
samsung galaxy z flip,SEIN | SAMSUNG GALAXY Z FLIP 7 | 6 | 5 512GB 256GB 128GB | ORIGINAL GARANSI RESMI INDONESIA,Rp4.995.000,5.0,4 terjual,4995000,4,5.0,,512.0,SAMSUNG,Mid-Range (2M-5M)
samsung galaxy z flip,Samsung z flip 4 128gb sein,Rp3.260.000,5.0,1 terjual,3260000,1,5.0,,128.0,SAMSUNG,Mid-Range (2M-5M)
samsung galaxy z flip,SEIN | Samsung Galaxy Z Flip 7 5G | 256GB 512GB | Original Garansi Resmi Indonesia,Rp6.355.000,5.0,5 terjual,6355000,5,5.0,,256.0,SAMSUNG,Upper Mid (5M-10M)
samsung galaxy z flip,Samsung Galaxy Zflip 3 8/128gb Resmi SEIN original murah apa adanya,Rp1.199.000,5.0,3 terjual,1199000,3,5.0,8.0,128.0,SAMSUNG,Entry-Level (<2M)
samsung galaxy z flip,Samsung Galaxy Z Flip4 5G 8/128 SEIN Fullset Normal,Rp3.950.000,5.0,1 terjual,3950000,1,5.0,8.0,128.0,SAMSUNG,Mid-Range (2M-5M)
samsung galaxy z flip,New Samsung Galaxy Z Flip 3 Garansi Resmi Indonesia,Rp13.960.000,5.0,2 terjual,13960000,2,5.0,,,SAMSUNG,Flagship (>10M)
samsung galaxy z flip,Samsung z flip 1 8/256 resmi original,Rp3.160.000,5.0,1 terjual,3160000,1,5.0,8.0,256.0,SAMSUNG,Mid-Range (2M-5M)
samsung galaxy z flip,Samsung Galaxy Zflip 3 8/128 Segel,Rp9.460.000,5.0,1 terjual,9460000,1,5.0,8.0,128.0,SAMSUNG,Upper Mid (5M-10M)
samsung galaxy z flip,SAMSUNG Z FLIP 4  5G 8/128 - 8/256 -  8/512  SECOND FULLSET GRADE A,Rp3.660.000,5.0,9 terjual,3660000,9,5.0,8.0,128.0,SAMSUNG,Mid-Range (2M-5M)
samsung galaxy z flip,samsung z flip 8/256,Rp1.460.000,5.0,1 terjual,1460000,1,5.0,8.0,256.0,SAMSUNG,Entry-Level (<2M)
samsung galaxy z flip,samsung Flip 4 8/256gb sein,Rp5.060.000,5.0,1 terjual,5060000,1,5.0,8.0,256.0,SAMSUNG,Upper Mid (5M-10M)
samsung galaxy z flip,SAMSUNG GALAXY Z FLIP4 5G 8/256GB GARANSI RESMI SEIN,Rp7.959.000,4.2,6 terjual,7959000,6,4.2,8.0,256.0,SAMSUNG,Upper Mid (5M-10M)
samsung galaxy z flip,samsung z flip 3 8/128 garansi resmi sein,Rp3.660.000,4.3,4 terjual,3660000,4,4.3,8.0,128.0,SAMSUNG,Mid-Range (2M-5M)
samsung galaxy z flip,SAMSUNG GALAXY Z FLIP 5 5G 8/512GB RESMI EX SEIN,Rp5.960.000,4.0,1 terjual,5960000,1,4.0,8.0,512.0,SAMSUNG,Upper Mid (5M-10M)
samsung galaxy z flip,Samsung Galaxy Flip Z 8/256GB Resmi SEIN Mirror Black 4568,Rp3.360.000,1.0,2 terjual,3360000,2,1.0,8.0,256.0,SAMSUNG,Mid-Range (2M-5M)
samsung galaxy z flip,Samsung Galaxy Tab A11 Plus A11+ 5G / Wifi 6/128 Garansi Resmi Sein New,Rp3.498.000,4.9,1rb+ terjual,3498000,1000,4.9,6.0,128.0,SAMSUNG,Mid-Range (2M-5M)
samsung galaxy z flip,[jikalaku] Samsung Galaxy Z Fold7 Garansi Resmi,Rp22.072.000,4.9,100+ terjual,22072000,100,4.9,,,SAMSUNG,Flagship (>10M)
samsung galaxy z flip,( Spesial Creator ) Samsung Galaxy Z Fold 8 ( 12/512 ) Garansi Resmi Sein,Rp25.689.000,5.0,100+ terjual,25689000,100,5.0,12.0,512.0,SAMSUNG,Flagship (>10M)
samsung galaxy z flip,Samsung HW-T420 Soundbar 2.1 Ch 150 W | Samsung HWT420 HW T420,Rp1.558.000,5.0,500+ terjual,1558000,500,5.0,,,SAMSUNG,Entry-Level (<2M)
samsung galaxy z flip,Samsung Galaxy A07 5G / LTE RAM 4GB 6GB 8GB ROM 64GB 128GB 256GB Resmi SEIN,Rp2.107.900,4.9,100+ terjual,2107900,100,4.9,4.0,,SAMSUNG,Mid-Range (2M-5M)
samsung galaxy z flip,SAMSUNG GALAXY FOLDER 2 G1650 Hp Samsung Lipat Flip Android Keypad Gsi,Rp3.459.000,5.0,60+ terjual,3459000,60,5.0,,,SAMSUNG,Mid-Range (2M-5M)
samsung galaxy z flip,Samsung Galaxy A01 Core,Rp960.000,5.0,500+ terjual,960000,500,5.0,,,SAMSUNG,Entry-Level (<2M)
samsung galaxy z flip,Samsung Galaxi Flip 3,Rp3.660.000,5.0,60+ terjual,3660000,60,5.0,,,SAMSUNG,Mid-Range (2M-5M)
samsung galaxy z flip,Samsung Galaxy Z Fold 4 256gb Resmi Indonesia,Rp3.550.000,5.0,29 terjual,3550000,29,5.0,,256.0,SAMSUNG,Mid-Range (2M-5M)
samsung galaxy z flip,( Special Creator ) Samsung Galaxy S26 5G (8/512Gb / 8/256Gb) Garansi Resmi Sein New,Rp15.999.000,4.8,100+ terjual,15999000,100,4.8,8.0,512.0,SAMSUNG,Flagship (>10M)
samsung galaxy z flip,Samsung Galaxy A27 5G 6/128GB | Hp AI | IP64 | 5000 mAh,Rp4.799.000,4.9,100+ terjual,4799000,100,4.9,6.0,128.0,SAMSUNG,Mid-Range (2M-5M)
samsung galaxy z fold,SEIN | Samsung Galaxy Z Fold 4 5G 512GB 256GB | Flip 3 5G 128GB Second,Rp4.355.000,4.9,100+ terjual,4355000,100,4.9,,512.0,SAMSUNG,Mid-Range (2M-5M)
samsung galaxy z fold,"Samsung Galaxy Z Fold 3 5G 12/256GB 12/512GB 7.6"" Fold3 Original Second Seken Bekas Inter SEIN",Rp6.759.000,4.9,70+ terjual,6759000,70,4.9,12.0,256.0,SAMSUNG,Upper Mid (5M-10M)
samsung galaxy z fold,Smartphone Samsung Galaxy Z Fold 4 12GB/512GB,Rp8.210.000,5.0,60+ terjual,8210000,60,5.0,12.0,512.0,SAMSUNG,Upper Mid (5M-10M)
samsung galaxy z fold,SEIN Samsung Galaxy Z Fold 4 | Z Fold 3 5G 12/512 12/256 Second Resmi,Rp7.205.000,4.9,90+ terjual,7205000,90,4.9,12.0,512.0,SAMSUNG,Upper Mid (5M-10M)
samsung galaxy z fold,Samsung Galaxy Z Fold 3 Resmi SEIN,Rp6.510.000,5.0,60+ terjual,6510000,60,5.0,,,SAMSUNG,Upper Mid (5M-10M)
samsung galaxy z fold,RESMI SEIN | SAMSUNG GALAXY Z FOLD 4 5G 512GB 256GB | SECOND ORIGINAL,Rp8.185.000,5.0,50+ terjual,8185000,50,5.0,,512.0,SAMSUNG,Upper Mid (5M-10M)
samsung galaxy z fold,Samsung Z Fold 4 sein 12/256 gb,Rp7.950.000,5.0,40+ terjual,7950000,40,5.0,12.0,256.0,SAMSUNG,Upper Mid (5M-10M)
samsung galaxy z fold,SEIN | SAMSUNG GALAXY Z FOLD 4 & 3 5G | 12/256GB 12/512GB 256GB 512GB,Rp8.180.000,4.8,60+ terjual,8180000,60,4.8,12.0,256.0,SAMSUNG,Upper Mid (5M-10M)
samsung galaxy z fold,RESMI SEIN | SAMSUNG GALAXY Z FOLD 5 5G 12/256GB 12/512GB 12/1TB,Rp9.545.000,5.0,60+ terjual,9545000,60,5.0,12.0,256.0,SAMSUNG,Upper Mid (5M-10M)
samsung galaxy z fold,RESMI SEIN | SAMSUNG GALAXY Z FOLD 3 5G 512GB 256GB | SECOND ORIGINAL,Rp7.025.000,4.8,60+ terjual,7025000,60,4.8,,512.0,SAMSUNG,Upper Mid (5M-10M)
samsung galaxy z fold,SAMSUNG GALAXY Z FOLD 2 12/256GB RESMI SEIN,Rp6.360.000,4.8,50+ terjual,6360000,50,4.8,12.0,256.0,SAMSUNG,Upper Mid (5M-10M)
samsung galaxy z fold,SAMSUNG GALAXY Z FOLD 5 | 4 | 3 5G SEIN 12/512GB & 12/256GB SECOND RESMI,Rp7.025.000,4.9,30+ terjual,7025000,30,4.9,12.0,512.0,SAMSUNG,Upper Mid (5M-10M)
samsung galaxy z fold,Samsung Galaxy Z Fold8 [12GB/512GB] | Smartphone AI | 4800mAh | Desain paling Ringan,Rp32.499.000,5.0,50+ terjual,32499000,50,5.0,12.0,512.0,SAMSUNG,Flagship (>10M)
samsung galaxy z fold,Samsung Galaxy Z fold 4 256Gb 512Gb - Resmi SEIN,Rp7.560.000,5.0,22 terjual,7560000,22,5.0,,256.0,SAMSUNG,Upper Mid (5M-10M)
samsung galaxy z fold,SEIN | Samsung Galaxy Z Fold 4 5G 512GB 256GB Second Resmi Indonesia | Fullset,Rp6.975.000,5.0,24 terjual,6975000,24,5.0,,512.0,SAMSUNG,Upper Mid (5M-10M)
samsung galaxy z fold,SEIN | Samsung Galaxy Z Fold 6 5G | 1TB 512GB 256GB | Original Resmi Garansi Indonesia,Rp8.130.000,5.0,29 terjual,8130000,29,5.0,,1024.0,SAMSUNG,Upper Mid (5M-10M)
samsung galaxy z fold,SEIN | SAMSUNG GALAXY Z FOLD 6 | 5 | 4 5G 256GB 512GB 1TB | ORIGINAL GARANSI RESMI INDONESIA,Rp6.980.000,5.0,29 terjual,6980000,29,5.0,,256.0,SAMSUNG,Upper Mid (5M-10M)
samsung galaxy z fold,SEIN | Samsung Galaxy Z Fold 5 5G | 1TB 512GB 256GB | Original Resmi Garansi Indonesia,Rp6.980.000,5.0,30+ terjual,6980000,30,5.0,,1024.0,SAMSUNG,Upper Mid (5M-10M)
samsung galaxy z fold,Samsung Galaxy Fold 3 5G Ram 8/512gb Ex Resmi Indonesia,Rp2.800.000,4.8,20 terjual,2800000,20,4.8,8.0,512.0,SAMSUNG,Mid-Range (2M-5M)
samsung galaxy z fold,SEIN | SAMSUNG GALAXY Z FOLD 6 5G 12/1TB 12/512GB 12/256GB SECOND RESMI,Rp13.175.000,5.0,27 terjual,13175000,27,5.0,12.0,1024.0,SAMSUNG,Flagship (>10M)
samsung galaxy z fold,(RESMI) Samsung Z Fold 8 12/256GB 12/512GB 12/512GB 16/1TB Lavender Graphite Cream Pistachio Garansi Resmi Indonesia,Rp26.999.000,5.0,60+ terjual,26999000,60,5.0,12.0,256.0,SAMSUNG,Flagship (>10M)
samsung galaxy z fold,Samsung Z Fold 6 1024gb Resmi Indonesia Fullset,Rp7.400.000,5.0,23 terjual,7400000,23,5.0,,1024.0,SAMSUNG,Upper Mid (5M-10M)
samsung galaxy z fold,Samsung Galaxy Fold 5 1024GB Resmi sein Indonesia,Rp4.650.000,5.0,24 terjual,4650000,24,5.0,,1024.0,SAMSUNG,Mid-Range (2M-5M)
samsung galaxy z fold,Samsung Galaxy Z FOLD 4 5G 256GB | 512GB | 1TB Ex SEIN Second Original,Rp6.660.000,5.0,13 terjual,6660000,13,5.0,,256.0,SAMSUNG,Upper Mid (5M-10M)
samsung galaxy z fold,SEIN | Samsung Galaxy Z Fold 3 5G | 512GB 256GB | Original Resmi Garansi Indonesia,Rp6.980.000,4.9,14 terjual,6980000,14,4.9,,512.0,SAMSUNG,Upper Mid (5M-10M)
samsung galaxy z fold,SAMSUNG GALAXY Z FOLD 6 & 5 & 4 5G 256GB 512GB 1TB SECOND RESMI INDONESIA | HANDPHONE SEIN,Rp8.185.000,5.0,16 terjual,8185000,16,5.0,,256.0,SAMSUNG,Upper Mid (5M-10M)
samsung galaxy z fold,SEIN | Samsung Galaxy Z Fold 4 5G | 1TB 512GB 256GB | Original Resmi Garansi Indonesia,Rp6.980.000,5.0,17 terjual,6980000,17,5.0,,1024.0,SAMSUNG,Upper Mid (5M-10M)
samsung galaxy z fold,Samsung galaxy z fold 3 5G ram 12gb internal 256gb resmi sein indonesia original,Rp2.990.000,4.7,11 terjual,2990000,11,4.7,12.0,,SAMSUNG,Mid-Range (2M-5M)
samsung galaxy z fold,Samsung Galaxy Z Fold8 Ultra [12GB/512GB] | Smartphone AI | 5000mAh | Desain lebih Tipis,Rp36.499.000,5.0,19 terjual,36499000,19,5.0,12.0,512.0,SAMSUNG,Flagship (>10M)
samsung galaxy z fold,Samsung galaxy z fold 1 5G ram 12gb internal 512gb original,Rp3.800.000,5.0,11 terjual,3800000,11,5.0,12.0,,SAMSUNG,Mid-Range (2M-5M)
samsung galaxy z fold,SEIN | SAMSUNG Z FOLD 6 / 5 / 4 5G 12/256GB 12/512GB 12/1TB SECOND RESMI INDONESIA | BUKAN HANDPHONE INTER,Rp8.180.000,5.0,8 terjual,8180000,8,5.0,6.0,256.0,SAMSUNG,Upper Mid (5M-10M)
samsung galaxy z fold,SEIN Samsung Galaxy Z Fold 4 5G 12/256 12/512 12/1TB Second Original,Rp6.500.000,4.8,9 terjual,6500000,9,4.8,12.0,256.0,SAMSUNG,Upper Mid (5M-10M)
samsung galaxy z fold,Samsung Galaxy Z Fold 3 5G 12/512GB 12/256GB | Z Flip 3 5G 8/128GB Second Sein,Rp4.310.000,5.0,4 terjual,4310000,4,5.0,12.0,512.0,SAMSUNG,Mid-Range (2M-5M)
samsung galaxy z fold,Samsung Galaxy Z Fold 4 256gb sein original termurah,Rp2.675.000,5.0,5 terjual,2675000,5,5.0,,256.0,SAMSUNG,Mid-Range (2M-5M)
samsung galaxy z fold,Samsung Galaxy Z Fold8 [16GB/1TB] | Smartphone AI | 4800mAh | Desain paling Ringan,Rp40.499.000,5.0,21 terjual,40499000,21,5.0,16.0,1024.0,SAMSUNG,Flagship (>10M)
samsung galaxy z fold,( Special Creator ) Samsung Galaxy Z Fold 8 Ultra 12/512Gb Garansi Resmi Sein,Rp29.838.000,5.0,9 terjual,29838000,9,5.0,12.0,512.0,SAMSUNG,Flagship (>10M)
samsung galaxy z fold,Samsung Z Fold 6 256gb 512gb - Resmi SEIN / Minus layar dalam,Rp6.099.000,5.0,2 terjual,6099000,2,5.0,,256.0,SAMSUNG,Upper Mid (5M-10M)
samsung galaxy z fold,SAMSUNG GALAXY Z FOLD 4 SEIN 5G 12/256 GB MINUS FUNGSI 100% NORMAL,Rp2.750.000,5.0,2 terjual,2750000,2,5.0,12.0,256.0,SAMSUNG,Mid-Range (2M-5M)
samsung galaxy z fold,Samsung Galaxy Z Fold 4 256GB sein original termurah,Rp2.910.000,5.0,2 terjual,2910000,2,5.0,,256.0,SAMSUNG,Mid-Range (2M-5M)
samsung galaxy z fold,SAMSUNG Z FOLD 4| 256GB 512GB| RESMI SEIN| MULUS FULLSET ORIGINAL 2ND,Rp7.810.000,5.0,3 terjual,7810000,3,5.0,,256.0,SAMSUNG,Upper Mid (5M-10M)
samsung galaxy z fold,Samsung Z Fold 4 Pink - Smartphone Lipat dengan Layar Ganda dan Kamera Berkualitas Tinggi warna pink,Rp4.160.000,5.0,2 terjual,4160000,2,5.0,,,SAMSUNG,Mid-Range (2M-5M)
samsung galaxy z fold,Samsung ZFold 4 256GB Fold Like New Nominus,Rp8.460.000,5.0,17 terjual,8460000,17,5.0,,256.0,SAMSUNG,Upper Mid (5M-10M)
samsung galaxy z fold,Samsung Galaxy Z Fold 8 12/512 Snapdragon 8 Elite for Galaxy | Garansi Resmi SEIN 1 Tahun,Rp26.940.000,5.0,2 terjual,26940000,2,5.0,12.0,512.0,SAMSUNG,Flagship (>10M)
samsung galaxy z fold,[special creator] Samsung Galaxy Z Fold7 Garansi resmi,Rp22.297.000,5.0,1 terjual,22297000,1,5.0,,,SAMSUNG,Flagship (>10M)
samsung galaxy z fold,Samsung Galaxy Z Fold 7 12/256GB | 12/512GB | 16/1TB 8 Inch Garansi Resmi,Rp26.999.000,5.0,1 terjual,26999000,1,5.0,12.0,256.0,SAMSUNG,Flagship (>10M)
samsung galaxy z fold,Samsung Galaxy Z Fold 3 512GB Resmi SEIN termurah,Rp2.850.000,5.0,1 terjual,2850000,1,5.0,,512.0,SAMSUNG,Mid-Range (2M-5M)
samsung galaxy z fold,SAMSUNG GALAXY Z FOLD 5 SEIN 5G 12/512 GB MINUS FUNGSI 100% NORMAL,Rp4.250.000,5.0,2 terjual,4250000,2,5.0,12.0,512.0,SAMSUNG,Mid-Range (2M-5M)
samsung galaxy z fold,Samsung Galaxy Z Fold 3 5G 512GB 256GB | Flip 3 5G 256GB 128GB Second Sein,Rp4.355.000,5.0,2 terjual,4355000,2,5.0,,512.0,SAMSUNG,Mid-Range (2M-5M)
samsung galaxy z fold,samsung gakaxy z fold 3 512gb,Rp17.660.000,5.0,2 terjual,17660000,2,5.0,,512.0,SAMSUNG,Flagship (>10M)
samsung galaxy z fold,SAMSUNG Z FOLD 5 5G 12/512GB SEIN RESMI INDONESIA,Rp16.707.000,5.0,1 terjual,16707000,1,5.0,12.0,512.0,SAMSUNG,Flagship (>10M)
samsung galaxy z fold,SAMSUNG Z FOLD 3 12/256GB RESMI SEIN SECOND LIKE NEW,Rp5.830.000,5.0,5 terjual,5830000,5,5.0,12.0,256.0,SAMSUNG,Upper Mid (5M-10M)
samsung galaxy z fold,samsung z fold 12/512gb lelang,Rp2.585.541,5.0,1 terjual,2585541,1,5.0,12.0,512.0,SAMSUNG,Mid-Range (2M-5M)
samsung galaxy z fold,SEIN | SAMSUNG GALAXY Z FOLD 6 DAN Z FLIP 6 5G 256GB 512GB 1TB SECOND RESMI | PRODUK GABUNGAN BUKAN HP INTER,Rp7.375.000,5.0,1 terjual,7375000,1,5.0,,256.0,SAMSUNG,Upper Mid (5M-10M)
samsung galaxy z fold,Samsung Galaxy Z Fold 3 5G 12GB/512GB Resmi SEIN,Rp6.760.000,4.0,6 terjual,6760000,6,4.0,12.0,512.0,SAMSUNG,Upper Mid (5M-10M)
samsung galaxy z fold,Samsung Galaxy Z Fold 4 5G 512GB 256GB | Flip 4 5G 512GB 256GB 128GB Second SEIN,Rp4.705.000,4.0,3 terjual,4705000,3,4.0,,512.0,SAMSUNG,Mid-Range (2M-5M)
samsung galaxy z fold,SAMSUNG GALAXY Z FOLD 3 5G 12/256GB GARANSI RESMI SEIN,Rp14.459.000,3.7,4 terjual,14459000,4,3.7,12.0,256.0,SAMSUNG,Flagship (>10M)
samsung galaxy z fold,"Galaxy Z Fold6 Snapdragon 8 Gen 3 16GB+1024GB Layar 7.3"" S Pen Garansi 12 Bulan Cicilan 0% 24 Bulan Smartphone Lipat Produktif Telepon",Rp1.835.040,3.0,3 terjual,1835040,3,3.0,,,OTHER,Entry-Level (<2M)
samsung galaxy z fold,"Galaxy Z Fold6 Snapdragon 8 Gen 3 16GB+1024GB Layar 7.3"" S Pen Garansi 12 Bulan Cicilan 0% 24 Bulan Smartphone Lipat Produktif - Telepon",Rp1.786.057,3.0,6 terjual,1786057,6,3.0,,,OTHER,Entry-Level (<2M)
samsung galaxy z fold,"SVMSUNC Galaxy Z Fold6 Ponsel Baru 4G/5G Dual SIM 16GB+1TB 72+108MP 8000mAh Layar 7.3"" Snapdragon 8 Gen 3 S Pen Garansi 12 Bulan - Smartphone",Rp1.775.404,1.0,9 terjual,1775404,9,1.0,,,OTHER,Entry-Level (<2M)
samsung galaxy z fold,Samsung Galaxy A56 5G 8/256GB 12/256GB NFC Garansi Resmi Indonesia SEIN,Rp5.956.796,4.9,9rb+ terjual,5956796,9000,4.9,8.0,256.0,SAMSUNG,Upper Mid (5M-10M)
samsung galaxy z fold,Samsung A37 5G 8/128GB 8/256GB A 37 Garansi Resmi Not A36 A35,Rp5.804.500,4.9,7rb+ terjual,5804500,7000,4.9,8.0,128.0,SAMSUNG,Upper Mid (5M-10M)
samsung galaxy z fold,Samsung Galaxy A57 5G 8/128 8/256 12/256 GB Smartphone Original Garansi Resmi,Rp6.747.000,5.0,1rb+ terjual,6747000,1000,5.0,8.0,128.0,SAMSUNG,Upper Mid (5M-10M)
samsung galaxy z fold,[ FS ] Samsung Galaxy A56 5G 12/256GB | 8/256GB Garansi Resmi SEIN,Rp6.661.000,4.9,1rb+ terjual,6661000,1000,4.9,12.0,256.0,SAMSUNG,Upper Mid (5M-10M)
samsung galaxy z fold,Samsung Galaxy A56 5G 12/256GB | 8/256GB Garansi Resmi SEIN,Rp6.661.000,5.0,750+ terjual,6661000,750,5.0,12.0,256.0,SAMSUNG,Upper Mid (5M-10M)
samsung galaxy z fold,(RESMI) Samsung A57 5G 8/128GB 8/256 12/256GB Lilac Navy Iceblue Grey Garansi Resmi Samsung 1 Tahun,Rp6.199.000,5.0,1rb+ terjual,6199000,1000,5.0,8.0,128.0,SAMSUNG,Upper Mid (5M-10M)
samsung galaxy z fold,Samsung Galaxy A57 5G 8/128 8/256 12/256 GB Smartphone AI Garansi Resmi,Rp7.799.000,4.9,750+ terjual,7799000,750,4.9,8.0,128.0,SAMSUNG,Upper Mid (5M-10M)
samsung galaxy z fold,Samsung A57 5G 8/128GB 8/256GB 12/256GB NFC Garansi Resmi SEIN | Samsung A56,Rp5.956.796,4.9,6rb+ terjual,5956796,6000,4.9,8.0,128.0,SAMSUNG,Upper Mid (5M-10M)
samsung galaxy z fold,Samsung S25 FE 8/128GB 8/256GB S25FE S 25 Galaxy Garansi Resmi,Rp9.650.500,5.0,750+ terjual,9650500,750,5.0,8.0,128.0,SAMSUNG,Upper Mid (5M-10M)
samsung galaxy z fold,Samsung A56 8/256GB 12/256GB 5G NFC | Samsung A36 Garansi Resmi,Rp5.623.500,4.9,1rb+ terjual,5623500,1000,4.9,8.0,256.0,SAMSUNG,Upper Mid (5M-10M)
samsung galaxy z fold,SAMSUNG GALAXY A57 5G 8GB 12GB / 128GB 256GB AMOLED GARANSI RESMI,Rp8.459.000,4.9,1rb+ terjual,8459000,1000,4.9,12.0,128.0,SAMSUNG,Upper Mid (5M-10M)
samsung galaxy z fold,Samsung Galaxy Tab A11+ WiFi [6/128GB],Rp4.499.000,5.0,750+ terjual,4499000,750,5.0,6.0,128.0,SAMSUNG,Mid-Range (2M-5M)
samsung galaxy z fold,Samsung Galaxy A57 5G 8/128GB | 8/256GB  |  12/256GB Garansi Resmi SEIN,Rp6.360.900,4.9,750+ terjual,6360900,750,4.9,8.0,128.0,SAMSUNG,Upper Mid (5M-10M)
samsung galaxy z fold,Samsung Galaxy A36 5G 12/256GB | 8/256GB Garansi Resmi SEIN,Rp5.626.000,5.0,500+ terjual,5626000,500,5.0,12.0,256.0,SAMSUNG,Upper Mid (5M-10M)
samsung galaxy z fold,Samsung Galaxy A57 5G 8/128 8/256 12/256 GB Smartphone Android Original,Rp6.747.000,5.0,500+ terjual,6747000,500,5.0,8.0,128.0,SAMSUNG,Upper Mid (5M-10M)
samsung galaxy z fold,Samsung Galaxy Tab A11 4/64GB - Gray | Parental Control | IP52,Rp3.499.000,4.9,1rb+ terjual,3499000,1000,4.9,4.0,64.0,SAMSUNG,Mid-Range (2M-5M)
samsung galaxy z fold,"[Wenny Wijaya] Samsung Galaxy A57 5G [8GB+128GB] [8GB+256GB] [12GB+256GB] Display  6,7 inch Super AMOLED+ - Exynos 1680 - Camera 50MP - 5000mAh - Garansi Resmi SEIN 1 Tahun",Rp7.312.000,5.0,500+ terjual,7312000,500,5.0,,,SAMSUNG,Upper Mid (5M-10M)
samsung galaxy z fold,Samsung Galaxy Buds 3 pro / Buds 4 Pro Garansi Resmi Sein BNIB,Rp2.999.000,5.0,250+ terjual,2999000,250,5.0,,,SAMSUNG,Mid-Range (2M-5M)
samsung galaxy z fold,Samsung Galaxy A57 5G 8/256 GB - Garansi Resmi,Rp6.780.000,4.9,250+ terjual,6780000,250,4.9,8.0,256.0,SAMSUNG,Upper Mid (5M-10M)
samsung galaxy z fold,X-PRIME Tablet Pro S25 5G Snapdragon 888 10.1 Inch HD 120Hz 16GB RAM 1TB ROM 8800mAh 11-core Wifi Bluetooth 2 Desain Elegan dan Modern Android 15 8K Kamera 12MP+36MP Layar Prosesor Kartu,Rp1.765.400,4.6,1rb+ terjual,1765400,1000,4.6,16.0,,OTHER,Entry-Level (<2M)
samsung galaxy z fold,Samsung A57 5G 8/128GB 8/256GB 12/256GB NFC Garansi Resmi,Rp6.609.000,4.9,500+ terjual,6609000,500,4.9,8.0,128.0,SAMSUNG,Upper Mid (5M-10M)
samsung galaxy z fold,SAMSUNG SOUNDBAR HWT420 - SPEAKER WIRELESS SOUNDBAR 2.1CH 150W HW T420,Rp1.599.000,5.0,250+ terjual,1599000,250,5.0,,,SAMSUNG,Entry-Level (<2M)
samsung galaxy a05s,SAMSUNG GALAXY A05S 6/128GB - Garansi Resmi Indonesia,Rp2.349.000,4.9,250+ terjual,2349000,250,4.9,6.0,128.0,SAMSUNG,Mid-Range (2M-5M)
samsung galaxy a05s,"SAMSUNG A05S , SAMSUNG GALAXY A05S 6/128GB GARANSI RESMI ORIGINAL 100%",Rp2.409.000,5.0,50+ terjual,2409000,50,5.0,6.0,128.0,SAMSUNG,Mid-Range (2M-5M)
samsung galaxy a05s,HP SAMSUNG A05S 6/128 GB - GARANSI RESMI,Rp2.350.000,4.6,250+ terjual,2350000,250,4.6,6.0,128.0,SAMSUNG,Mid-Range (2M-5M)
samsung galaxy a05s,samsung galaxy a05s 6/128gb,Rp1.960.000,5.0,60+ terjual,1960000,60,5.0,6.0,128.0,SAMSUNG,Entry-Level (<2M)
samsung galaxy a05s,Samsung Galaxy A05s 6/128GB Smartphone Layar FHD+,Rp1.740.080,4.5,100+ terjual,1740080,100,4.5,6.0,128.0,SAMSUNG,Entry-Level (<2M)
samsung galaxy a05s,Samsung Galaxy A05s Ram 6/128Gb - Garansi Resmi Samsung Sein Indonesia,Rp2.310.000,4.7,90+ terjual,2310000,90,4.7,6.0,128.0,SAMSUNG,Mid-Range (2M-5M)
samsung galaxy a05s,NEW SAMSUNG GALAXY A05S 6/128 SNAPDRAGON 680 TERBARU,Rp1.945.000,5.0,16 terjual,1945000,16,5.0,6.0,128.0,SAMSUNG,Entry-Level (<2M)
samsung galaxy a05s,SAMSUNG GALAXY A05S 6+6/128GB,Rp1.460.000,5.0,17 terjual,1460000,17,5.0,6.0,128.0,SAMSUNG,Entry-Level (<2M)
samsung galaxy a05s,samsung a05s 6/128,Rp1.860.000,5.0,12 terjual,1860000,12,5.0,6.0,128.0,SAMSUNG,Entry-Level (<2M)
samsung galaxy a05s,HP SAMSUNG GALAXY A05S 6/128 GB - SAMSUNG A05 S GARANSI RESMI,Rp2.350.000,4.7,40+ terjual,2350000,40,4.7,6.0,128.0,SAMSUNG,Mid-Range (2M-5M)
samsung galaxy a05s,Hp Samsung Galaxy A05S 6/128 GB - ( Samsung A05 S 6GB + 128GB ) Garansi Resmi,Rp2.390.000,4.5,60+ terjual,2390000,60,4.5,6.0,128.0,SAMSUNG,Mid-Range (2M-5M)
samsung galaxy a05s,SAMSUNG GALAXY A05S 6/128GB GARANSI 1 TAHUN,Rp1.985.000,5.0,8 terjual,1985000,8,5.0,6.0,128.0,SAMSUNG,Entry-Level (<2M)
samsung galaxy a05s,SAMSUNG A05s 6/128 GB / GARANSI RESMI SEIN / NEW / 6/128 GB,Rp2.059.000,5.0,12 terjual,2059000,12,5.0,6.0,128.0,SAMSUNG,Mid-Range (2M-5M)
samsung galaxy a05s,SAMSUNG A05S VIOLET RAM 6GB/128GB RESMI,Rp1.939.000,5.0,17 terjual,1939000,17,5.0,6.0,128.0,SAMSUNG,Entry-Level (<2M)
samsung galaxy a05s,Samsung Galaxy A05S 6GB/128GB Extra Bonus - BERGARANSI RESMI,Rp1.760.000,5.0,30+ terjual,1760000,30,5.0,6.0,128.0,SAMSUNG,Entry-Level (<2M)
samsung galaxy a05s,samsung a05s 6/128 resmi,Rp1.635.000,5.0,8 terjual,1635000,8,5.0,6.0,128.0,SAMSUNG,Entry-Level (<2M)
samsung galaxy a05s,samsung a05s 6/128,Rp1.910.000,5.0,4 terjual,1910000,4,5.0,6.0,128.0,SAMSUNG,Entry-Level (<2M)
samsung galaxy a05s,Samsung Galaxy A05s 6/128 Gb Garansi Resmi Samsung Terbaru Ram 6/128,Rp1.995.000,5.0,5 terjual,1995000,5,5.0,6.0,128.0,SAMSUNG,Entry-Level (<2M)
samsung galaxy a05s,SAMSUNG A05S 6/128GB BNOB GARANSI RESMI,Rp2.399.999,4.8,11 terjual,2399999,11,4.8,6.0,128.0,SAMSUNG,Mid-Range (2M-5M)
samsung galaxy a05s,Samsung Galaxy A05s 6/128GB Garansi Samsung Indonesia - free Adapter,Rp1.918.000,5.0,9 terjual,1918000,9,5.0,6.0,128.0,SAMSUNG,Entry-Level (<2M)
samsung galaxy a05s,SAMSUNG GALAXY A05s 6/128GB GARANSI RESMI SAMSUNG INDONESIA,Rp2.055.000,5.0,12 terjual,2055000,12,5.0,6.0,128.0,SAMSUNG,Mid-Range (2M-5M)
samsung galaxy a05s,SAMSUNG A05S (6+6/128GB) RESMI SEIN,Rp2.159.000,5.0,6 terjual,2159000,6,5.0,6.0,128.0,SAMSUNG,Mid-Range (2M-5M)
samsung galaxy a05s,"Galaxy A05s smartphone 4G 16+1TB 2160HZ, Pengisian Daya Sangat Cepat, Model Terbaru",Rp1.302.001,5.0,2 terjual,1302001,2,5.0,,1024.0,OTHER,Entry-Level (<2M)
samsung galaxy a05s,Samsung A05s 6/128,Rp1.890.000,5.0,2 terjual,1890000,2,5.0,6.0,128.0,SAMSUNG,Entry-Level (<2M)
samsung galaxy a05s,NEW Galaxy A05s  | 6/128GB | 5000mAh | ORIGINAL | garansi,Rp2.290.000,5.0,7 terjual,2290000,7,5.0,6.0,128.0,OTHER,Mid-Range (2M-5M)
samsung galaxy a05s,Samsung Galaxy A06 5G 6/128GB & Galaxy A05s 6/128GB Garansi resmi 1 tahun | Baterai 6.000 mAh | 25W Fast Charging,Rp2.289.000,5.0,7 terjual,2289000,7,5.0,6.0,128.0,SAMSUNG,Mid-Range (2M-5M)
samsung galaxy a05s,SAMSUNG A05S GREEN RAM 6GB/128GB RESMI,Rp1.909.000,5.0,3 terjual,1909000,3,5.0,6.0,128.0,SAMSUNG,Entry-Level (<2M)
samsung galaxy a05s,samsung a05s 6/128gb second,Rp1.560.000,5.0,2 terjual,1560000,2,5.0,6.0,128.0,SAMSUNG,Entry-Level (<2M)
samsung galaxy a05s,samsung galaxy a05s 6/128GB garansi resmi,Rp1.909.000,5.0,4 terjual,1909000,4,5.0,6.0,128.0,SAMSUNG,Entry-Level (<2M)
samsung galaxy a05s,Samsung a05s 6/128 garansi resmi,Rp2.059.000,5.0,1 terjual,2059000,1,5.0,6.0,128.0,SAMSUNG,Mid-Range (2M-5M)
samsung galaxy a05s,Samsung Galaxy A05s 6/128GB Bergaransi resmi,Rp2.000.000,4.2,25 terjual,2000000,25,4.2,6.0,128.0,SAMSUNG,Entry-Level (<2M)
samsung galaxy a05s,Samsung Galaxy A05s ram 6/128GB Fullset,Rp1.980.000,4.0,15 terjual,1980000,15,4.0,6.0,128.0,SAMSUNG,Entry-Level (<2M)
samsung galaxy a05s,samsung a05s 6/128 garansi resmi,Rp1.770.000,3.0,5 terjual,1770000,5,3.0,6.0,128.0,SAMSUNG,Entry-Level (<2M)
samsung galaxy a05s,SAMSUNG GALAXY A07 6GB/128GB 4GB/64GB GARANSI RESMI BNIB,Rp2.009.000,5.0,2rb+ terjual,2009000,2000,5.0,6.0,128.0,SAMSUNG,Mid-Range (2M-5M)
samsung galaxy a05s,ITEL A100CS 3GB 64GB Garansi Resmi,Rp1.519.000,4.9,3rb+ terjual,1519000,3000,4.9,,,ITEL,Entry-Level (<2M)
samsung galaxy a05s,Samsung Galaxy A07 LTE 4/64 4/128 6/128 8/256 GB RAM 4GB 6GB 8GB Smartphone Android,Rp2.179.000,5.0,1rb+ terjual,2179000,1000,5.0,4.0,64.0,SAMSUNG,Mid-Range (2M-5M)
samsung galaxy a05s,[Exclusive Andriyadiishow] Itel A100Cs 3+5GB RAM / 64GB ROM | 4+8GB RAM / 64GB ROM - Durabilitas Militer,Rp1.539.000,4.9,1rb+ terjual,1539000,1000,4.9,,,ITEL,Entry-Level (<2M)
samsung galaxy a05s,Samsung Galaxy A07 4G 5G 4/64 4/128 6/128 8/256 GB RAM 4GB 6GB 8GB 64GB 128GB 256GB HP Smartphone Android 4G LTE Garansi Resmi,Rp2.599.000,4.9,1rb+ terjual,2599000,1000,4.9,4.0,64.0,SAMSUNG,Mid-Range (2M-5M)
samsung galaxy a05s,Samsung galaxy a11 3/32 garansi resmi,Rp1.859.000,4.9,750+ terjual,1859000,750,4.9,3.0,32.0,SAMSUNG,Entry-Level (<2M)
samsung galaxy a05s,Samsung Galaxy A07 [4/64GB] [4/128GB] [6/128GB] [8/256GB] | Mediatek Helio G99 | 50MP Camera | 5000mAh | Garansi Resmi,Rp1.842.711,4.9,1rb+ terjual,1842711,1000,4.9,4.0,64.0,SAMSUNG,Entry-Level (<2M)
samsung galaxy a05s,Samsung Galaxy A07 4/64 4/128 6/128 8/256 GB Smartphone,Rp2.189.000,5.0,500+ terjual,2189000,500,5.0,4.0,64.0,SAMSUNG,Mid-Range (2M-5M)
samsung galaxy a05s,SAMSUNG GALAXY A17 5G | GALAXY A17 | A 07 | 8GB 256GB / 8GB 128GB,Rp2.089.690,4.9,1rb+ terjual,2089690,1000,4.9,,,SAMSUNG,Mid-Range (2M-5M)
samsung galaxy a05s,Samsung Galaxy A07 4/64 | 4/128 | 6/128 | 8/256,Rp2.055.000,5.0,500+ terjual,2055000,500,5.0,4.0,64.0,SAMSUNG,Mid-Range (2M-5M)
samsung galaxy a05s,Samsung Galaxy A02 3/32 GB Garansi Resmi SEIN,Rp1.290.000,4.9,1rb+ terjual,1290000,1000,4.9,3.0,32.0,SAMSUNG,Entry-Level (<2M)
samsung galaxy a05s,[jikalaku] Samsung Galaxy A06 Free Travel Adapter 25W,Rp1.852.000,5.0,250+ terjual,1852000,250,5.0,,,SAMSUNG,Entry-Level (<2M)
samsung galaxy a05s,Samsung Galaxy A07 4/64 4/128 6/128 8/256 GB Smartphone HP Original,Rp2.109.000,5.0,500+ terjual,2109000,500,5.0,4.0,64.0,SAMSUNG,Mid-Range (2M-5M)
samsung galaxy a05s,Samsung galaxy a12 6/128 garansi resmi sein,Rp2.110.000,4.8,500+ terjual,2110000,500,4.8,6.0,128.0,SAMSUNG,Mid-Range (2M-5M)
samsung galaxy a05s,Samsung A03S Ram 4/64 GB Garansi Resmi,Rp1.559.000,4.9,250+ terjual,1559000,250,4.9,4.0,64.0,SAMSUNG,Entry-Level (<2M)
samsung galaxy a05s,Termurah NEW Samsung Galaxy Note 9 Black 128 Gb Garansi Resmi SEIN,Rp12.460.000,5.0,100+ terjual,12460000,100,5.0,,128.0,SAMSUNG,Flagship (>10M)
samsung galaxy a05s,[BTS] Samsung Galaxy A07 4/64GB 4/128GB | Mediatek Helio G99 | Camera 50MP | 5000mAh - Garansi resmi,Rp2.059.000,4.9,250+ terjual,2059000,250,4.9,4.0,64.0,SAMSUNG,Mid-Range (2M-5M)
samsung galaxy a05s,[Exclusive Creator] Samsung Galaxy A07 4/64GB 4/128GB 6/128GB 8/256GB Garansi Resmi Samsung Indonesia,Rp2.014.000,4.9,250+ terjual,2014000,250,4.9,4.0,64.0,SAMSUNG,Mid-Range (2M-5M)
samsung galaxy a05s,Samsung Galaxy A07 4/64 4/128 6/128 8/256 GB HP Smartphone Android Garansi Resmi,Rp1.959.000,5.0,100+ terjual,1959000,100,5.0,4.0,64.0,SAMSUNG,Entry-Level (<2M)
samsung galaxy a05s,(PROMO LIVE) XIAOMI REDMI 15C 8/256 & 6/128 GARANSI RESMI,Rp2.989.000,5.0,100+ terjual,2989000,100,5.0,8.0,256.0,XIAOMI,Mid-Range (2M-5M)
samsung galaxy a05s,SAMSUNG GALAXY A02 3/32,Rp1.369.000,4.9,250+ terjual,1369000,250,4.9,3.0,32.0,SAMSUNG,Entry-Level (<2M)
samsung galaxy a05s,SAMSUNG GALAXY A 07 RAM 4/6/8GB ROM 64/128/256GB GARANSI RESMI INDONESIA [P],Rp2.009.000,4.8,250+ terjual,2009000,250,4.8,4.0,,SAMSUNG,Mid-Range (2M-5M)
samsung galaxy a05s,Samsung A15 4G | 5G Ram 8 Rom 128GB | 256GB,Rp2.499.000,5.0,100+ terjual,2499000,100,5.0,8.0,128.0,SAMSUNG,Mid-Range (2M-5M)
samsung galaxy a05s,Samsung Galaxy A07 4/64GB 4/128GB 6/128GB 8/256GB Garansi Resmi Indonesia,Rp2.059.000,4.9,100+ terjual,2059000,100,4.9,4.0,64.0,SAMSUNG,Mid-Range (2M-5M)
samsung galaxy a05s,Samsung Galaxy A51 6/128GB Garansi Resmi SEIN,Rp1.600.000,4.7,100+ terjual,1600000,100,4.7,6.0,128.0,SAMSUNG,Entry-Level (<2M)
samsung galaxy a05s,[DZAKIYAH STORE] SAMSUNG GALAXY A07 4G NEW GARANSI RESMI 1 TAHUN,Rp2.629.000,4.9,100+ terjual,2629000,100,4.9,,,SAMSUNG,Mid-Range (2M-5M)
samsung galaxy a05s,"SAMSUNG GALAXY A07 4/64, 4/128, 6/128, & 8/256 GARANSI RESMI BRAND",Rp1.999.000,4.8,100+ terjual,1999000,100,4.8,4.0,64.0,SAMSUNG,Entry-Level (<2M)
samsung galaxy a05s,realme Note 80 4GB+4GB*|64GB (Desain Tangguh | 6300mAh Baterai | Proteksi ArmorShell | Jaminan Lancar Hingga 48-bulan | IP54),Rp2.099.000,4.9,100+ terjual,2099000,100,4.9,,,REALME,Mid-Range (2M-5M)
samsung galaxy a05s,Samsung Galaxy [4/64GB 4/128GB 6/128GB 8/256GB] Garansi Resmi,Rp2.100.000,5.0,70+ terjual,2100000,70,5.0,4.0,64.0,SAMSUNG,Mid-Range (2M-5M)
samsung galaxy a15,Termurah!! Samsung galaxy A15 5G 8/256Gb Dimensity 6100+ layar Super AMOLED,Rp2.920.000,4.9,100+ terjual,2920000,100,4.9,8.0,256.0,SAMSUNG,Mid-Range (2M-5M)
samsung galaxy a15,HP SAMSUNG GALAXY A15 LTE 4G RAM /128GB | RAM 8/256GB - Garansi Resmi,Rp2.950.000,4.9,70+ terjual,2950000,70,4.9,8.0,256.0,SAMSUNG,Mid-Range (2M-5M)
samsung galaxy a15,SAMSUNG GALAXY A15 4G LTE RAM 8/128GB 8/256GB Garansi Resmi Samsung Indonesia,Rp2.559.000,5.0,40+ terjual,2559000,40,5.0,8.0,128.0,SAMSUNG,Mid-Range (2M-5M)
samsung galaxy a15,HP SAMSUNG GALAXY A15 8/128 GB - RAM 8GB ROM 128GB GARANSI RESMI,Rp3.100.000,5.0,50+ terjual,3100000,50,5.0,8.0,128.0,SAMSUNG,Mid-Range (2M-5M)
samsung galaxy a15,"SAMSUNG A15 (4G) 8/128  8/256,(5G) 8/256 SECOND FULLSET & BATANGAN",Rp2.410.000,5.0,80+ terjual,2410000,80,5.0,8.0,128.0,SAMSUNG,Mid-Range (2M-5M)
samsung galaxy a15,HP Samsung Galaxy A15 LTE Kapasitas 8/128GB,Rp2.999.000,5.0,17 terjual,2999000,17,5.0,8.0,128.0,SAMSUNG,Mid-Range (2M-5M)
samsung galaxy a15,Samsung Galaxy A15 5G 8/256GB Bergaransi,Rp2.675.000,4.5,50+ terjual,2675000,50,4.5,8.0,256.0,SAMSUNG,Mid-Range (2M-5M)
samsung galaxy a15,"Samsung Galaxy A15 4G,5G Ram 8/128-256 GB",Rp2.555.000,5.0,24 terjual,2555000,24,5.0,8.0,128.0,SAMSUNG,Mid-Range (2M-5M)
samsung galaxy a15,Samsung Galaxy A15 5G 8/256GB,Rp3.260.000,5.0,7 terjual,3260000,7,5.0,8.0,256.0,SAMSUNG,Mid-Range (2M-5M)
samsung galaxy a15,samsung A15 Ram 4/64 Second,Rp1.160.000,5.0,11 terjual,1160000,11,5.0,4.0,64.0,SAMSUNG,Entry-Level (<2M)
samsung galaxy a15,samsung a15 4g 8/128GB fullset mulus,Rp2.050.000,4.8,13 terjual,2050000,13,4.8,8.0,128.0,SAMSUNG,Mid-Range (2M-5M)
samsung galaxy a15,Samsung Galaxy A15 5G 8GB/256GB,Rp2.575.000,5.0,29 terjual,2575000,29,5.0,8.0,256.0,SAMSUNG,Mid-Range (2M-5M)
samsung galaxy a15,SAMSUNG A15 5G 8/256 SECOND FULLSET,Rp2.460.000,5.0,6 terjual,2460000,6,5.0,8.0,256.0,SAMSUNG,Mid-Range (2M-5M)
samsung galaxy a15,Samsung Galaxy A15 LTE 8/128GB & 8/256GB,Rp2.500.000,4.3,60+ terjual,2500000,60,4.3,8.0,128.0,SAMSUNG,Mid-Range (2M-5M)
samsung galaxy a15,Samsung A15 5G 8/256 GB Original,Rp2.459.000,5.0,100+ terjual,2459000,100,5.0,8.0,256.0,SAMSUNG,Mid-Range (2M-5M)
samsung galaxy a15,SAMSUNG A15 4G 8/128GB BNOB GARANSI RESMI,Rp2.159.999,5.0,5 terjual,2159999,5,5.0,8.0,128.0,SAMSUNG,Mid-Range (2M-5M)
samsung galaxy a15,SAMSUNG A15 4G 8/256 GB new,Rp2.479.000,5.0,13 terjual,2479000,13,5.0,8.0,256.0,SAMSUNG,Mid-Range (2M-5M)
samsung galaxy a15,SAMSUNG A15 5G 8/256 GB new,Rp2.679.000,5.0,8 terjual,2679000,8,5.0,8.0,256.0,SAMSUNG,Mid-Range (2M-5M)
samsung galaxy a15,SAMSUNG A15 4G RAM 8+8 256 GB,Rp2.960.000,5.0,1 terjual,2960000,1,5.0,8.0,256.0,SAMSUNG,Mid-Range (2M-5M)
samsung galaxy a15,SAMSUNG A15 5G 8/256 SECOND FULLSET,Rp2.510.000,5.0,3 terjual,2510000,3,5.0,8.0,256.0,SAMSUNG,Mid-Range (2M-5M)
samsung galaxy a15,samsung a15 8/128 || 8/256 Sein Ramadhan edition,Rp2.959.000,5.0,1 terjual,2959000,1,5.0,8.0,128.0,SAMSUNG,Mid-Range (2M-5M)
samsung galaxy a15,Samsumg A15 4G 8/256 unit only,Rp1.600.000,5.0,1 terjual,1600000,1,5.0,8.0,256.0,OTHER,Entry-Level (<2M)
samsung galaxy a15,Samsung A15 8/128 second Garansi SEIN,Rp2.599.000,5.0,3 terjual,2599000,3,5.0,8.0,128.0,SAMSUNG,Mid-Range (2M-5M)
samsung galaxy a15,SAMSUNG GALAXY A15 8/128 SECOND MULUS FULLSET ACC LENGKAP ORIGINAL,Rp2.110.000,5.0,1 terjual,2110000,1,5.0,8.0,128.0,SAMSUNG,Mid-Range (2M-5M)
samsung galaxy a15,Samsung Galaxy A15 LTE 8GB/128GB,Rp2.200.000,4.0,17 terjual,2200000,17,4.0,8.0,128.0,SAMSUNG,Mid-Range (2M-5M)
samsung galaxy a15,Infinix Smart 20 4/64GB - Up to 8GB Extended RAM - Mediatek Helio G81 - 6.78” - 8MP - 5200 mAh - IP64,Rp1.799.000,5.0,10rb+ terjual,1799000,10000,5.0,4.0,64.0,INFINIX,Entry-Level (<2M)
samsung galaxy a15,Infinix Smart 20 4/128GB - Up to 8GB Extended RAM - Mediatek Helio G81 - 6.78” - 8MP - 5200 mAh - IP64,Rp1.929.000,5.0,10rb+ terjual,1929000,10000,5.0,4.0,128.0,INFINIX,Entry-Level (<2M)
samsung galaxy a15,Infinix Smart 20 4/256GB - Up to 8GB Extended RAM - Mediatek Helio G81 - 6.78” - 8MP - 5200 mAh - IP64,Rp2.128.000,5.0,2rb+ terjual,2128000,2000,5.0,4.0,256.0,INFINIX,Mid-Range (2M-5M)
samsung galaxy a15,Samsung Galaxy A07 8/256GB 6/128GB 4/128GB 4/64GB Garansi Resmi 1 Tahun,Rp2.105.500,5.0,2rb+ terjual,2105500,2000,5.0,8.0,256.0,SAMSUNG,Mid-Range (2M-5M)
samsung galaxy a15,oppo A15 ram 3/32GB new resmi 1 tahun garansi,Rp1.509.000,5.0,250+ terjual,1509000,250,5.0,3.0,32.0,OPPO,Entry-Level (<2M)
samsung galaxy a15,SAMSUNG GALAXY A07 [64GB | 128GB] GARANSI RESMI,Rp2.120.000,5.0,1rb+ terjual,2120000,1000,5.0,,64.0,SAMSUNG,Mid-Range (2M-5M)
samsung galaxy a15,Samsung Mesin Cuci WA80H Top Load 8kg - WA80H4200SW/SE,Rp3.019.000,4.9,1rb+ terjual,3019000,1000,4.9,,,SAMSUNG,Mid-Range (2M-5M)
samsung galaxy a15,SAMSUNG GALAXY A14 5G 6/128 GB GARANSI RESMI,Rp2.160.000,5.0,250+ terjual,2160000,250,5.0,6.0,128.0,SAMSUNG,Mid-Range (2M-5M)
samsung galaxy a15,"[ONLINE EXCLUSIVE] vivo T5 - 7200 mAH + 44W FlashCharge, 32MP Front Camera, Origin OS + vivo AI, IP68/69/69+",Rp3.659.000,4.9,500+ terjual,3659000,500,4.9,,,VIVO,Mid-Range (2M-5M)
samsung galaxy a15,[NEW] VIVO Y15S 3/32 5000MaH GARANSI RESMI,Rp1.610.000,4.9,250+ terjual,1610000,250,4.9,3.0,32.0,VIVO,Entry-Level (<2M)
samsung galaxy a15,Samsung Mesin Cuci 9kg WA90 Top Load dengan Dual Wing - WA90H4200SG/SE,Rp2.959.000,4.9,750+ terjual,2959000,750,4.9,,,SAMSUNG,Mid-Range (2M-5M)
samsung galaxy a15,Samsung Galaxy A01 Core,Rp1.960.000,5.0,100+ terjual,1960000,100,5.0,,,SAMSUNG,Entry-Level (<2M)
samsung galaxy a15,Xiaomi Redmi Note 15 4G | Xiaomi Redmi Note 15 5G [8/128 GB] [8/256 GB] [12/512 GB] Garansi Resmi Xiaomi Indonesia,Rp3.999.000,5.0,250+ terjual,3999000,250,5.0,8.0,128.0,XIAOMI,Mid-Range (2M-5M)
samsung galaxy a15,SAMSUNG GALAXY A 01 (2/16GB) SEIN,Rp1.160.000,5.0,40+ terjual,1160000,40,5.0,,,SAMSUNG,Entry-Level (<2M)
samsung galaxy a15,(PROMO LIVE) XIAOMI REDMI 15 8/256 & 8/128 GARANSI RESMI,Rp3.127.080,4.9,100+ terjual,3127080,100,4.9,8.0,256.0,XIAOMI,Mid-Range (2M-5M)
samsung galaxy a15,hp Samsung A32 5G 8/128GB fullset mulus Likenew garansi panjang,Rp2.150.000,5.0,70+ terjual,2150000,70,5.0,8.0,128.0,SAMSUNG,Mid-Range (2M-5M)
samsung galaxy a15,Samsung Galaxy A07 LTE ( 4GB/64GB - 4GB/128GB ) Baru Garansi Resmi,Rp2.059.000,4.9,100+ terjual,2059000,100,4.9,4.0,64.0,SAMSUNG,Mid-Range (2M-5M)
samsung galaxy a15,Samsung Galaxy A17 4G Ram 8/128GB & 8/256GB Garansi Resmi New dengan Kamera 50 MP & Layar 6.7 inci FHD+ 90Hz,Rp4.350.000,5.0,80+ terjual,4350000,80,5.0,8.0,128.0,SAMSUNG,Mid-Range (2M-5M)
samsung galaxy a25,Samsung A25 5G Ram 8/128GB | Ram 8/256GB,Rp3.259.000,5.0,18 terjual,3259000,18,5.0,8.0,128.0,SAMSUNG,Mid-Range (2M-5M)
samsung galaxy a25,Samsung Galaxy A25 5G New,Rp2.960.000,5.0,40+ terjual,2960000,40,5.0,,,SAMSUNG,Mid-Range (2M-5M)
samsung galaxy a25,Samsung Galaxy A25 5G 8/128GB 8/256GB 128GB 256GB 8/256 Garansi Resmi,Rp3.509.000,4.7,30+ terjual,3509000,30,4.7,8.0,128.0,SAMSUNG,Mid-Range (2M-5M)
samsung galaxy a25,SAMSUNG GALAXY A25 5G 8/128GB -8/256GB GARANSI RESMI SAMSUNG INDONESIA,Rp3.190.000,4.8,30+ terjual,3190000,30,4.8,8.0,128.0,SAMSUNG,Mid-Range (2M-5M)
samsung galaxy a25,SAMSUNG GALAXY A25 5G 8/256 GALAXY A 25 5G 8/128 GARANSI RESMI,Rp4.459.000,5.0,19 terjual,4459000,19,5.0,8.0,256.0,SAMSUNG,Mid-Range (2M-5M)
samsung galaxy a25,Samsung A25 8 128 5g New segel Grs Resmi Samsung indonesia,Rp3.400.000,5.0,10 terjual,3400000,10,5.0,,,SAMSUNG,Mid-Range (2M-5M)
samsung galaxy a25,SAMSUNG GALAXY A25 5G 8/128GB GARANSI RESMI SAMSUNG INDONESIA,Rp2.949.000,4.8,40+ terjual,2949000,40,4.8,8.0,128.0,SAMSUNG,Mid-Range (2M-5M)
samsung galaxy a25,Samsung Galaxy A25 5G ram 8Gb rom 256GB Fullset,Rp3.160.000,5.0,13 terjual,3160000,13,5.0,8.0,,SAMSUNG,Mid-Range (2M-5M)
samsung galaxy a25,SAMSUNG GALAXY A25 5G NFC 8/256 GALAXY A 25 5G 8/128 GARANSI RESMI,Rp4.459.000,5.0,3 terjual,4459000,3,5.0,8.0,256.0,SAMSUNG,Mid-Range (2M-5M)
samsung galaxy a25,Samsung A25 5G Ram 8gb/Rom 256gb garansi resmi samsung Smartphone Lcd,Rp3.910.000,5.0,7 terjual,3910000,7,5.0,8.0,,SAMSUNG,Mid-Range (2M-5M)
samsung galaxy a25,Samsung Galaxy A25 5G 8GB/256GB - Bergaransi Resmi dan Extra Bonus,Rp3.000.000,4.7,6 terjual,3000000,6,4.7,8.0,256.0,SAMSUNG,Mid-Range (2M-5M)
samsung galaxy a25,HP SAMSUNG GALAXY A25 5G 8/128GB - A25 RAM 8GB ROM 128GB GARANSI RESMI,Rp3.459.000,4.7,5 terjual,3459000,5,4.7,8.0,128.0,SAMSUNG,Mid-Range (2M-5M)
samsung galaxy a25,samsung a25 5g 8/256,Rp1.760.000,5.0,6 terjual,1760000,6,5.0,8.0,256.0,SAMSUNG,Entry-Level (<2M)
samsung galaxy a25,"Samsung Galaxy A25 5G 8/128GB | 8/256GB 6.5 Inch bergaransi - black, ram 8/256gb",Rp2.860.000,5.0,5 terjual,2860000,5,5.0,8.0,128.0,SAMSUNG,Mid-Range (2M-5M)
samsung galaxy a25,Samsung Galaxy A25 5G 8/128GB New Resmi,Rp3.460.000,5.0,3 terjual,3460000,3,5.0,8.0,128.0,SAMSUNG,Mid-Range (2M-5M)
samsung galaxy a25,SAMSUNG A25 5G - 8/256 GB - EXYNOS 1280 - REPACK,Rp2.959.000,5.0,7 terjual,2959000,7,5.0,8.0,256.0,SAMSUNG,Mid-Range (2M-5M)
samsung galaxy a25,Samsung Galaxy A25 5G 8/128Gb dan 8/256Gb Sein,Rp2.850.000,5.0,1 terjual,2850000,1,5.0,8.0,128.0,SAMSUNG,Mid-Range (2M-5M)
samsung galaxy a25,samsung galaxy A25 5g 8/256gb SEIN,Rp4.060.000,5.0,2 terjual,4060000,2,5.0,8.0,256.0,SAMSUNG,Mid-Range (2M-5M)
samsung galaxy a25,HP SAMSUNG GALAXY A25 5G 8/256 GB - SAMSUNG A 25 5G RAM 8GB ROM 256GB GARANSI RESMI,Rp3.500.000,5.0,5 terjual,3500000,5,5.0,8.0,256.0,SAMSUNG,Mid-Range (2M-5M)
samsung galaxy a25,Samsung A25 5g 8/256 resmi | samsung a25 5g 8/128 resmi,Rp3.685.000,5.0,4 terjual,3685000,4,5.0,8.0,256.0,SAMSUNG,Mid-Range (2M-5M)
samsung galaxy a25,SAMSUNG GALAXY A25 5G 8/128 & 8/256 SECOND FULLSET,Rp2.909.000,5.0,1 terjual,2909000,1,5.0,8.0,128.0,SAMSUNG,Mid-Range (2M-5M)
samsung galaxy a25,SAMSUNG A25 5G RAM  8/128 - 8/256 SECOND FULLSET & BATANGANN,Rp2.410.000,5.0,4 terjual,2410000,4,5.0,8.0,128.0,SAMSUNG,Mid-Range (2M-5M)
samsung galaxy a25,SAMSUNG GALAXY A25 5G 8/128GB GARANSI RESMI SAMSUNG INDONESIA,Rp3.255.000,4.5,13 terjual,3255000,13,4.5,8.0,128.0,SAMSUNG,Mid-Range (2M-5M)
samsung galaxy a25,Samsung A25 5G Ram 8GB/256GB mulus fullset,Rp2.705.000,4.2,8 terjual,2705000,8,4.2,8.0,256.0,SAMSUNG,Mid-Range (2M-5M)
samsung galaxy a25,SAMSUNG A25 5G 8/256 GB new,Rp3.259.000,4.0,4 terjual,3259000,4,4.0,8.0,256.0,SAMSUNG,Mid-Range (2M-5M)
samsung galaxy a25,Samsung Galaxy A25 5G 8/128GB | 8/256GB 6.5 Inch bergaransi,Rp2.897.555,3.7,11 terjual,2897555,11,3.7,8.0,128.0,SAMSUNG,Mid-Range (2M-5M)
samsung galaxy a25,SAMSUNG GALAXY A25 5G 8/256GB GARANSI RESMI SAMSUNG INDONESIA,Rp3.259.000,1.0,21 terjual,3259000,21,1.0,8.0,256.0,SAMSUNG,Mid-Range (2M-5M)
samsung galaxy a25,Samsung Galaxy A17 5G 4G 8/256Gb Garansi Resmi Sein New,Rp2.988.160,4.9,4rb+ terjual,2988160,4000,4.9,8.0,256.0,SAMSUNG,Mid-Range (2M-5M)
samsung galaxy a25,Samsung Galaxy A26 5G NFC Ram 8/256gb BARU Garansi Resmi SEIN Not A25,Rp5.500.000,5.0,250+ terjual,5500000,250,5.0,8.0,256.0,SAMSUNG,Upper Mid (5M-10M)
samsung galaxy a25,"Samsung A17 5G 8/256GB 50MP Camera with OIS  6.7"" Super AMOLED LCD Garansi Resmi",Rp4.099.000,4.9,250+ terjual,4099000,250,4.9,8.0,256.0,SAMSUNG,Mid-Range (2M-5M)
samsung galaxy a25,(RESMI) Samsung Galaxy A17 8/256GB 5G Black Grey Green Garansi Resmi Indonesia 1 Tahun,Rp3.126.160,4.8,250+ terjual,3126160,250,4.8,8.0,256.0,SAMSUNG,Mid-Range (2M-5M)
samsung galaxy a25,Samsung Galaxy A17 5G [8GB+256GB] [8GB+128GB] LCD Super AMOLED - Camera 50MP - 5000 mAh - Garansi Resmi SAMSUNG,Rp4.489.000,4.9,100+ terjual,4489000,100,4.9,,,SAMSUNG,Mid-Range (2M-5M)
samsung galaxy a25,VIVO V25E 8/256 VIVO V25 E 8/128 (8+8 EXTENDED RAM) GARANSI RESMI INDO,Rp3.959.000,5.0,60+ terjual,3959000,60,5.0,8.0,256.0,VIVO,Mid-Range (2M-5M)
samsung galaxy a25,Samsung Galaxy A27 5G 6/128 8/256 GB RAM 6GB 8GB ROM 128GB 256GB Smartphone AI Garansi Resmi,Rp5.387.000,5.0,100+ terjual,5387000,100,5.0,6.0,128.0,SAMSUNG,Upper Mid (5M-10M)
samsung galaxy a25,Samsung A06 4/128 Garansi Resmi,Rp1.790.000,4.9,100+ terjual,1790000,100,4.9,4.0,128.0,SAMSUNG,Entry-Level (<2M)
samsung galaxy a25,Samsung A17 4G 8 256 nfc Ram 8gb 256gb new garansi resmi,Rp3.650.000,4.8,100+ terjual,3650000,100,4.8,8.0,,SAMSUNG,Mid-Range (2M-5M)
samsung galaxy a25,HN store 2003,Rp1.460.000,5.0,250+ terjual,1460000,250,5.0,,,OTHER,Entry-Level (<2M)
samsung galaxy a25,Samsung Galaxy M15 5G 6/128GB,Rp2.349.000,4.9,100+ terjual,2349000,100,4.9,6.0,128.0,SAMSUNG,Mid-Range (2M-5M)
samsung galaxy a25,(PROMO) Samsung A17 5G 8/256 Garansi resmi,Rp4.865.900,5.0,80+ terjual,4865900,80,5.0,8.0,256.0,SAMSUNG,Mid-Range (2M-5M)
samsung galaxy a25,[ Mega Deals ] Samsung A26 5G 8/256GB Garansi Resmi - [Digitech MallxCreator],Rp5.358.337,5.0,30+ terjual,5358337,30,5.0,8.0,256.0,SAMSUNG,Upper Mid (5M-10M)
samsung galaxy a25,"Samsung A36 5G 8/256GB 12/256GB Galaxy AI 6.7"" FHD+ Super AMOLED LCD 120Hz Garansi Resmi",Rp5.001.000,4.9,80+ terjual,5001000,80,4.9,8.0,256.0,SAMSUNG,Upper Mid (5M-10M)
samsung galaxy a35,SAMSUNG A35 5G 8/256 GB new,Rp4.149.000,5.0,25 terjual,4149000,25,5.0,8.0,256.0,SAMSUNG,Mid-Range (2M-5M)
samsung galaxy a35,Samsung Galaxy A35 5G 8/256 GB,Rp3.945.000,5.0,60+ terjual,3945000,60,5.0,8.0,256.0,SAMSUNG,Mid-Range (2M-5M)
samsung galaxy a35,Smartphone Samsung Galaxy A35 8GB/256GB,Rp3.725.000,5.0,22 terjual,3725000,22,5.0,8.0,256.0,SAMSUNG,Mid-Range (2M-5M)
samsung galaxy a35,Samsung Galaxy A35 5G 8/256GB - Garansi Resmi,Rp4.550.000,5.0,13 terjual,4550000,13,5.0,8.0,256.0,SAMSUNG,Mid-Range (2M-5M)
samsung galaxy a35,Samsung Galaxy A35 5G RAM 8GB ROM 256GB 8/256GB 8/256 Garansi Resmi,Rp4.709.000,5.0,30+ terjual,4709000,30,5.0,8.0,256.0,SAMSUNG,Mid-Range (2M-5M)
samsung galaxy a35,(RESMI)Samsung Galaxy A35 Samsung A35 8/128GB 8/256GB Resmi Sein,Rp5.335.000,5.0,30+ terjual,5335000,30,5.0,8.0,128.0,SAMSUNG,Upper Mid (5M-10M)
samsung galaxy a35,Samsung A35 5G Ram 8GB Rom 256GB Segel Original,Rp4.500.000,5.0,20 terjual,4500000,20,5.0,8.0,,SAMSUNG,Mid-Range (2M-5M)
samsung galaxy a35,"Samsung A35 - RAM 8GB/256GB, Baterai 5000mAh, Garansi Resmi",Rp3.645.000,5.0,11 terjual,3645000,11,5.0,8.0,256.0,SAMSUNG,Mid-Range (2M-5M)
samsung galaxy a35,samsung galaxy a35 5g 8/256gb second fullset,Rp3.809.000,5.0,7 terjual,3809000,7,5.0,8.0,256.0,SAMSUNG,Mid-Range (2M-5M)
samsung galaxy a35,(RESMI) Samsung Galaxy A35 Samsung A35 8/128GB 8/256GB SEIN INDONESIA,Rp4.810.000,5.0,26 terjual,4810000,26,5.0,8.0,128.0,SAMSUNG,Mid-Range (2M-5M)
samsung galaxy a35,Samsung A35 5G 8/128 & 8/256 Garansi Resmi !,Rp4.460.000,5.0,6 terjual,4460000,6,5.0,8.0,128.0,SAMSUNG,Mid-Range (2M-5M)
samsung galaxy a35,Samsung galaxy A35 5G ram 8/256Gb fullset,Rp4.160.000,4.6,27 terjual,4160000,27,4.6,8.0,256.0,SAMSUNG,Mid-Range (2M-5M)
samsung galaxy a35,samsung galaxy A35 8+8/256,Rp3.750.000,5.0,5 terjual,3750000,5,5.0,8.0,256.0,SAMSUNG,Mid-Range (2M-5M)
samsung galaxy a35,(NEW) Samsung Galaxy A35 NFC 5G 8GB 256GB Garansi Resmi Samsung 1 tahun,Rp5.260.000,5.0,5 terjual,5260000,5,5.0,,,SAMSUNG,Upper Mid (5M-10M)
samsung galaxy a35,samsung galaxy a35 5g 8/256gb,Rp4.959.000,5.0,2 terjual,4959000,2,5.0,8.0,256.0,SAMSUNG,Mid-Range (2M-5M)
samsung galaxy a35,SAMSUNG GALAXY A35 5G NFC TTERBARU,Rp4.000.000,5.0,30+ terjual,4000000,30,5.0,,,SAMSUNG,Mid-Range (2M-5M)
samsung galaxy a35,Samsung a35 5g 8/256gb second resmi original,Rp3.510.000,4.4,17 terjual,3510000,17,4.4,8.0,256.0,SAMSUNG,Mid-Range (2M-5M)
samsung galaxy a35,SAMSUNG GALAXY A35 5G 8/256GB RESMI SEIN,Rp3.583.000,4.7,5 terjual,3583000,5,4.7,8.0,256.0,SAMSUNG,Mid-Range (2M-5M)
samsung galaxy a35,Samsung Galaxy A35 5G RAM 8GB/ROM 256GB,Rp2.960.000,5.0,8 terjual,2960000,8,5.0,8.0,,SAMSUNG,Mid-Range (2M-5M)
samsung galaxy a35,SAMSUNG A35 RAM 8 INT 125GB VIOLET GARANSI RESMI,Rp4.860.000,5.0,1 terjual,4860000,1,5.0,8.0,,SAMSUNG,Mid-Range (2M-5M)
samsung galaxy a35,Samsung A35 5G Ram 8/256 Fullset Original Resmi Sein,Rp3.510.000,5.0,2 terjual,3510000,2,5.0,8.0,256.0,SAMSUNG,Mid-Range (2M-5M)
samsung galaxy a35,Samsung a35 5G 8/256 Garansi resmi Samsung indonesia,Rp4.360.000,5.0,6 terjual,4360000,6,5.0,8.0,256.0,SAMSUNG,Mid-Range (2M-5M)
samsung galaxy a35,SAMSUNG A35 8/256GB SEIN ORI,Rp3.460.000,5.0,1 terjual,3460000,1,5.0,8.0,256.0,SAMSUNG,Mid-Range (2M-5M)
samsung galaxy a35,SAMSUNG A35 5G 8/256 SECOND MULUS FULLSET ORI RESMI INDONESIA,Rp3.850.000,5.0,5 terjual,3850000,5,5.0,8.0,256.0,SAMSUNG,Mid-Range (2M-5M)
samsung galaxy a35,Samsung Galaxy A35 6/128 GB,Rp3.059.000,5.0,1 terjual,3059000,1,5.0,6.0,128.0,SAMSUNG,Mid-Range (2M-5M)
samsung galaxy a35,samsung a35 8/256 fullset normal garansi panjang,Rp3.459.000,5.0,1 terjual,3459000,1,5.0,8.0,256.0,SAMSUNG,Mid-Range (2M-5M)
samsung galaxy a35,Samsung Galaxy A35 5G 8/256GB,Rp4.010.000,4.0,28 terjual,4010000,28,4.0,8.0,256.0,SAMSUNG,Mid-Range (2M-5M)
samsung galaxy a35,Samsung Galaxy A07 ( 4/64 4/128 6/128 8/256 ) Garansi Resmi Sein,Rp1.898.000,4.9,10rb+ terjual,1898000,10000,4.9,4.0,64.0,SAMSUNG,Entry-Level (<2M)
samsung galaxy a35,(RESMI) Samsung Galaxy A17 5G 256B RAM 8GB 8/256GB Black Grey Green,Rp3.364.356,4.9,750+ terjual,3364356,750,4.9,8.0,256.0,SAMSUNG,Mid-Range (2M-5M)
samsung galaxy a35,(RESMI) Samsung Galaxy A17 8/256GB 5G Black Grey Green Garansi Resmi Indonesia 1 Tahun,Rp3.127.080,5.0,500+ terjual,3127080,500,5.0,8.0,256.0,SAMSUNG,Mid-Range (2M-5M)
samsung galaxy a35,Samsung Galaxy A07 LTE 8/256 6/128 4/128 4/6GB Helio G99 Garansi Resmi,Rp2.107.900,5.0,500+ terjual,2107900,500,5.0,8.0,256.0,SAMSUNG,Mid-Range (2M-5M)
samsung galaxy a35,[ Live ] Samsung A57 5G 8/128GB 8/256GB 12/256GB Garansi Resmi,Rp6.614.900,4.9,1rb+ terjual,6614900,1000,4.9,8.0,128.0,SAMSUNG,Upper Mid (5M-10M)
samsung galaxy a35,Samsung Galaxy A07 4G Garansi Resmi,Rp2.082.600,5.0,750+ terjual,2082600,750,5.0,,,SAMSUNG,Mid-Range (2M-5M)
samsung galaxy a35,SAMSUNG GALAXY S10+ 6GB/128GB 8GB/128GB S10 PLUS GARANSI RESMI SEIN,Rp3.159.000,4.9,250+ terjual,3159000,250,4.9,6.0,128.0,SAMSUNG,Mid-Range (2M-5M)
samsung galaxy a35,Samsung Galaxy A07 4G 4/64GB 4/128GB 6/128GB 8/256GB Helio G99 5000 mAh Garansi Resmi,Rp2.082.000,4.9,500+ terjual,2082000,500,4.9,4.0,64.0,SAMSUNG,Mid-Range (2M-5M)
samsung galaxy a35,[ DIGITECH ] Samsung Galaxy A36 5G 8/256GB 12/256GB NFC Garansi Resmi - [Digitech MALL],Rp4.508.085,4.9,250+ terjual,4508085,250,4.9,8.0,256.0,SAMSUNG,Mid-Range (2M-5M)
samsung galaxy a35,"Samsung Galaxy A17 [8/128GB] [8/256GB] | Mediatek Helio G99 | 6.7"" SUPER AMOLED Display | 5000 mAh | Garansi Resmi",Rp2.998.280,5.0,250+ terjual,2998280,250,5.0,8.0,128.0,SAMSUNG,Mid-Range (2M-5M)
samsung galaxy a35,(KG) Samsung Galaxy A07 Series Garansi Resmi Samsung Indonesia hp samsung.authorize,Rp2.473.911,5.0,250+ terjual,2473911,250,5.0,,,SAMSUNG,Mid-Range (2M-5M)
samsung galaxy a35,Samsung Galaxy A07 Ram 8GB Rom 256GB 8/256GB 6/128GB 4/128GB 4/64GB Garansi Resmi Samsung 1 Tahun,Rp1.999.000,4.8,250+ terjual,1999000,250,4.8,8.0,256.0,SAMSUNG,Entry-Level (<2M)
samsung galaxy a35,Samsung Galaxy A17 5G 8/256GB 8/128GB Resmi SEIN,Rp3.332.900,4.9,100+ terjual,3332900,100,4.9,8.0,256.0,SAMSUNG,Mid-Range (2M-5M)
samsung galaxy a35,Samsung Galaxy A33 5G RAM 6/128GB 8/128GB 8/256GB Garansi Resmi,Rp3.759.000,5.0,100+ terjual,3759000,100,5.0,6.0,128.0,SAMSUNG,Mid-Range (2M-5M)
samsung galaxy a35,Samsung Galaxy A07 4/64 4/128 6/128 8/256 GB HP Android,Rp2.199.000,5.0,100+ terjual,2199000,100,5.0,4.0,64.0,SAMSUNG,Mid-Range (2M-5M)
samsung galaxy a35,Samsung Galaxy A07 LTE 4/64GB | Prosesor : Helio G99,Rp2.099.000,5.0,100+ terjual,2099000,100,5.0,4.0,64.0,SAMSUNG,Mid-Range (2M-5M)
samsung galaxy a55,Samsung A55 5G 8/256GB fullset mulus second ori resmi,Rp4.400.000,5.0,80+ terjual,4400000,80,5.0,8.0,256.0,SAMSUNG,Mid-Range (2M-5M)
samsung galaxy a55,Samsung A55 5G 8GB/128GB 8/256GB 12/256GB NEW BARU RESMI SEIN GARANSI 1 TAHUN,Rp4.959.000,5.0,80+ terjual,4959000,80,5.0,8.0,128.0,SAMSUNG,Mid-Range (2M-5M)
samsung galaxy a55,Samsung A55 5G Ram 8/128GB | Ram 8/256GB | Ram 12/256GB,Rp4.999.000,4.8,100+ terjual,4999000,100,4.8,8.0,128.0,SAMSUNG,Mid-Range (2M-5M)
samsung galaxy a55,samsung galaxy a55 5g 8gb 256gb,Rp4.960.000,5.0,30+ terjual,4960000,30,5.0,,,SAMSUNG,Mid-Range (2M-5M)
samsung galaxy a55,Samsung a55 5g 8/256gb second resmi original,Rp4.375.000,4.9,40+ terjual,4375000,40,4.9,8.0,256.0,SAMSUNG,Mid-Range (2M-5M)
samsung galaxy a55,SAMSUNG A55 5G 8/256 BARU SEGEL RESMI SAMSUNG A56 5G 8/255 GARANSI,Rp6.959.000,4.8,40+ terjual,6959000,40,4.8,8.0,256.0,SAMSUNG,Upper Mid (5M-10M)
samsung galaxy a55,SAMSUNG A55 5G 12/512 GB new,Rp5.069.000,4.9,30+ terjual,5069000,30,4.9,12.0,512.0,SAMSUNG,Upper Mid (5M-10M)
samsung galaxy a55,Samsung Galaxy A56 5G 12/256GB | 8/256GB 5000 mAh NFC Exynos 1580 - Garansi Resmi,Rp6.629.000,5.0,60+ terjual,6629000,60,5.0,12.0,256.0,SAMSUNG,Upper Mid (5M-10M)
samsung galaxy a55,Samsung Galaxy A55 5G 8/256GB,Rp5.000.000,4.8,50+ terjual,5000000,50,4.8,8.0,256.0,SAMSUNG,Mid-Range (2M-5M)
samsung galaxy a55,Samsung Galaxy A55 5G 8/128GB BLACK SILVER,Rp5.659.000,5.0,16 terjual,5659000,16,5.0,8.0,128.0,SAMSUNG,Upper Mid (5M-10M)
samsung galaxy a55,samsung a55 5g 8/256 garansi resmi indonesia,Rp3.900.000,5.0,24 terjual,3900000,24,5.0,8.0,256.0,SAMSUNG,Mid-Range (2M-5M)
samsung galaxy a55,Samsung Galaxy A55 5G Ram 8/256 Gb Second Sein Original,Rp4.610.000,5.0,13 terjual,4610000,13,5.0,8.0,256.0,SAMSUNG,Mid-Range (2M-5M)
samsung galaxy a55,(RESMI) Samsung Galaxy A55 Samsung A55 8/128GB 8/256GB 12/256GB SEIN,Rp5.549.000,5.0,60+ terjual,5549000,60,5.0,8.0,128.0,SAMSUNG,Upper Mid (5M-10M)
samsung galaxy a55,Smartphone Samsung Galaxy A55 8GB/256GB,Rp4.540.000,5.0,24 terjual,4540000,24,5.0,8.0,256.0,SAMSUNG,Mid-Range (2M-5M)
samsung galaxy a55,Samsung galaxy a55 8/256 New Segel garansi Resmi SEIN,Rp5.200.000,5.0,22 terjual,5200000,22,5.0,8.0,256.0,SAMSUNG,Upper Mid (5M-10M)
samsung galaxy a55,SAMSUNG GALAXY A55 5G 12/256 SAMSUNG A 55 5G 8/256 8/128 GARANSI RESMI,Rp6.959.000,4.7,30+ terjual,6959000,30,4.7,12.0,256.0,SAMSUNG,Upper Mid (5M-10M)
samsung galaxy a55,SAMSUNG GALAXY A55 5G 12/256 GALAXY A 55 5G 8/256 8/128 GARANSI RESMI,Rp6.959.000,4.8,40+ terjual,6959000,40,4.8,12.0,256.0,SAMSUNG,Upper Mid (5M-10M)
samsung galaxy a55,Smartphone Galaxy A55 12GB/256GB,Rp4.945.000,5.0,12 terjual,4945000,12,5.0,12.0,256.0,OTHER,Mid-Range (2M-5M)
samsung galaxy a55,RESMI | SAMSUNG GALAXY A55 5G 8/256GB 8/128GB SECOND SEIN FULLSET,Rp4.500.000,4.7,30+ terjual,4500000,30,4.7,8.0,256.0,SAMSUNG,Mid-Range (2M-5M)
samsung galaxy a55,SAMSUNG A55 5G 8/256 BATRAI 5000 MAH SUPER AMOLED 6.7 INCH,Rp3.000.000,5.0,13 terjual,3000000,13,5.0,8.0,256.0,SAMSUNG,Mid-Range (2M-5M)
samsung galaxy a55,"SAMSUNG A55 5G 8/256GB, 12/256GB BNOB GARANSI RESMI",Rp5.199.999,5.0,17 terjual,5199999,17,5.0,8.0,256.0,SAMSUNG,Upper Mid (5M-10M)
samsung galaxy a55,samsung A55 8/256gb 5g resmi indonesia second bekas,Rp4.499.000,5.0,3 terjual,4499000,3,5.0,8.0,256.0,SAMSUNG,Mid-Range (2M-5M)
samsung galaxy a55,Samsung Galaxy A56 | A55 | A54 | 256GB 128GB | Original Garansi Resmi SEIN Indonesia,Rp2.890.000,4.7,5 terjual,2890000,5,4.7,,256.0,SAMSUNG,Mid-Range (2M-5M)
samsung galaxy a55,SAMSUNG GALAXY A55 5G RAM 8/256GB 12/256GB Garansi Resmi Samsung Indonesia,Rp5.459.000,5.0,9 terjual,5459000,9,5.0,8.0,256.0,SAMSUNG,Upper Mid (5M-10M)
samsung galaxy a55,SAMSUNG GALAXY A55 5G 8+128GB 5G- AI22 STORE Kamera Layar,Rp3.560.000,5.0,2 terjual,3560000,2,5.0,,128.0,SAMSUNG,Mid-Range (2M-5M)
samsung galaxy a55,Samsung Galaxy A55 8/256 GB,Rp4.160.000,5.0,9 terjual,4160000,9,5.0,8.0,256.0,SAMSUNG,Mid-Range (2M-5M)
samsung galaxy a55,PROMO SAMSUNG GALAXY A55 5G 12/256GB FULLSET SECOND ORIGINAL,Rp5.400.000,5.0,40+ terjual,5400000,40,5.0,12.0,256.0,SAMSUNG,Upper Mid (5M-10M)
samsung galaxy a55,SAMSUNG GALAXY A55 5G RAM 8GB/256GB GARANSI RESMI,Rp5.710.000,5.0,2 terjual,5710000,2,5.0,8.0,256.0,SAMSUNG,Upper Mid (5M-10M)
samsung galaxy a55,SAMSUNG GALAXY A55 5G RAM 12GB+256GB/8GB+256GB dan 8GB+128GBGaransi Resmi Sein 1 Tahun,Rp6.580.000,5.0,1 terjual,6580000,1,5.0,12.0,,SAMSUNG,Upper Mid (5M-10M)
samsung galaxy a55,samsung A55 8/256gb bekas,Rp4.460.000,5.0,2 terjual,4460000,2,5.0,8.0,256.0,SAMSUNG,Mid-Range (2M-5M)
samsung galaxy a55,Samsung Galaxy A55 5G 12/256GB,Rp5.500.000,5.0,4 terjual,5500000,4,5.0,12.0,256.0,SAMSUNG,Upper Mid (5M-10M)
samsung galaxy a55,Samsung  Galaxy A55 5G 12Gb/256 Garansi Resmi Kamera,Rp5.430.000,4.2,12 terjual,5430000,12,4.2,12.0,256.0,SAMSUNG,Upper Mid (5M-10M)
samsung galaxy a55,PROMO SAMSUNG GALAXY A55 5G 12/256GB,Rp4.610.000,4.2,8 terjual,4610000,8,4.2,12.0,256.0,SAMSUNG,Mid-Range (2M-5M)
samsung galaxy a55,HP SAMSUNG A55 5G 8/256GB Smartphone Layar,Rp4.000.000,3.7,27 terjual,4000000,27,3.7,8.0,256.0,SAMSUNG,Mid-Range (2M-5M)
samsung galaxy a55,"Galaxy A55 smartphone 16+1TB Daya tahan lama, produk baru fotografi",Rp1.002.256,2.0,19 terjual,1002256,19,2.0,,1024.0,OTHER,Entry-Level (<2M)
samsung galaxy a55,Samsung Galaxy A37 5G 8GB 128GB / 8GB 256GB Garansi Resmi Indonesia | Samsung A37 5G Original,Rp5.832.900,5.0,4rb+ terjual,5832900,4000,5.0,,,SAMSUNG,Upper Mid (5M-10M)
samsung galaxy a55,Samsung Galaxy A17 5G [8/256 GB] Garansi Resmi Indonesia,Rp4.929.000,5.0,1rb+ terjual,4929000,1000,5.0,8.0,256.0,SAMSUNG,Mid-Range (2M-5M)
samsung galaxy a55,Samsung Galaxy A57 [8/256 GB] [12/256 GB] Garansi Resmi Indonesia,Rp6.649.000,5.0,1rb+ terjual,6649000,1000,5.0,8.0,256.0,SAMSUNG,Upper Mid (5M-10M)
samsung galaxy a55,Samsung Galaxy A56 8/256GB 12/256GB Garansi Resmi FS,Rp5.626.000,5.0,500+ terjual,5626000,500,5.0,8.0,256.0,SAMSUNG,Upper Mid (5M-10M)
samsung galaxy a55,Samsung Galaxy A07 8/256GB | 6/128GB | 4/128GB | 4/64GB Garansi Resmi,Rp2.037.000,5.0,500+ terjual,2037000,500,5.0,8.0,256.0,SAMSUNG,Mid-Range (2M-5M)
redmi 13c,XIAOMI REDMI 13C 6/128 | 8/256GB - Garansi Resmi TAM,Rp2.199.000,5.0,100+ terjual,2199000,100,5.0,6.0,128.0,XIAOMI,Mid-Range (2M-5M)
redmi 13c,redmi 13c mulus nominus 4/64,Rp1.810.000,5.0,11 terjual,1810000,11,5.0,4.0,64.0,XIAOMI,Entry-Level (<2M)
redmi 13c,Xiomi redmi 13C Ram 6/128,Rp1.559.000,5.0,6 terjual,1559000,6,5.0,6.0,128.0,XIAOMI,Entry-Level (<2M)
redmi 13c,XIAOMI REDMI 13C 6/128GB | 8/256GB - GRS Resmi Xiomi Tam,Rp2.199.000,5.0,30+ terjual,2199000,30,5.0,6.0,128.0,XIAOMI,Mid-Range (2M-5M)
redmi 13c,redmi 13c ram 8/256 garansi resmi no repack,Rp2.330.000,5.0,27 terjual,2330000,27,5.0,8.0,256.0,XIAOMI,Mid-Range (2M-5M)
redmi 13c,Xiaomi Redmi 13C Ram 6GB Rom 128GB Segel Original,Rp1.860.000,5.0,17 terjual,1860000,17,5.0,6.0,,XIAOMI,Entry-Level (<2M)
redmi 13c,xiaomi redmi 13c 8/256gb - ram 6gb rom 128gb nfc garansi resmi,Rp1.910.000,5.0,2 terjual,1910000,2,5.0,8.0,256.0,XIAOMI,Entry-Level (<2M)
redmi 13c,Redmi 13c second like new,Rp1.290.000,5.0,15 terjual,1290000,15,5.0,,,XIAOMI,Entry-Level (<2M)
redmi 13c,redmi 13c 8/256,Rp1.660.000,5.0,2 terjual,1660000,2,5.0,8.0,256.0,XIAOMI,Entry-Level (<2M)
redmi 13c,Xiaomi Redmi 13 C NFC 8/256gb - ram 6gb Rom 128gb no repack,Rp1.725.000,5.0,5 terjual,1725000,5,5.0,8.0,256.0,XIAOMI,Entry-Level (<2M)
redmi 13c,"Xiaomi Redmi 13C [6GB/128GB - 8GB/256GB] Extended RAM 8GB - Helio G85 - 50MP Triple Camera - NFC - 6.74"" IPS LCD - Li-Po 5000mAh Garansi Resmi 1 Tahun",Rp1.603.000,5.0,7 terjual,1603000,7,5.0,6.0,128.0,XIAOMI,Entry-Level (<2M)
redmi 13c,redmi 13 c 6/128,Rp1.610.000,5.0,2 terjual,1610000,2,5.0,6.0,128.0,XIAOMI,Entry-Level (<2M)
redmi 13c,Xiaomi Redmi 13C Ram 6/128Gb Garansi Resmi Baru dan Segel,Rp1.700.000,5.0,2 terjual,1700000,2,5.0,6.0,128.0,XIAOMI,Entry-Level (<2M)
redmi 13c,[NEW ARRIVAL] Xiaomi Redmi 13c 6/128GB & 8/256GB MediaTek Helio G85 GARANSI,Rp2.250.000,4.5,24 terjual,2250000,24,4.5,6.0,128.0,XIAOMI,Mid-Range (2M-5M)
redmi 13c,"POCO C71 4+4G/128G Performa Cadas | 6.88"" 120Hz | Ekspansi RAM 8G / storage 128G [Official Store]",Rp1.839.080,5.0,50rb+ terjual,1839080,50000,5.0,8.0,,POCO,Entry-Level (<2M)
redmi 13c,Xiaomi Redmi A7 Pro (4+64 GB) (4+128 GB) | Layar imersif 6.9 inch | Baterai 6000mAh (Typ) [Xiaomi Official Store],Rp1.885.080,5.0,10rb+ terjual,1885080,10000,5.0,,64.0,XIAOMI,Entry-Level (<2M)
redmi 13c,REALME Note 80 ( 4/64 4/128 ) GARANSI RESMI,Rp1.814.000,4.9,6rb+ terjual,1814000,6000,4.9,4.0,64.0,REALME,Entry-Level (<2M)
redmi 13c,(Live Product) ZTE NUBIA A36 (4+8)GB/64GB Smartphone Kamera AI 13MP Garansi Resmi Nasional,Rp1.769.000,4.9,3rb+ terjual,1769000,3000,4.9,,64.0,OTHER,Entry-Level (<2M)
redmi 13c,[Exclusive Creator] Infinix Smart 20 MediaTek Helio G81 [4/64GB] [4/128GB] - Garansi Resmi,Rp1.899.000,5.0,2rb+ terjual,1899000,2000,5.0,4.0,64.0,INFINIX,Entry-Level (<2M)
redmi 13c,Xiaomi redmi 9C 3/32 Ram 3GB Rom 32GB [Garansi Resmi],Rp1.259.212,5.0,1rb+ terjual,1259212,1000,5.0,3.0,32.0,XIAOMI,Entry-Level (<2M)
redmi 13c,Xiaomi Redmi 10 RAM 6/128 Garansi Resmi Xiaomi,Rp2.470.000,5.0,3rb+ terjual,2470000,3000,5.0,6.0,128.0,XIAOMI,Mid-Range (2M-5M)
redmi 13c,[Exclusive Bang.Roy.2] Itel A100Cs 3+5GB RAM / 64GB ROM |  4+8GB RAM / 64GB ROM   - Keandalan Militer - Ultra-Link Kontrol Bluetooth - IR Control,Rp1.539.000,4.8,2rb+ terjual,1539000,2000,4.8,,,ITEL,Entry-Level (<2M)
redmi 13c,Xiaomi Redmi 17 NFC [6GB 128GB] [4GB 128GB] | Mediatek Helio G91 Ultra | Batterai 7500 mAh | Layar 6.9 inc | Garansi Resmi 15 bulan|,Rp3.083.684,5.0,500+ terjual,3083684,500,5.0,,,XIAOMI,Mid-Range (2M-5M)
redmi 13c,REDMI 10 4/64,Rp1.710.000,5.0,500+ terjual,1710000,500,5.0,4.0,64.0,XIAOMI,Entry-Level (<2M)
redmi 13c,ZTE NUBIA A36 4+8GB/64 GARANSI RESMI - SMARTPHONE/PONSEL,Rp1.811.782,4.9,750+ terjual,1811782,750,4.9,4.0,64.0,OTHER,Entry-Level (<2M)
redmi 13c,XIAOMI REDMI 6A 2GB RAM 16GB INTERNAL GARANSI RESMI TAM,Rp1.359.000,4.9,1rb+ terjual,1359000,1000,4.9,,,XIAOMI,Entry-Level (<2M)
redmi 13c,[jikalaku] INOI A75 ELEGANCE Garansi Resmi 2 Tahun,Rp2.110.000,4.9,500+ terjual,2110000,500,4.9,,,OTHER,Mid-Range (2M-5M)
redmi 13c,xiaomi redmi 9c 4/64 garansi resmi,Rp1.410.000,4.9,500+ terjual,1410000,500,4.9,4.0,64.0,XIAOMI,Entry-Level (<2M)
redmi 13c,Xiaomi Redmi 10 4/64 6/128 Garansi Resmi,Rp1.979.000,5.0,500+ terjual,1979000,500,5.0,4.0,64.0,XIAOMI,Entry-Level (<2M)
redmi 13c,REDMI 9A 2/32 GB GARANSI RESMI,Rp1.110.000,5.0,250+ terjual,1110000,250,5.0,,32.0,XIAOMI,Entry-Level (<2M)
redmi 13c,Xiaomi Redmi 10 4/64 Ram 4 Rom 64 Garansi Resmi,Rp1.685.212,5.0,250+ terjual,1685212,250,5.0,4.0,64.0,XIAOMI,Entry-Level (<2M)
redmi 13c,( Special Creator ) Realme Note 80 4/64 4/128Gb Garansi Resmi New,Rp1.989.000,4.9,1rb+ terjual,1989000,1000,4.9,4.0,64.0,REALME,Entry-Level (<2M)
redmi 13c,xiomi redmi 9C 3/32 4/64 garansi resmi xiomi segel,Rp1.459.000,4.9,250+ terjual,1459000,250,4.9,3.0,32.0,XIAOMI,Entry-Level (<2M)
redmi 13c,redmi 10c 4/64 New Segel Warna Random,Rp1.700.000,5.0,500+ terjual,1700000,500,5.0,4.0,64.0,XIAOMI,Entry-Level (<2M)
redmi 13c,[jikalaku] POCO C71 4/128GB Garansi Resmi Xiaomi Indonesia,Rp2.121.000,5.0,250+ terjual,2121000,250,5.0,4.0,128.0,XIAOMI,Mid-Range (2M-5M)
redmi 13c,Termurah Smartphone Redmi 10 5G Ram 8/128 Gb Bergaransi Resmi,Rp3.710.000,5.0,500+ terjual,3710000,500,5.0,8.0,128.0,XIAOMI,Mid-Range (2M-5M)
redmi 13c,[SPECIAL CREATOR]   ITEL A100C 4GB 64GB/A100CS 3GB 64GB RESMI BNIB - NO REPACK,Rp1.465.895,5.0,250+ terjual,1465895,250,5.0,,,ITEL,Entry-Level (<2M)
redmi 13c,Xiaomi Redmi 9A 3/32 Garansi Resmi,Rp1.309.999,5.0,250+ terjual,1309999,250,5.0,3.0,32.0,XIAOMI,Entry-Level (<2M)
redmi 13c,Xiaomi Redmi A7 Pro Series Unisoc T7250 RAM 4GB STORAGE 128GB Garansi Resmi Indonesia 1 Tahun,Rp2.189.000,4.9,250+ terjual,2189000,250,4.9,4.0,,XIAOMI,Mid-Range (2M-5M)
redmi 13c,ZTE NUBIA A36 4+8GB/64GB GARANSI RESMI - BLACK NEW [hp 1 jutaan] hp sejutaan,Rp1.870.000,5.0,250+ terjual,1870000,250,5.0,4.0,64.0,OTHER,Entry-Level (<2M)
redmi 13c,"ITEL A100CS 4GB 64GB|T7100 Octa-core|5000mAh|6.6""Inches|Garansi Resmi Indonesia",Rp1.639.000,5.0,100+ terjual,1639000,100,5.0,,,ITEL,Entry-Level (<2M)
redmi 13c,Xiaomi Redmi A7 Pro [4/64 GB] [4/128 GB] Garansi Resmi Indonesia,Rp1.999.000,5.0,250+ terjual,1999000,250,5.0,4.0,64.0,XIAOMI,Entry-Level (<2M)
redmi 13c,"redmi 9c 3/32 New, segel, garansi resmi BNIB",Rp1.390.000,5.0,250+ terjual,1390000,250,5.0,3.0,32.0,XIAOMI,Entry-Level (<2M)
redmi 13c,Xiaomi Redmi 9c Ram 3/ 32GB ROM 32 Gb Garansi Resmi,Rp1.420.000,4.9,250+ terjual,1420000,250,4.9,3.0,32.0,XIAOMI,Entry-Level (<2M)
redmi 13c,realme c11 2021 2/32gb garansi resmi,Rp1.260.000,5.0,100+ terjual,1260000,100,5.0,,32.0,REALME,Entry-Level (<2M)
redmi 13c,Xiaomi Redmi A7 Pro (4+64 GB) (4+128 GB) | Layar imersif 6.9 inch | Baterai 6000mAh,Rp2.171.000,5.0,100+ terjual,2171000,100,5.0,,64.0,XIAOMI,Mid-Range (2M-5M)
redmi 13c,Xiaomi Redmi A7 Pro (4/64GB) (4/128GB) Layar imersif 6.9 inch Baterai 6000mAh (Typ) with Xiaomi HyperOS Prosesor octa-core Garansi Resmi,Rp2.173.000,4.9,100+ terjual,2173000,100,4.9,4.0,64.0,XIAOMI,Mid-Range (2M-5M)
redmi 13c,Xiaomi Redmi 15C 6/128GB NFC Garansi Resmi,Rp2.895.000,5.0,100+ terjual,2895000,100,5.0,6.0,128.0,XIAOMI,Mid-Range (2M-5M)
redmi 13c,"Xiaomi Redmi 17 - 4/128GB 6/128GB 6/256GB | Baterai 7500mAh Mendukung turbo charging 45 W | Layar Imersif 6.9"" 120Hz | 50 MP kamera ganda AI GARANSI RESMI",Rp2.968.000,5.0,100+ terjual,2968000,100,5.0,4.0,128.0,XIAOMI,Mid-Range (2M-5M)
redmi 13c,Xiaomi Redmi Note 7 4/64Gb - Blue - Garansi Distri 1 Tahun,Rp1.180.000,4.9,250+ terjual,1180000,250,4.9,4.0,64.0,XIAOMI,Entry-Level (<2M)
redmi 13c,( Special Creator ) Xiaomi Redmi A7 Pro [ 4/128 8/256 ] Garansi Resmi Tam,Rp1.914.000,4.9,250+ terjual,1914000,250,4.9,4.0,128.0,XIAOMI,Entry-Level (<2M)
redmi 13c,XIAOMI REDMI 6A TAM RESMI,Rp1.260.000,4.9,500+ terjual,1260000,500,4.9,,,XIAOMI,Entry-Level (<2M)
redmi 13c,ITEL CITY 200 / ITEL 200 / ITEL A100 / ITEL A100CS 4/128GB 4/64GB 3/64GB - GARANSI RESMI ORIGINAL,Rp1.459.000,4.9,100+ terjual,1459000,100,4.9,4.0,128.0,ITEL,Entry-Level (<2M)
redmi 13c,redmi 6a segel garansi resmi tam,Rp1.310.000,4.9,250+ terjual,1310000,250,4.9,,,XIAOMI,Entry-Level (<2M)
redmi 13c,realme c21y 4 64 gb garansi resmi,Rp1.710.000,4.8,100+ terjual,1710000,100,4.8,,64.0,REALME,Entry-Level (<2M)
redmi 13c,realme P4 Lite 4GB+4GB*|64GB (7000mAh Baterai Lebih Awet | Layar 120Hz Performa Lancar | AI Gaming Partner | Next AI),Rp2.168.900,5.0,90+ terjual,2168900,90,5.0,,,REALME,Mid-Range (2M-5M)
redmi 13c,realme Note 80 4+64GB/4+128GB 6300mAh+15W Garansi Resmi 1 Tahun Hp Terbaru 2026 Ori Layar Led Kaca,Rp1.880.198,4.8,100+ terjual,1880198,100,4.8,4.0,64.0,REALME,Entry-Level (<2M)
redmi 13c,Redmi 9C Garansi Resmi by Xiaomi,Rp1.628.000,5.0,90+ terjual,1628000,90,5.0,,,XIAOMI,Entry-Level (<2M)
redmi 13c,NUBIA V80 MAX (8+8)GB/128GB NFC GARANSI RESMI - SMARTPHONE/PONSEL,Rp2.337.000,4.9,100+ terjual,2337000,100,4.9,,128.0,OTHER,Mid-Range (2M-5M)
redmi 13c,realme c20 2/32 GARANSI RESMI INDONESIA,Rp1.340.000,4.9,80+ terjual,1340000,80,4.9,,32.0,REALME,Entry-Level (<2M)
redmi 13c,Nris Store Bdg,Rp960.000,5.0,30+ terjual,960000,30,5.0,,,OTHER,Entry-Level (<2M)
redmi 13c,XIAOMI REDMI 9C 3/32GB GARANSI RESMI TAM,Rp1.459.000,4.9,100+ terjual,1459000,100,4.9,3.0,32.0,XIAOMI,Entry-Level (<2M)
redmi 13c,Xiaomi Redmi 17 4/128GB | 6/128GB | 6/256GB | Garansi Resmi Xiaomi Indonesia,Rp2.948.000,5.0,50+ terjual,2948000,50,5.0,4.0,128.0,XIAOMI,Mid-Range (2M-5M)
redmi 13c,"Infinix Hot 50i 6/128 - Gadgetdotco Sleek Sage Green / Sleek Black / Sleek Titanium Grey, Layar 6.7 Inci IPS LCD, RAM 6 GB, ROM 128 GB, Android 14, Baterai 5000 mAh, Garansi Resmi - Wifi",Rp1.459.000,5.0,60+ terjual,1459000,60,5.0,6.0,128.0,INFINIX,Entry-Level (<2M)
redmi 13c,hp Xiaomi redmi Note 9 6/128GB fullset,Rp1.300.000,4.9,100+ terjual,1300000,100,4.9,6.0,128.0,XIAOMI,Entry-Level (<2M)
redmi 13c,"Tecno Spark 50 4G 4/128GB 6/128GB 8/128GB | 6.78"" | MediaTek Helio G81 | 7000mAh | Garansi Resmi",Rp2.398.900,4.8,100+ terjual,2398900,100,4.8,4.0,128.0,TECNO,Mid-Range (2M-5M)
redmi 13c,(SPECIAL CREATOR) XIAOMI REDMI 17 || 4/128 GB || 6/128 GB || 6/256 GB || GARANSI RESMI XIAOMI INDONESIA,Rp3.040.000,4.9,500+ terjual,3040000,500,4.9,4.0,128.0,XIAOMI,Mid-Range (2M-5M)
redmi 13c,Redmi 6A Garansi Resmi indonesia,Rp1.359.000,5.0,80+ terjual,1359000,80,5.0,,,XIAOMI,Entry-Level (<2M)
redmi 13c,xiaomi redmi 9t 6/128 garansi resmi,Rp1.740.000,4.7,60+ terjual,1740000,60,4.7,6.0,128.0,XIAOMI,Entry-Level (<2M)
redmi 13c,realme c21y 4/64 garansi resmi,Rp1.540.000,4.7,80+ terjual,1540000,80,4.7,4.0,64.0,REALME,Entry-Level (<2M)
redmi 13c,Xiaomi POCO C40 4GB/64GB.,Rp1.410.000,5.0,60+ terjual,1410000,60,5.0,4.0,64.0,XIAOMI,Entry-Level (<2M)
redmi 13c,Xiaomi Redmi 9C 4/64 Garansi Resmi,Rp1.459.000,5.0,100+ terjual,1459000,100,5.0,4.0,64.0,XIAOMI,Entry-Level (<2M)
redmi 13c,Xiaomi Redmi A3 4/128 garansi resmi,Rp1.460.000,5.0,19 terjual,1460000,19,5.0,4.0,128.0,XIAOMI,Entry-Level (<2M)
redmi 13c,XIAOMI REDMI 7A resmi- TAM,Rp1.450.000,5.0,750+ terjual,1450000,750,5.0,,,XIAOMI,Entry-Level (<2M)
redmi 13c,( Special Creator ) Xiaomi Redmi 17 4/128  6/128 6/256 Garansi Resmi Tam,Rp2.964.000,4.9,80+ terjual,2964000,80,4.9,4.0,128.0,XIAOMI,Mid-Range (2M-5M)
redmi 13c,Xiaomi Redmi A7 Pro (4+64 GB) | Layar imersif 6.9 inch | Baterai 6000mAh,Rp2.231.000,5.0,40+ terjual,2231000,40,5.0,,64.0,XIAOMI,Mid-Range (2M-5M)
redmi 13c,Xiaomi Redmi 6a Garansi TAM,Rp1.460.000,5.0,50+ terjual,1460000,50,5.0,,,XIAOMI,Entry-Level (<2M)
redmi 13c,REDMI 10C 4/64GB,Rp1.905.500,4.7,60+ terjual,1905500,60,4.7,4.0,64.0,XIAOMI,Entry-Level (<2M)
redmi 13c,Hemat s.d 3% Pakai Bonus,Rp1.130.000,5.0,40+ terjual,1130000,40,5.0,,,OTHER,Entry-Level (<2M)
redmi 13c,[special creator] Xiaomi Redmi 15C 6/128 8/256 - Garansi resmi,Rp3.185.900,4.9,40+ terjual,3185900,40,4.9,6.0,128.0,XIAOMI,Mid-Range (2M-5M)
redmi 13c,handphone OPPO A18 CPH2591,Rp960.000,4.7,90+ terjual,960000,90,4.7,,,OPPO,Entry-Level (<2M)
redmi 13c,realme Note 80 4/128GB (4GB+8GB Extended RAM) 6300mAh Baterai Official Store HP Android Terbaru 2026,Rp1.724.234,4.9,60+ terjual,1724234,60,4.9,4.0,128.0,REALME,Entry-Level (<2M)
redmi 13c,HANDPHONE REDMI 10A SECOND,Rp960.000,5.0,250+ terjual,960000,250,5.0,,,XIAOMI,Entry-Level (<2M)
redmi 13c,redmi 9c 3/32,Rp1.000.000,5.0,14 terjual,1000000,14,5.0,3.0,32.0,XIAOMI,Entry-Level (<2M)
redmi 13c,Redmi 7A Resmi,Rp1.150.000,4.9,50+ terjual,1150000,50,4.9,,,XIAOMI,Entry-Level (<2M)
redmi 13c,XIAOMI REDMI 9C 3/32 GB-Garansi Resmi-New-Segel-RAM 3GB ROM 32GB,Rp1.259.000,4.7,100+ terjual,1259000,100,4.7,3.0,32.0,XIAOMI,Entry-Level (<2M)
redmi 13c,"[Gadgetasik] TECNO SPARK Go 3 4GB+4GB*/64GB, IP64, 6.75"" HD+, 120Hz Smooth Display, 5000mAh, 15W* Charging, TECNO AI - sparkgo3",Rp1.999.000,4.9,70+ terjual,1999000,70,4.9,,,TECNO,Entry-Level (<2M)
redmi 13c,Xiaomi Redmi 12C RAM 3/32 4/64 4/128 ROM 32GB 64GB 128GB Garansi Resmi,Rp1.359.000,5.0,30+ terjual,1359000,30,5.0,3.0,32.0,XIAOMI,Entry-Level (<2M)
redmi 13c,redmi 9a 3/32 garansi resmi,Rp1.190.000,5.0,100+ terjual,1190000,100,5.0,3.0,32.0,XIAOMI,Entry-Level (<2M)
redmi 13c,[LIVE PRODUCT] REALME NOTE 80 RAM 4+8GB/64GB GARANSI RESMI - SMARTPHONE/PONSEL Kamera Handphone,Rp1.993.900,5.0,50+ terjual,1993900,50,5.0,4.0,64.0,REALME,Entry-Level (<2M)
redmi 13c,POCO C71 6/128 GB C 71 4/128 GB SMARTPHONE GARANSI RESMI POCO C 71 NFC 4/64 GB - POCO C71,Rp2.055.000,5.0,30+ terjual,2055000,30,5.0,6.0,128.0,POCO,Mid-Range (2M-5M)
redmi 13c,realme Note 80 4GB+8GB*|128GB (Desain Tangguh | 6300mAh Baterai | Proteksi ArmorShell | Jaminan Lancar Hingga 48-bulan | IP54),Rp2.399.000,5.0,40+ terjual,2399000,40,5.0,,,REALME,Mid-Range (2M-5M)
redmi 13c,realme c25y 4/64 GB garansi resmi Indonesia,Rp1.259.000,5.0,18 terjual,1259000,18,5.0,4.0,64.0,REALME,Entry-Level (<2M)
redmi note 12,Xiaomi Redmi Note 12 8/128GB Bonus Antigores Garansi Resmi,Rp2.183.820,4.8,30+ terjual,2183820,30,4.8,8.0,128.0,XIAOMI,Mid-Range (2M-5M)
redmi note 12,HP XIOMI REDMI NOTE 12 8/128GB // 8/256GB GARANSI - SECOND ORIGINAL,Rp2.060.000,4.8,80+ terjual,2060000,80,4.8,8.0,128.0,XIAOMI,Mid-Range (2M-5M)
redmi note 12,HP Xiaomi Redmi Note 12 8/128GB - Xiaomi Note 12 Ram 8GB Rom 128GB,Rp2.359.000,5.0,21 terjual,2359000,21,5.0,8.0,128.0,XIAOMI,Mid-Range (2M-5M)
redmi note 12,xiaomi redmi note 12,Rp2.100.000,5.0,10 terjual,2100000,10,5.0,,,XIAOMI,Mid-Range (2M-5M)
redmi note 12,redmi note 12 8/128 fullset,Rp2.569.999,5.0,7 terjual,2569999,7,5.0,8.0,128.0,XIAOMI,Mid-Range (2M-5M)
redmi note 12,REDMI NOTE 12 SECOND/GRESS FULLSET NO MINUS,Rp1.860.000,5.0,11 terjual,1860000,11,5.0,,,XIAOMI,Entry-Level (<2M)
redmi note 12,XIAOMI REDMI NOTE 12 RAM 8/128GB GARANSI RESMI XIAOMI INDONESIA 100% BNIB,Rp2.459.000,5.0,16 terjual,2459000,16,5.0,8.0,128.0,XIAOMI,Mid-Range (2M-5M)
redmi note 12,XIAOMI Redmi Note 12 8/128 garansi resmi,Rp1.985.000,5.0,6 terjual,1985000,6,5.0,8.0,128.0,XIAOMI,Entry-Level (<2M)
redmi note 12,XIAOMI REDMI NOTE 12 RAM 4/128GB | NOTE12 6/128GB | 8/128GB | 8/256GB GARANSI RESMI XIAOMI INDONESIA,Rp2.159.000,5.0,5 terjual,2159000,5,5.0,4.0,128.0,XIAOMI,Mid-Range (2M-5M)
redmi note 12,REDMI NOTE 12 8/128 GARANSI RESMI,Rp2.409.000,4.6,21 terjual,2409000,21,4.6,8.0,128.0,XIAOMI,Mid-Range (2M-5M)
redmi note 12,XIAOMI REDMI NOTE 12 SECOND FULLSET,Rp1.410.000,5.0,7 terjual,1410000,7,5.0,,,XIAOMI,Entry-Level (<2M)
redmi note 12,HP XIAOMI REDMI NOTE 12 4/128 GB - NOTE 12 RAM 4/128 GARANSI RESMI,Rp1.905.000,5.0,8 terjual,1905000,8,5.0,4.0,128.0,XIAOMI,Entry-Level (<2M)
redmi note 12,HP XIAOMI REDMI NOTE 12 8/128 GB - RAM 8GB ROM 128GB GARANSI RESMI,Rp2.410.000,4.8,18 terjual,2410000,18,4.8,8.0,128.0,XIAOMI,Mid-Range (2M-5M)
redmi note 12,XIAOMI REDMI NOTE 12 4/128 SECOND MULUS FULLSET ACC ORIGINAL,Rp1.445.000,5.0,16 terjual,1445000,16,5.0,4.0,128.0,XIAOMI,Entry-Level (<2M)
redmi note 12,redmi note 12 6/128GB Second,Rp1.762.000,5.0,4 terjual,1762000,4,5.0,6.0,128.0,XIAOMI,Entry-Level (<2M)
redmi note 12,REDMI NOTE 12 6/128 GARANSI RESMI,Rp2.216.000,5.0,9 terjual,2216000,9,5.0,6.0,128.0,XIAOMI,Mid-Range (2M-5M)
redmi note 12,Jual xiaomi redminot 12 8/127 grey second mulus lengkap garansi,Rp1.860.000,5.0,2 terjual,1860000,2,5.0,8.0,,XIAOMI,Entry-Level (<2M)
redmi note 12,HP XIAOMI REDMI NOTE 12 6/128 GB - RAM 6GB ROM 128GB GARANSI RESMI,Rp2.260.000,5.0,6 terjual,2260000,6,5.0,6.0,128.0,XIAOMI,Mid-Range (2M-5M)
redmi note 12,XIAOMI REDMI NOTE 12 8/128 SECOND MULUS FULLSET ACC ORIGINAL,Rp1.960.000,5.0,9 terjual,1960000,9,5.0,8.0,128.0,XIAOMI,Entry-Level (<2M)
redmi note 12,xioami redmi note 12 8/256,Rp1.710.000,5.0,2 terjual,1710000,2,5.0,8.0,256.0,XIAOMI,Entry-Level (<2M)
redmi note 12,Xiaomi Redmi Note 12 NFC 6/128 Garansi Resmi TAM,Rp1.659.000,5.0,1 terjual,1659000,1,5.0,6.0,128.0,XIAOMI,Entry-Level (<2M)
redmi note 12,Xiaomi Redmi Note 12 Ram 4GB/6GB/8GB Internal 128GB Garansi Resmi Indo,Rp2.759.000,5.0,3 terjual,2759000,3,5.0,4.0,,XIAOMI,Mid-Range (2M-5M)
redmi note 12,INSTANT Xiaomi Redmi Note 12 | 4+128 | 6+128 | 8+128 Garansi Resmi Amoled 5000 mAh,Rp2.089.000,5.0,8 terjual,2089000,8,5.0,,,XIAOMI,Mid-Range (2M-5M)
redmi note 12,HP XIAOMI REDMI NOTE 12 4/128 GB - RAM 4GB ROM 128 GB GARANSI RESMI,Rp1.910.000,5.0,2 terjual,1910000,2,5.0,4.0,128.0,XIAOMI,Entry-Level (<2M)
redmi note 12,REDMI NOTE 12 RAM 4/128.,Rp1.659.999,5.0,2 terjual,1659999,2,5.0,4.0,128.0,XIAOMI,Entry-Level (<2M)
redmi note 12,REDMI NOTE 12 RAM 6/128.MULUS,Rp1.759.999,5.0,1 terjual,1759999,1,5.0,6.0,128.0,XIAOMI,Entry-Level (<2M)
redmi note 12,HP XIAOMI REDMI NOTE 12 6/128 GB - NOTE 12 RAM 6GB 128GB GARANSI RESMI,Rp1.980.000,5.0,2 terjual,1980000,2,5.0,6.0,128.0,XIAOMI,Entry-Level (<2M)
redmi note 12,Xiaomi Redmi Note 12 8/128GB Second fullset garansi,Rp2.050.000,5.0,6 terjual,2050000,6,5.0,8.0,128.0,XIAOMI,Mid-Range (2M-5M)
redmi note 12,HANDPHONE SECOND MURAH XIAOMI REDMI NOTE 12 8/128 NO KENDALA DI JAMIN,Rp1.810.000,5.0,2 terjual,1810000,2,5.0,8.0,128.0,XIAOMI,Entry-Level (<2M)
redmi note 12,Xiaomi Redminote 12 TAM Ram 8GB Rom 128GB 8/128 4/128 Garansi Resmi,Rp3.059.000,5.0,1 terjual,3059000,1,5.0,8.0,128.0,XIAOMI,Mid-Range (2M-5M)
redmi note 12,redmi note 12,Rp1.960.000,5.0,1 terjual,1960000,1,5.0,,,XIAOMI,Entry-Level (<2M)
redmi note 12,REDMI NOTE 12 8/128 GARANSI RESMI INDONESIA 100% ORIGINAL,Rp1.959.000,4.5,5 terjual,1959000,5,4.5,8.0,128.0,XIAOMI,Entry-Level (<2M)
redmi note 12,Realme Note 80 4/64GB 4/128GB Garansi Resmi Not Note 70 60,Rp2.173.500,4.9,3rb+ terjual,2173500,3000,4.9,4.0,64.0,REALME,Mid-Range (2M-5M)
redmi note 12,xiaomi redmi 6a garansi resmi TAM 2/16 bukan repacking,Rp2.760.000,4.9,3rb+ terjual,2760000,3000,4.9,,,XIAOMI,Mid-Range (2M-5M)
redmi note 12,Xiaomi Redmi 10 2022 4/64 6/128 GB GransiResmi 15bln NOTe Pro 5g 11 12,Rp1.959.000,4.9,500+ terjual,1959000,500,4.9,4.0,64.0,XIAOMI,Entry-Level (<2M)
redmi note 12,( Special Creator ) Realme Note 80 4/64 4/128Gb Garansi Resmi New,Rp1.838.000,4.9,1rb+ terjual,1838000,1000,4.9,4.0,64.0,REALME,Entry-Level (<2M)
redmi note 12,Xiaomi Redmi 17  6/25GB 6/128GB 4/128GB Prosesor Helio G91 Ultra 7000 mAh Garansi Resmi,Rp3.121.000,5.0,100+ terjual,3121000,100,5.0,6.0,,XIAOMI,Mid-Range (2M-5M)
redmi note 12,DZL - HP XIAOMI Redmi A7 Pro 4/128 GB Original TAM Garansi Resmi Official Store Ori Penerus Redmi A5,Rp2.059.000,5.0,250+ terjual,2059000,250,5.0,4.0,128.0,XIAOMI,Mid-Range (2M-5M)
redmi note 12,Realme Note 80 4/64 4/128 GB Garansi Resmi,Rp1.946.012,4.9,250+ terjual,1946012,250,4.9,4.0,64.0,REALME,Entry-Level (<2M)
redmi note 12,Xiaomi Redmi 10 [Ram 4-64 & 6/128 Gb ] Garansi Resmi,Rp2.460.000,4.9,250+ terjual,2460000,250,4.9,6.0,128.0,XIAOMI,Mid-Range (2M-5M)
redmi note 12,"REDMI NOTE 11 RAM 4/128 GB GARANSI RESMI, NO REPACK",Rp2.385.000,5.0,250+ terjual,2385000,250,5.0,4.0,128.0,XIAOMI,Mid-Range (2M-5M)
redmi note 12,Xiaomi REDMI 17 (4GB/128GB) (6GB/128GB) (6GB+256GB) | Baterai besar 7500mAh (typ) [Xiaomi Official Store],Rp2.713.080,5.0,250+ terjual,2713080,250,5.0,4.0,128.0,XIAOMI,Mid-Range (2M-5M)
redmi note 12,Xiaomi Redmi Note 11 4/128 Garansi Resmi,Rp2.351.000,5.0,250+ terjual,2351000,250,5.0,4.0,128.0,XIAOMI,Mid-Range (2M-5M)
redmi note 12,xiaomi redmi note 10 4/64 garansi resmi xiaomi,Rp2.490.000,4.8,250+ terjual,2490000,250,4.8,4.0,64.0,XIAOMI,Mid-Range (2M-5M)
redmi note 12,realme P4x 6GB+12GB*|128GB (8000mAh Baterai Besar dan Awet | Layar 120Hz Performa Lancar | AI Gaming Partner | Performa Lancar 48 Bulan),Rp2.969.000,4.9,100+ terjual,2969000,100,4.9,,,REALME,Mid-Range (2M-5M)
redmi note 12,redmi note 11 4/128 6/128,Rp2.958.000,5.0,100+ terjual,2958000,100,5.0,4.0,128.0,XIAOMI,Mid-Range (2M-5M)
redmi note 12,Redmi Note 11 4/128 BNIB Note11,Rp2.225.000,5.0,100+ terjual,2225000,100,5.0,4.0,128.0,XIAOMI,Mid-Range (2M-5M)
redmi note 12,REDMI NOTE 9 SECOND,Rp1.960.000,5.0,50+ terjual,1960000,50,5.0,,,XIAOMI,Entry-Level (<2M)
redmi note 12,( Special Creator ) Xiaomi Redmi Note 17 4G ( 6/128 6/256 ) Garansi Resmi Tam,Rp3.848.000,4.8,1rb+ terjual,3848000,1000,4.8,6.0,128.0,XIAOMI,Mid-Range (2M-5M)
redmi note 12,Redmi Note 11 4/128 Garansi Resmi,Rp2.128.888,5.0,100+ terjual,2128888,100,5.0,4.0,128.0,XIAOMI,Mid-Range (2M-5M)
redmi note 12,Redmi Note 11 4/128GB Garansi Resmi,Rp1.870.000,5.0,100+ terjual,1870000,100,5.0,4.0,128.0,XIAOMI,Entry-Level (<2M)
redmi note 12,Xiaomi redmi note 11 4/128 ram 4gb rom 128gb,Rp2.517.500,5.0,500+ terjual,2517500,500,5.0,4.0,128.0,XIAOMI,Mid-Range (2M-5M)
redmi note 12,Realme Note 80 64GB 128GB [ Ram 4GB ] Garansi Resmi Indonesia Black Blue,Rp2.176.899,4.9,250+ terjual,2176899,250,4.9,4.0,64.0,REALME,Mid-Range (2M-5M)
redmi note 12,Xiaomi Redmi Note 10 4/64 BNIB,Rp2.649.000,5.0,100+ terjual,2649000,100,5.0,4.0,64.0,XIAOMI,Mid-Range (2M-5M)
redmi note 12,Xiaomi Redmi 9T,Rp2.059.500,4.8,250+ terjual,2059500,250,4.8,,,XIAOMI,Mid-Range (2M-5M)
redmi note 12,REALME NOTE 80 4GB / 64GB 128GB 4G GARANSI RESMI BNIB,Rp2.149.000,4.9,100+ terjual,2149000,100,4.9,4.0,64.0,REALME,Mid-Range (2M-5M)
redmi note 12,HP XIAOMI REDMI NOTE 10 RAM 4 GB INTERNAL 64 GB GARANSI RESMI,Rp1.460.000,5.0,50+ terjual,1460000,50,5.0,4.0,,XIAOMI,Entry-Level (<2M)
redmi note 12,redmi note 11 4/128 BNIB resmi,Rp2.295.000,5.0,100+ terjual,2295000,100,5.0,4.0,128.0,XIAOMI,Mid-Range (2M-5M)
redmi note 12,"XIAOMI NOTE 10 PRO - 6/64 , 4/128 & 6/128 - FULLSET SECOND GRADE A",Rp1.910.000,5.0,100+ terjual,1910000,100,5.0,6.0,64.0,XIAOMI,Entry-Level (<2M)
redmi note 12,Xiaomi Redmi Note 11 4/128GB fullset,Rp1.500.000,4.9,70+ terjual,1500000,70,4.9,4.0,128.0,XIAOMI,Entry-Level (<2M)
redmi note 12,(PROMO LIVE) XIAOMI NOTE 15 5G 4G 8/128 & 8/256 & 12/512 GARANSI RESMI,Rp4.748.515,4.9,60+ terjual,4748515,60,4.9,8.0,128.0,XIAOMI,Mid-Range (2M-5M)
redmi note 12,Redmi Note 10 - Garansi Resmi,Rp2.459.000,5.0,100+ terjual,2459000,100,5.0,,,XIAOMI,Mid-Range (2M-5M)
redmi note 12,Xiaomi Redmi Note 13 NFC RAM 8 ROM 128GB,Rp1.960.000,5.0,40+ terjual,1960000,40,5.0,8.0,128.0,XIAOMI,Entry-Level (<2M)
redmi note 12,XIAOMI NOTE 12 SECOND FULLSET,Rp1.560.000,5.0,40+ terjual,1560000,40,5.0,,,XIAOMI,Entry-Level (<2M)
redmi note 12,Xiaomi Redmi Note 15 Pro 5G (12/512GB) | Baterai 6580mAh | Corning Gorilla Glass Victus 2,Rp5.498.000,4.9,50+ terjual,5498000,50,4.9,12.0,512.0,XIAOMI,Upper Mid (5M-10M)
redmi note 12,Xiaomi Redmi Note 9 Pro 8/128GB fullset mulus - Grey,Rp1.700.000,4.8,100+ terjual,1700000,100,4.8,8.0,128.0,XIAOMI,Entry-Level (<2M)
redmi note 12,xiaomi redmi note 10 4/64 garansi resmi,Rp1.910.000,4.9,25 terjual,1910000,25,4.9,4.0,64.0,XIAOMI,Entry-Level (<2M)
redmi note 12,Xiaomi Redmi Note 11 4/128 GB Garansi Resmi,Rp2.230.000,5.0,40+ terjual,2230000,40,5.0,4.0,128.0,XIAOMI,Mid-Range (2M-5M)
redmi note 12,redmi note 9 garansi resmi,Rp2.645.500,5.0,60+ terjual,2645500,60,5.0,,,XIAOMI,Mid-Range (2M-5M)
redmi note 12,Xiaomi Redmi Note 11,Rp1.950.000,5.0,80+ terjual,1950000,80,5.0,,,XIAOMI,Entry-Level (<2M)
redmi note 12,[NEW ARRIVAL] Xiaomi Redmi Note 14 8/128GB 4G & 8/256 4G Helio G99-Ultra,Rp2.625.000,4.5,100+ terjual,2625000,100,4.5,8.0,128.0,XIAOMI,Mid-Range (2M-5M)
redmi note 12,Xiaomi Note 14 Pro 5G 12/512GB Produk Resmi Indonesia - Fullset,Rp2.580.000,5.0,40+ terjual,2580000,40,5.0,12.0,512.0,XIAOMI,Mid-Range (2M-5M)
redmi note 12,Xiaomi Redmi Note 9 4/64Gb Baru Bergaransi Resmi,Rp2.359.000,5.0,100+ terjual,2359000,100,5.0,4.0,64.0,XIAOMI,Mid-Range (2M-5M)
redmi note 12,Xiaomi Redmi Note 11 Pro 8/128 RAM 8GB ROM 128GB NEW GARANSI RESMI,Rp2.460.000,5.0,18 terjual,2460000,18,5.0,8.0,128.0,XIAOMI,Mid-Range (2M-5M)
redmi note 12,redmi note 8 4/64,Rp2.105.000,5.0,40+ terjual,2105000,40,5.0,4.0,64.0,XIAOMI,Mid-Range (2M-5M)
redmi note 12,redmi note 7 second,Rp2.160.000,5.0,24 terjual,2160000,24,5.0,,,XIAOMI,Mid-Range (2M-5M)
redmi note 12,(EXCLUSIVE MIRATHING) XIAOMI REDMI 15C 8/256 & 6/128 GARANSI RESMI,Rp3.048.000,4.8,30+ terjual,3048000,30,4.8,8.0,256.0,XIAOMI,Mid-Range (2M-5M)
redmi note 12,Redmi note 9 pro 8/256 full sett 100% like a new,Rp1.560.000,5.0,15 terjual,1560000,15,5.0,8.0,256.0,XIAOMI,Entry-Level (<2M)
redmi note 12,XIAOMI REDMINOTE 9 4/64 GB GARANSI RESMI,Rp1.959.900,5.0,22 terjual,1959900,22,5.0,4.0,64.0,XIAOMI,Entry-Level (<2M)
redmi note 12,xiaomi redmi note 10 pro,Rp1.460.000,5.0,11 terjual,1460000,11,5.0,,,XIAOMI,Entry-Level (<2M)
redmi note 12,XIAOMI REDMI 12C 4/64 ORIGINAL GARANSI RESMI,Rp1.369.900,5.0,25 terjual,1369900,25,5.0,4.0,64.0,XIAOMI,Entry-Level (<2M)
redmi note 12,XIAOMI NOTE 10S- RAM 8/128 - FULLSET - SECOND GRADE A,Rp1.660.000,5.0,40+ terjual,1660000,40,5.0,8.0,128.0,XIAOMI,Entry-Level (<2M)
redmi note 12,Hemat s.d 3% Pakai Bonus,Rp1.510.000,5.0,250+ terjual,1510000,250,5.0,,,OTHER,Entry-Level (<2M)
redmi note 12,Xiaomi Redmi Note 7 4/64GB,Rp1.210.000,4.2,100+ terjual,1210000,100,4.2,4.0,64.0,XIAOMI,Entry-Level (<2M)
redmi note 12,REDMI NOTE 13 8/128GB GARANSI RESMI,Rp2.799.999,4.9,24 terjual,2799999,24,4.9,8.0,128.0,XIAOMI,Mid-Range (2M-5M)
redmi note 12,xiaomi redmi note 11 6/128 garansi resmi,Rp1.840.000,4.5,40+ terjual,1840000,40,4.5,6.0,128.0,XIAOMI,Entry-Level (<2M)
redmi note 12,Redmi 12 8/256,Rp2.000.000,5.0,18 terjual,2000000,18,5.0,8.0,256.0,XIAOMI,Entry-Level (<2M)
redmi note 12,Xiaomi Redmi Note 12 Pro [ 6/128GB ] New Garansi Resmi,Rp4.160.000,5.0,6 terjual,4160000,6,5.0,6.0,128.0,XIAOMI,Mid-Range (2M-5M)
redmi note 13,XIAOMI Redmi Note 13 4G 8/256GB AMOLED 120Hz Snapdragon 685 5000mAh 33W,Rp2.305.000,5.0,15 terjual,2305000,15,5.0,8.0,256.0,XIAOMI,Mid-Range (2M-5M)
redmi note 13,Xiaomi Redmi Note 13 4G | 5G Ram 8/128GB | Ram 8/256GB,Rp2.599.000,5.0,26 terjual,2599000,26,5.0,8.0,128.0,XIAOMI,Mid-Range (2M-5M)
redmi note 13,Redmi Note 13 4G,Rp2.060.000,5.0,9 terjual,2060000,9,5.0,,,XIAOMI,Mid-Range (2M-5M)
redmi note 13,Xiaomi redmi note 13 5g 8/256gb second resmi original,Rp2.800.000,5.0,8 terjual,2800000,8,5.0,8.0,256.0,XIAOMI,Mid-Range (2M-5M)
redmi note 13,REDMI NOTE 13 4G/5G 8/256GB GARANSI RESMI,Rp2.360.000,5.0,16 terjual,2360000,16,5.0,8.0,256.0,XIAOMI,Mid-Range (2M-5M)
redmi note 13,HP redmi note 13 8/128 new,Rp1.450.000,5.0,9 terjual,1450000,9,5.0,8.0,128.0,XIAOMI,Entry-Level (<2M)
redmi note 13,REDMI NOTE 13 4G 8GB RAM 128GB ROM OCEAN SUNSET,Rp2.459.000,5.0,3 terjual,2459000,3,5.0,8.0,,XIAOMI,Mid-Range (2M-5M)
redmi note 13,HP XIAOMI REDMI NOTE 13 8/256 GB - REDMI NOTE 13 RAM 8GB ROM 256GB GARANSI RESMI,Rp2.859.000,5.0,7 terjual,2859000,7,5.0,8.0,256.0,XIAOMI,Mid-Range (2M-5M)
redmi note 13,handphone scon redmi not 13,Rp1.410.000,5.0,30+ terjual,1410000,30,5.0,,,XIAOMI,Entry-Level (<2M)
redmi note 13,XIAOMI REDMI NOTE 13 (128GB/256GB) RESMI,Rp2.459.000,5.0,3 terjual,2459000,3,5.0,,256.0,XIAOMI,Mid-Range (2M-5M)
redmi note 13,Redmi Note 13 8/256,Rp2.660.000,5.0,1 terjual,2660000,1,5.0,8.0,256.0,XIAOMI,Mid-Range (2M-5M)
redmi note 13,Redmi Note 13 RAM 8GB NEW JENIS M301 SERI 23 TH 003 352,Rp2.169.302,5.0,1 terjual,2169302,1,5.0,8.0,,XIAOMI,Mid-Range (2M-5M)
redmi note 13,redmi note 13 ram 8/256 new open box ajah garansi resmi siap pakai,Rp2.560.000,5.0,2 terjual,2560000,2,5.0,8.0,256.0,XIAOMI,Mid-Range (2M-5M)
redmi note 13,"redmi note 13 5g 8/256 , garansi resmi",Rp1.960.000,5.0,3 terjual,1960000,3,5.0,8.0,256.0,XIAOMI,Entry-Level (<2M)
redmi note 13,Xiaomi Note 13 5G 8/256 Produk Resmi Indonesia - Fullset,Rp2.330.000,4.2,30+ terjual,2330000,30,4.2,8.0,256.0,XIAOMI,Mid-Range (2M-5M)
redmi note 13,Redmi Note 13 (8GB/128GB) | (8GB/256GB) | Layar 120 Hz FHD+ AMOLED Tiga kamera 108 MP Prosesor Snapdragon 685,Rp2.475.000,4.3,9 terjual,2475000,9,4.3,8.0,128.0,XIAOMI,Mid-Range (2M-5M)
redmi note 13,Redmi Note 13 8/128 Second Bekas,Rp2.250.000,4.0,2 terjual,2250000,2,4.0,8.0,128.0,XIAOMI,Mid-Range (2M-5M)
redmi note 13,"[Online Exclusive] vivo iQOO Z10 Lite , 120Hz FLAT AMOLED, 6000mAh 44W Bypass Charging, Snapdragon 685, IP68+69, 50MP Sony IMX + NFC",Rp3.859.000,4.9,6rb+ terjual,3859000,6000,4.9,,,VIVO,Mid-Range (2M-5M)
redmi note 13,OPPO A6x 4GB/6GB+64GB/128GB/256GB (Garansi Resmi),Rp2.499.000,4.9,1rb+ terjual,2499000,1000,4.9,4.0,,OPPO,Mid-Range (2M-5M)
redmi note 13,"[NEW LAUNCH] vivo Y29 (8/256) - Design Marmer Eksklusif, 6500mAh Tahan 3 Hari, Tahan Banting Ekstrem, IP69 Tahan Air Ekstrem, AI Erase 2.0 + AI Circle to Search",Rp4.559.000,4.9,1rb+ terjual,4559000,1000,4.9,8.0,256.0,VIVO,Mid-Range (2M-5M)
redmi note 13,REALME NOTE 80 RAM 4+8GB/64GB GARANSI RESMI - SMARTPHONE/PONSEL,Rp1.974.158,4.9,500+ terjual,1974158,500,4.9,4.0,64.0,REALME,Entry-Level (<2M)
redmi note 13,"New POCO M5s 4/64 6/128 GB Garansi Resmi, NotE mi 11 XIAOMI Redmi 12",Rp1.959.000,5.0,100+ terjual,1959000,100,5.0,4.0,64.0,XIAOMI,Entry-Level (<2M)
redmi note 13,(PROMO) Xiaomi Redmi 15C 6/128 8/256 - Garansi resmi,Rp3.152.900,5.0,500+ terjual,3152900,500,5.0,6.0,128.0,XIAOMI,Mid-Range (2M-5M)
redmi note 13,Xiaomi Redmi 15C 8/256GB NFC Garansi Resmi,Rp3.095.000,5.0,100+ terjual,3095000,100,5.0,8.0,256.0,XIAOMI,Mid-Range (2M-5M)
redmi note 13,(DCG) XIAOMI REDMI 17 || 6/128 GB || 6/256 GB || 4/128GB GARANSI RESMI XIAOMI INDONESIA,Rp3.005.000,4.9,100+ terjual,3005000,100,4.9,6.0,128.0,XIAOMI,Mid-Range (2M-5M)
redmi note 13,Hp Xiaomi Redmi Note 10 Pro 6/64GB fullset ori mulus,Rp2.050.000,4.9,100+ terjual,2050000,100,4.9,6.0,64.0,XIAOMI,Mid-Range (2M-5M)
redmi note 13,XIAOMI REDMI NOTE 9 4/64 RAM 4GB ROM 64GB GARANSI RESMI,Rp1.980.000,5.0,90+ terjual,1980000,90,5.0,4.0,64.0,XIAOMI,Entry-Level (<2M)
redmi note 13,XIAOMI REDMI 13C NFC 8/256GB (+8GB EXTENDED RAM) GARANSI RESMI,Rp2.559.000,5.0,40+ terjual,2559000,40,5.0,8.0,256.0,XIAOMI,Mid-Range (2M-5M)
redmi note 13,Xiaomi Redmi Note 9 4/64 GB Handphone Second Bekas,Rp1.110.000,5.0,50+ terjual,1110000,50,5.0,4.0,64.0,XIAOMI,Entry-Level (<2M)
redmi note 13,Xiaomi Redmi Note 7 4/64GB Resmi TAM,Rp1.210.000,4.5,100+ terjual,1210000,100,4.5,4.0,64.0,XIAOMI,Entry-Level (<2M)
redmi note 13,Xiaomi Note 14 Pro Plus 5G 12/512 Produk Resmi Indonesia,Rp2.580.000,4.7,100+ terjual,2580000,100,4.7,12.0,512.0,XIAOMI,Mid-Range (2M-5M)
redmi note 13,XIAOMI REDMI NOTE 8 (4/64GB) GARANSI RESMI TAM,Rp2.260.000,5.0,23 terjual,2260000,23,5.0,4.0,64.0,XIAOMI,Mid-Range (2M-5M)
redmi note 13,SAMSUNG GALAXY A17 5G | GALAXY A17 | A 07 | 8GB 256GB / 8GB 128GB,Rp2.029.690,5.0,100+ terjual,2029690,100,5.0,,,SAMSUNG,Mid-Range (2M-5M)
redmi note 13,Xiaomi Note 13 Pro 5G 8/256GB Produk Resmi Indonesia - Fullset,Rp2.370.000,4.6,60+ terjual,2370000,60,4.6,8.0,256.0,XIAOMI,Mid-Range (2M-5M)
redmi note 13,(SPECIAL CREATOR) ADVAN VANDROID X1 8/128 GB GARANSI RESMI,Rp2.275.000,5.0,29 terjual,2275000,29,5.0,8.0,128.0,OTHER,Mid-Range (2M-5M)
redmi note 13,XIAOMI NOTE 9 PRO - RAM 6/64 - FULLSET - SECOND LIKE NEW,Rp1.460.000,4.9,40+ terjual,1460000,40,4.9,6.0,64.0,XIAOMI,Entry-Level (<2M)
redmi note 13,REALME 13 4G 8/256 REALME13 NFC 8/128 GARANSI RESMI INDONESIA,Rp3.559.000,4.9,19 terjual,3559000,19,4.9,8.0,256.0,REALME,Mid-Range (2M-5M)
redmi note 13,Handphone Redmi Note 14 4G 8/256,Rp2.460.000,5.0,22 terjual,2460000,22,5.0,8.0,256.0,XIAOMI,Mid-Range (2M-5M)
redmi note 13,XIAOMI NOTE 11 PRO 8/128 SECOND FULLSET,Rp1.660.000,5.0,40+ terjual,1660000,40,5.0,8.0,128.0,XIAOMI,Entry-Level (<2M)
redmi note 13,Xiaomi Redmi 13 (8GB/128GB) | (8GB/256GB) | Kamera 108 MP Super Jernih MediaTek Helio G91-Ultra 33W Fast Charging,Rp2.100.000,4.7,100+ terjual,2100000,100,4.7,8.0,128.0,XIAOMI,Mid-Range (2M-5M)
xiaomi 13t,Xiaomi MI 13T Ram 12/256 GB Garansi Resmi Second,Rp4.700.000,4.8,90+ terjual,4700000,90,4.8,12.0,256.0,XIAOMI,Mid-Range (2M-5M)
xiaomi 13t,Xiaomi 13T 12/256 GB Garansi Resmi Fullset,Rp5.959.000,5.0,25 terjual,5959000,25,5.0,12.0,256.0,XIAOMI,Upper Mid (5M-10M)
xiaomi 13t,xiaomi 13t 12/256GB fullset mulus likenew second,Rp4.410.000,5.0,21 terjual,4410000,21,5.0,12.0,256.0,XIAOMI,Mid-Range (2M-5M)
xiaomi 13t,Xiaomi 13T 12/256GB Fullset Mulus,Rp4.460.000,5.0,7 terjual,4460000,7,5.0,12.0,256.0,XIAOMI,Mid-Range (2M-5M)
xiaomi 13t,Xiaomi Mi 13T 12/256gn Second Like New Garansi Resmi,Rp4.450.000,4.6,14 terjual,4450000,14,4.6,12.0,256.0,XIAOMI,Mid-Range (2M-5M)
xiaomi 13t,Xiaomi 13T 12/256 12GB 256GB - Garansi Resmi Indonesia,Rp8.959.000,5.0,3 terjual,8959000,3,5.0,12.0,256.0,XIAOMI,Upper Mid (5M-10M)
xiaomi 13t,XIAOMI 13T 5G 12/256GB SECOND LIKENEW FULLSET,Rp4.459.000,5.0,4 terjual,4459000,4,5.0,12.0,256.0,XIAOMI,Mid-Range (2M-5M)
xiaomi 13t,xiaomi 13t 12/256 garansi resmi,Rp4.704.000,4.7,3 terjual,4704000,3,4.7,12.0,256.0,XIAOMI,Mid-Range (2M-5M)
xiaomi 13t,Xiaomi MI 13T Ram 12/256 Garansi Resmi Second,Rp4.499.000,5.0,5 terjual,4499000,5,5.0,12.0,256.0,XIAOMI,Mid-Range (2M-5M)
xiaomi 13t,BNIB Xiaomi 13T 12/256 garansi resmi,Rp6.910.000,5.0,1 terjual,6910000,1,5.0,12.0,256.0,XIAOMI,Upper Mid (5M-10M)
xiaomi 13t,Xiaomi 14T Pro Garansi Resmi Mi 14T Xiaomi 13T/13T Pro Mi 12T/12T Pro Xiaomi 11T/11T Pro Mi 10T/10T Pro Xiaomi Mi 9T/9T Pro,Rp2.699.000,5.0,1 terjual,2699000,1,5.0,,,XIAOMI,Mid-Range (2M-5M)
xiaomi 13t,Infinix Hot 70 4/128GB - Up to 8GB Extended RAM - Helio G100 Ultimate - 6.78 inch 120Hz - 50MP - 6000 mAh - NFC,Rp2.548.000,5.0,3rb+ terjual,2548000,3000,5.0,4.0,128.0,INFINIX,Mid-Range (2M-5M)
xiaomi 13t,[ Mega Deals ] Poco X8 PRO 5G NFC 12/512GB | Dimensity 8500 Ultra Garansi Resmi Xiaomi Indonesia - [Digitech MallxCreator],Rp7.136.349,4.9,10rb+ terjual,7136349,10000,4.9,12.0,512.0,XIAOMI,Upper Mid (5M-10M)
xiaomi 13t,( Special Creator ) Tecno Pova 8 5G ( 8/256Gb 8/128Gb 6/128Gb ) Garansi Resmi Tecno,Rp4.074.000,4.9,1rb+ terjual,4074000,1000,4.9,8.0,256.0,TECNO,Mid-Range (2M-5M)
xiaomi 13t,"[5x SUPERZOOM FLASHSNAP] TECNO CAMON 50 PRO 5G 12GB+12GB*/256GB, 50MP Sony LYT-700C, 50MP 3x Telephoto Camera, MediaTek Dimensity 7400 Ultimate 5G, IP69K, 6500mAh, Android 16, camon50pro",Rp6.099.000,5.0,500+ terjual,6099000,500,5.0,,,TECNO,Upper Mid (5M-10M)
xiaomi 13t,"Moto G86 Power 5G 8/256GB - Dimensity7400 - 6720mAh - 6.67"" pOLED 1.5K 120Hz - MIL810H IP68/69 GG7i - 50MP LYT600 MotoAI - All 4K30fps - 32MPSelfie - Dolby Stereo",Rp3.989.000,5.0,250+ terjual,3989000,250,5.0,8.0,256.0,OTHER,Mid-Range (2M-5M)
xiaomi 13t,Xiaomi Redmi Note 14 Pro 5G | Xiaomi Redmi Note 14 Pro Plus 5G [8/256 GB] [12/512 GB] Garansi Resmi Xiaomi Indonesia,Rp4.499.000,5.0,250+ terjual,4499000,250,5.0,8.0,256.0,XIAOMI,Mid-Range (2M-5M)
xiaomi 13t,Xiaomi 17T | 17T Pro 5G (12GB+256GB) | Kamera telephoto periscope Leica 5x,Rp10.429.000,5.0,100+ terjual,10429000,100,5.0,,,XIAOMI,Flagship (>10M)
xiaomi 13t,xiaomi poco m3,Rp2.960.000,5.0,100+ terjual,2960000,100,5.0,,,XIAOMI,Mid-Range (2M-5M)
xiaomi 14,Xiaomi 14 Snapdragon 8 Gen 3 Leica 75mm Light Fusion 900 Sensor Kamera Optik Leica Summilux Ultra Tipis IP68 Garansi Resmi,Rp9.959.000,5.0,40+ terjual,9959000,40,5.0,,,XIAOMI,Upper Mid (5M-10M)
xiaomi 14,Xiaomi 14 12/256 GB Garansi Resmi Fullset,Rp8.059.000,5.0,16 terjual,8059000,16,5.0,12.0,256.0,XIAOMI,Upper Mid (5M-10M)
xiaomi 14,Xiaomi 14 12/256gb White Resmi Indonesia,Rp7.600.000,5.0,14 terjual,7600000,14,5.0,12.0,256.0,XIAOMI,Upper Mid (5M-10M)
xiaomi 14,Xiaomi 14 5G 12/256 Resmi Indonesia second,Rp8.110.000,4.7,15 terjual,8110000,15,4.7,12.0,256.0,XIAOMI,Upper Mid (5M-10M)
xiaomi 14,XIAOMI Mi 14 5G 12/256 GB RESMI Indonesia,Rp7.710.000,5.0,8 terjual,7710000,8,5.0,12.0,256.0,XIAOMI,Upper Mid (5M-10M)
xiaomi 14,Xiaomi Mi 14 12/256 SD8 Gen 3 Garansi Panjang,Rp7.350.000,5.0,6 terjual,7350000,6,5.0,12.0,256.0,XIAOMI,Upper Mid (5M-10M)
xiaomi 14,xiaomi 14 5g 12/256 second original,Rp7.560.000,5.0,6 terjual,7560000,6,5.0,12.0,256.0,XIAOMI,Upper Mid (5M-10M)
xiaomi 14,Xiaomi 14 5G 12GB/256GB Bekas Ex-Resmi,Rp7.888.000,5.0,2 terjual,7888000,2,5.0,12.0,256.0,XIAOMI,Upper Mid (5M-10M)
xiaomi 14,Xiaomi 14 12/512GB,Rp9.650.000,5.0,26 terjual,9650000,26,5.0,12.0,512.0,XIAOMI,Upper Mid (5M-10M)
xiaomi 14,Xiaomi 14 12/256 Mi 14 mulus garansi resmi,Rp8.560.000,5.0,2 terjual,8560000,2,5.0,12.0,256.0,XIAOMI,Upper Mid (5M-10M)
xiaomi 14,Xiaomi 14 5G 12/256 Fullset Original Garansi Resmi,Rp10.659.000,5.0,2 terjual,10659000,2,5.0,12.0,256.0,XIAOMI,Flagship (>10M)
xiaomi 14,Xiaomi Mi 14 12/256 Snapdragon 8 Gen 3 Normal,Rp7.450.000,5.0,2 terjual,7450000,2,5.0,12.0,256.0,XIAOMI,Upper Mid (5M-10M)
xiaomi 14,BNIB Xiaomi 14 12/256 Mi 14 garansi resmi 2 tahun + bonus,Rp12.460.000,5.0,1 terjual,12460000,1,5.0,12.0,256.0,XIAOMI,Flagship (>10M)
xiaomi 14,Xiaomi mi 14 5G Ram 12/256 fullset like new,Rp6.960.000,5.0,1 terjual,6960000,1,5.0,12.0,256.0,XIAOMI,Upper Mid (5M-10M)
xiaomi 14,redmi 14 8/256gb mulus no minus,Rp1.960.000,5.0,2 terjual,1960000,2,5.0,8.0,256.0,XIAOMI,Entry-Level (<2M)
xiaomi 14,POCO X8 Pro Series | POCO X8 Pro Max | POCO X8 Pro | Dimensity 9500s* | [Xiaomi Official Store],Rp5.841.080,5.0,10rb+ terjual,5841080,10000,5.0,,,XIAOMI,Upper Mid (5M-10M)
xiaomi 14,Xiaomi 17T (12GB+256GB) | Kamera telephoto periscope Leica 5x [Xiaomi Official Store],Rp8.325.080,4.9,2rb+ terjual,8325080,2000,4.9,,,XIAOMI,Upper Mid (5M-10M)
xiaomi 14,Xiaomi Pad 8 8/256Gb Garansi Resmi Tam,Rp7.598.000,4.9,1rb+ terjual,7598000,1000,4.9,8.0,256.0,XIAOMI,Upper Mid (5M-10M)
xiaomi 14,Xiaomi 17T (12GB+512GB) | Kamera telephoto periscope Leica 5x Garansi Resmi,Rp10.333.000,5.0,100+ terjual,10333000,100,5.0,,,XIAOMI,Flagship (>10M)
xiaomi 14,"[5x SUPERZOOM FLASHSNAP] TECNO CAMON 50 PRO 5G 12GB+12GB*/512GB, 50MP Sony LYT-700C, 50MP 3x Telephoto Camera, MediaTek Dimensity 7400 Ultimate 5G, IP69K, 6500mAh, Android 16, camon50pro",Rp7.099.000,4.9,100+ terjual,7099000,100,4.9,,,TECNO,Upper Mid (5M-10M)
xiaomi 14,(RESMI) Xiaomi Poco X8 Pro 5G 8/256GB 8/512GB 12/512GB Black Mint Green Blue White Iron Man Edition Gold Garansi Resmi,Rp6.999.000,5.0,100+ terjual,6999000,100,5.0,8.0,256.0,XIAOMI,Upper Mid (5M-10M)
xiaomi 14,Realme 14T 5G [8/128 GB] [8/256 GB] Garansi Resmi Realme Indonesia,Rp3.699.000,5.0,100+ terjual,3699000,100,5.0,8.0,128.0,REALME,Mid-Range (2M-5M)
xiaomi 14,Xiaomi Redmi Note 15 Pro 5G 8/256GB 12/512GB Garansi Resmi Indonesia,Rp6.057.000,5.0,100+ terjual,6057000,100,5.0,8.0,256.0,XIAOMI,Upper Mid (5M-10M)
xiaomi 14,Xiaomi 17T Pro 12/512GB 17T 12/512GB Garansi Resmi,Rp12.690.000,5.0,100+ terjual,12690000,100,5.0,12.0,512.0,XIAOMI,Flagship (>10M)
xiaomi 14,(DCG) XIAOMI POCO X8 PRO | X8 PRO MAX || 12/256GB || 12/512GB GARANSI RESMI,Rp7.400.000,5.0,80+ terjual,7400000,80,5.0,12.0,256.0,XIAOMI,Upper Mid (5M-10M)
xiaomi 14,(DCG) FREE HEADPHONE XIAOMI MI 17T 12/256 GB 12/512 GB || Xiaomi 17T GARANSI RESMI,Rp10.200.000,5.0,60+ terjual,10200000,60,5.0,12.0,256.0,XIAOMI,Flagship (>10M)
xiaomi 14,Xiaomi 14t 12/256 GB || 12/512 GB BNIB,Rp8.959.900,5.0,60+ terjual,8959900,60,5.0,12.0,256.0,XIAOMI,Upper Mid (5M-10M)
xiaomi 14,Xiaomi Redmi Note 15 Pro 5G (8/256GB) (12/512GB) AMOLED CrystalRes with 200MP IP69K Camera Garansi Resmi,Rp6.281.000,5.0,60+ terjual,6281000,60,5.0,8.0,256.0,XIAOMI,Upper Mid (5M-10M)
xiaomi 14,[ Mega Deals ] Poco X8 PRO 5G NFC 12/512GB | Dimensity 8500 Ultra Garansi Resmi Xiaomi - [Digitech MallxCreator],Rp7.136.349,5.0,60+ terjual,7136349,60,5.0,12.0,512.0,XIAOMI,Upper Mid (5M-10M)
xiaomi 14,Xiaomi 17T Pro (12/256GB) Kamera Leica 5x Baterai 7000mAh MediaTek Dimensity 9500 Garansi Resmi,Rp13.209.000,5.0,30+ terjual,13209000,30,5.0,12.0,256.0,XIAOMI,Flagship (>10M)
xiaomi 14,nubia Neo 5 5G RAM 20 GB (8 + 12 GB) ROM 256 GB Baterai 6050mAh Super Fast Charging 45W,Rp3.939.000,4.9,70+ terjual,3939000,70,4.9,,,OTHER,Mid-Range (2M-5M)
xiaomi 14,[NEW LAUNCHING] nubia NEO 5 GT Special Edition Liquid Cooling System RAM 12GB ROM 256 GB Air Cooling Fan 80W Fast Charging 550Hz Neo Triggers Handphone Gaming Garansi Resmi Android,Rp6.999.000,5.0,30+ terjual,6999000,30,5.0,12.0,,OTHER,Upper Mid (5M-10M)
xiaomi 14,Xiaomi14T 5G (12/256GB - 12/512GB) Garansi Resmi 15 Bulan,Rp7.433.000,5.0,30+ terjual,7433000,30,5.0,12.0,256.0,XIAOMI,Upper Mid (5M-10M)
xiaomi 14,Xiaomi 14T Pro 12/512 Mulus Garansi Resmi,Rp6.875.000,5.0,28 terjual,6875000,28,5.0,12.0,512.0,XIAOMI,Upper Mid (5M-10M)
xiaomi 14,ADVAN Macha 5G 8GB+256GB | Dimensity 7060 | Baterai 5000mAh I AMOLED 120Hz  | NFC | Bypass Charging | AI Assistant,Rp3.099.000,5.0,40+ terjual,3099000,40,5.0,,,OTHER,Mid-Range (2M-5M)
xiaomi 14,[NEW] OPPO Reno15 5G (8/256GB) (12/256GB) - Garansi Resmi OPPO Indonesia,Rp7.940.218,5.0,30+ terjual,7940218,30,5.0,8.0,256.0,OPPO,Upper Mid (5M-10M)
xiaomi 14,Digitalisme x Promo Xiaomi Poco X8 Pro Max 5G 12/256GB 12/512GB - Poco X8 Pro 8/256GB 12/512GB 12/256GB Garansi Resmi Indonesia,Rp6.782.900,4.8,100+ terjual,6782900,100,4.8,12.0,256.0,XIAOMI,Upper Mid (5M-10M)
xiaomi 14,Xiaomi 17T (12/512GB) Kamera Leica 5x Baterai 6500mAh MediaTek Dimensity 8500 Garansi Resmi,Rp10.175.000,5.0,30+ terjual,10175000,30,5.0,12.0,512.0,XIAOMI,Flagship (>10M)
xiaomi 14,【9.9 Mega Sale s/d 20%*】HUAWEI Mate 80 Pro Smartphone 16+512G l True-to-Colour Camera 2.0 l 2nd Gen Kunlun Glass l Smart AI | 100W,Rp13.499.000,5.0,30+ terjual,13499000,30,5.0,,,OTHER,Flagship (>10M)
xiaomi 14,Xiaomi Redmi Note 15 Pro Plus ( 15 Pro+ ) 5G 8/256GB 12/512GB,Rp6.140.000,5.0,22 terjual,6140000,22,5.0,8.0,256.0,XIAOMI,Upper Mid (5M-10M)
xiaomi 14,Xiaomi 15 12/512gb Green Mulus Garansi Resmi,Rp10.500.000,5.0,17 terjual,10500000,17,5.0,12.0,512.0,XIAOMI,Flagship (>10M)
xiaomi 14,( Special Creator ) Xiaomi Redmi Note 15 Pro Plus Pro+ 5G ( 8/256 12/512 ) Garansi Resmi New,Rp5.974.000,4.8,50+ terjual,5974000,50,4.8,8.0,256.0,XIAOMI,Upper Mid (5M-10M)
xiaomi 14,[LIVE PRODUCT] NUBIA NEO 5 5G 8+12GB/256GB GARANSI RESMI - SMARTPHONE/PONSEL GAMING,Rp3.637.623,4.9,20 terjual,3637623,20,4.9,8.0,256.0,OTHER,Mid-Range (2M-5M)
xiaomi 14,(SPECIAL CREATOR) Xiaomi 17T GARANSI RESMI,Rp10.350.000,5.0,60+ terjual,10350000,60,5.0,,,XIAOMI,Flagship (>10M)
xiaomi 14,Xiaomi Mi 14T 5G Ram 12 Rom 512GB,Rp6.059.000,5.0,16 terjual,6059000,16,5.0,12.0,512.0,XIAOMI,Upper Mid (5M-10M)
xiaomi 14,[Secondhand ] iPhone 14Plus / iPhone 14 RAM 128GB 256GB Second BEKAS ORIGINAL 100% MULUS NORMAL FULLSET Kondisi Perfect Apple 14 / iPhone 14plus,Rp5.960.000,5.0,30+ terjual,5960000,30,5.0,,128.0,APPLE,Upper Mid (5M-10M)
poco m6 pro,POCO M6 Pro 8/256GB | 120Hz Flow AMOLED 64MP triple camera OIS 67W,Rp2.750.000,4.7,100+ terjual,2750000,100,4.7,8.0,256.0,POCO,Mid-Range (2M-5M)
poco m6 pro,"XIAOMI POCO M6 Pro | 120Hz Flow AMOLED 64MP triple camera OIS 67W - Blue, 8+256GB",Rp2.800.000,4.8,70+ terjual,2800000,70,4.8,,256.0,XIAOMI,Mid-Range (2M-5M)
poco m6 pro,POCO M6 Pro 8/256GB NFC Garansi Resmi,Rp3.060.000,5.0,29 terjual,3060000,29,5.0,8.0,256.0,POCO,Mid-Range (2M-5M)
poco m6 pro,POCO M6 PRO - 8/256 GB - HELIO G99 ULTRA - REPACK,Rp2.459.000,5.0,9 terjual,2459000,9,5.0,8.0,256.0,POCO,Mid-Range (2M-5M)
poco m6 pro,POCO M6 Pro 8/256 Garansi Resmi,Rp2.749.000,5.0,5 terjual,2749000,5,5.0,8.0,256.0,POCO,Mid-Range (2M-5M)
poco m6 pro,Poco M6 Pro Ram 8gb/Rom 256gb Garansi Resmi xiomi,Rp2.860.000,3.5,12 terjual,2860000,12,3.5,8.0,,POCO,Mid-Range (2M-5M)
poco m6 pro,ZTE NUBIA V80 MAX 6GB/128GB & 8GB/128GB GARANSI RESMI - SMARTPHONE Layar Screen,Rp2.337.000,4.8,500+ terjual,2337000,500,4.8,6.0,128.0,OTHER,Mid-Range (2M-5M)
poco m6 pro,Poco M3 Pro 5G 6/128 Garansi Resmi,Rp3.160.000,5.0,100+ terjual,3160000,100,5.0,6.0,128.0,POCO,Mid-Range (2M-5M)
poco m6 pro,Infinix Hot 70 Ram (4/128) (6/128) (8/256) Garansi Resmi,Rp2.760.000,5.0,100+ terjual,2760000,100,5.0,4.0,128.0,INFINIX,Mid-Range (2M-5M)
poco m6 pro,huawei nova 5t second - bekas 128gb rom 8 gb ram fullset original,Rp1.800.000,4.9,100+ terjual,1800000,100,4.9,8.0,128.0,OTHER,Entry-Level (<2M)
poco m6 pro,[jikalaku] Xiaomi Redmi Note 14 Pro 5G Garansi Resmi,Rp4.280.000,5.0,100+ terjual,4280000,100,5.0,,,XIAOMI,Mid-Range (2M-5M)
poco m6 pro,Realme C100i 6/128GB HP Baterai besar 7000mAh + Tahan debu & air IP64 + Layar refresh rate tinggi 120Hz + Tahan benturan standar militer Kamera Ponsel,Rp2.498.900,5.0,250+ terjual,2498900,250,5.0,6.0,128.0,REALME,Mid-Range (2M-5M)
poco m6 pro,XIAOMI POCO M3 4/64Gb GARANSI RESMI TAM,Rp1.910.000,5.0,50+ terjual,1910000,50,5.0,4.0,64.0,XIAOMI,Entry-Level (<2M)
poco m6 pro,Xiaomi Poco X3 Pro 8/256 Resmi Fullset,Rp2.559.000,4.9,100+ terjual,2559000,100,4.9,8.0,256.0,XIAOMI,Mid-Range (2M-5M)
poco m6 pro,[HARGA AMBYAR] Infinix Smart 20 4/256GB - Up to 8GB Extended RAM - Mediatek Helio G81 - 6.78” - 8MP - 5200 mAh - IP64,Rp2.169.000,4.9,250+ terjual,2169000,250,4.9,4.0,256.0,INFINIX,Mid-Range (2M-5M)
poco m6 pro,POCO M3 Pro 5G (4GB+64GB) - Black,Rp2.460.000,5.0,80+ terjual,2460000,80,5.0,,,POCO,Mid-Range (2M-5M)
poco m6 pro,"Handphone nubia V80 Max ROM 128 GB RAM 8 GB Smartphone Layar 6.9"" HD 120Hz, Baterai 6000mAh Fast Charging GPS Turbo",Rp2.598.000,4.9,100+ terjual,2598000,100,4.9,,128.0,OTHER,Mid-Range (2M-5M)
poco m6 pro,[NEW] Infinix Note 60 Pro 5G 8/256 GB | 12/256 GB - Snapdrgaon 7s Gen4 - 144Hz 1.5K AMOLED - Matrix Display - 50MP OIS - 6500mAh - Garansi Resmi,Rp4.997.890,5.0,100+ terjual,4997890,100,5.0,8.0,256.0,INFINIX,Mid-Range (2M-5M)
poco m6 pro,realme P4x 4GB+8GB*|128GB (8000mAh Baterai Besar dan Awet | Layar 120Hz Performa Lancar | AI Gaming Partner | Performa Lancar 48 Bulan) Kamera Smartphone,Rp2.598.900,5.0,100+ terjual,2598900,100,5.0,,,REALME,Mid-Range (2M-5M)
poco m6 pro,"Xiaomi Redmi A7 Pro RAM 6000mAh Layar 6.9"" 15W Fast Charging",Rp1.989.499,5.0,90+ terjual,1989499,90,5.0,,,XIAOMI,Entry-Level (<2M)
poco m6 pro,(DCG) TECNO CAMON 50 8/128 GB 8/256 GB 12/256 GB Garansi Resmi,Rp3.960.000,5.0,90+ terjual,3960000,90,5.0,8.0,128.0,TECNO,Mid-Range (2M-5M)
poco m6 pro,Infinix Note Edge 5G 8/256 Ram 8Gb Internal 256 Garansi Resmi new,Rp3.398.480,4.8,1rb+ terjual,3398480,1000,4.8,8.0,256.0,INFINIX,Mid-Range (2M-5M)
poco m6 pro,[LIVE SPECIAL] ZTE NUBIA V80 MAX 6GB//128GB & 8GB/128GB NFC GARANSI RESMI - SMARTPHONE/PONSEL,Rp2.337.000,4.8,100+ terjual,2337000,100,4.8,8.0,128.0,OTHER,Mid-Range (2M-5M)
poco m6 pro,[ Mega Deals ] Xiaomi Poco C85 6/128 8/256 NFC Garansi Resmi Xiaomi 128GB 256GB - [Digitech MallxCreator],Rp2.648.000,4.9,250+ terjual,2648000,250,4.9,6.0,128.0,XIAOMI,Mid-Range (2M-5M)
poco m6 pro,"ZTE Nubia V80 Max ROM 128 GB RAM 8 GB + 8 GB Smartphone Layar 6.9"" HD 120Hz, Baterai 6000mAh Fast Charging",Rp2.209.000,5.0,80+ terjual,2209000,80,5.0,,128.0,OTHER,Mid-Range (2M-5M)
poco m6 pro,ZTE Nubia V80 MAX RAM 8/128GB Garansi Resmi IP64,Rp2.019.000,4.9,100+ terjual,2019000,100,4.9,8.0,128.0,OTHER,Mid-Range (2M-5M)
poco m6 pro,Xiaomi Redmi Note 15 Pro Plus Pro+ ( 12/512 8/256 ) Garansi Resmi Tam New,Rp5.573.000,5.0,750+ terjual,5573000,750,5.0,12.0,512.0,XIAOMI,Upper Mid (5M-10M)
poco m6 pro,"{PRODUCT LIVE}NUBIA V80 MAX RAM 8GB+8GB ROM 128 GB Smartphone Layar 6.9"" HD 120Hz, Baterai 6000mAh Fast Charging GPS Turbo",Rp2.141.583,4.9,80+ terjual,2141583,80,4.9,8.0,,OTHER,Mid-Range (2M-5M)
poco m6 pro,"XIAOMI REDMI 17 | 6.9""| Helio G91-Ultra | 7500mAh | 6GB 128GB | BLACK/BLUE/PURPLE/GREEN (BOX CHA+CAS) GARANSI RESMI",Rp3.053.480,5.0,70+ terjual,3053480,70,5.0,,,XIAOMI,Mid-Range (2M-5M)
poco m6 pro,HP XIAOMI POCO M3 PRO 5G RAM 6 GB INTERNAL 128 GB GARANSI RESMI,Rp2.730.000,5.0,30+ terjual,2730000,30,5.0,6.0,,XIAOMI,Mid-Range (2M-5M)
poco m6 pro,[special creator] Infinix Hot 60 Pro+ 8/128 8/256 Garansi resmi,Rp3.989.000,4.9,80+ terjual,3989000,80,4.9,8.0,128.0,INFINIX,Mid-Range (2M-5M)
poco m6 pro,Poco X3 Pro Second,Rp1.950.000,5.0,26 terjual,1950000,26,5.0,,,POCO,Entry-Level (<2M)
poco m6 pro,Infinix Hot 70 4/128GB - Up to 8GB Extended RAM - Helio G100 Ultimate - 6.78 inch 120Hz - 50MP - 6000 mAh – NFC,Rp2.649.000,5.0,70+ terjual,2649000,70,5.0,4.0,128.0,INFINIX,Mid-Range (2M-5M)
poco m6 pro,Official POCO C65 | RAM hingga 16 GB* Prosesor kencang Helio G85 90Hz refresh rate tinggi 50 MP AI Triple kamera,Rp2.200.000,5.0,50+ terjual,2200000,50,5.0,,,POCO,Mid-Range (2M-5M)
poco m6 pro,NEW XIAOMI POCOPHONE POCO M3 PRO 4/64GB 6/128GB GARANSI RESMI INDO,Rp2.410.000,4.9,29 terjual,2410000,29,4.9,4.0,64.0,XIAOMI,Mid-Range (2M-5M)
poco m6 pro,Infinix Note 60 Pro 8/256GB Snapdragon 7s Gen 4 5G 6500mAh 144Hz Display 50MP Kamera Wireless Charging,Rp5.699.000,5.0,30+ terjual,5699000,30,5.0,8.0,256.0,INFINIX,Upper Mid (5M-10M)
poco m6 pro,Xiaomi Poco M3 Pro 5G 6/128GB Garansi Resmi,Rp1.660.000,4.8,30+ terjual,1660000,30,4.8,6.0,128.0,XIAOMI,Entry-Level (<2M)
poco m6 pro,NEW ZTE NUBIA V80 MAX 8+8GB/128GB NFC GARANSI RESMI-SMARTPHONE/PONSEL,Rp2.337.000,5.0,40+ terjual,2337000,40,5.0,8.0,128.0,OTHER,Mid-Range (2M-5M)
poco m6 pro,"OFFICIAL INFINIX HOT 60 PRO+, RAM 8+8/256 GB - NFC Touch Transfer - 45W 5160 mAh - 5.95 mm Ultra Slim - Helio G200 - 6.78"" 144 Hz Display - Garansi Resmi",Rp3.939.000,5.0,50+ terjual,3939000,50,5.0,8.0,256.0,INFINIX,Mid-Range (2M-5M)
poco m6 pro,poco m3 6/128 gb garansi resmi,Rp1.790.000,4.7,40+ terjual,1790000,40,4.7,6.0,128.0,POCO,Entry-Level (<2M)
poco m6 pro,POCO M7 (8GB/256GB) Baterai besar 7000mAh dengan pengisian daya 33W,Rp2.745.000,4.7,100+ terjual,2745000,100,4.7,8.0,256.0,POCO,Mid-Range (2M-5M)
poco x6,POCO X6 5G 12/256 GB Garansi Resmi Xiaomi Poco X6 5G 12/256GB,Rp3.490.000,5.0,100+ terjual,3490000,100,5.0,12.0,256.0,XIAOMI,Mid-Range (2M-5M)
poco x6,POCO X6 Pro 5G 12/512 12GB 512GB Kuning Hitam Grey Garansi Resmi,Rp5.950.000,5.0,40+ terjual,5950000,40,5.0,12.0,512.0,POCO,Upper Mid (5M-10M)
poco x6,"POCO C85 Garansi Resmi 15 Bulan 8GB/256GB & 6GB/128GB Baterai 6000mAh Layar 6.9"" Kamera 50MP Xiaomi M6 M7 Note 14 Pro Ultra 14C X6 X7 Redmi 15C Black Green Purple",Rp2.459.000,5.0,70+ terjual,2459000,70,5.0,8.0,256.0,XIAOMI,Mid-Range (2M-5M)
poco x6,POCO X6 | Powerful Snapdragon 7s Gen 2 FIow AMOLED 120 Hz 64 - 12+256,Rp3.200.000,4.7,100+ terjual,3200000,100,4.7,,,POCO,Mid-Range (2M-5M)
poco x6,Xiaomi poco x6 5g 12/256gb second resmi garansi,Rp3.250.000,5.0,18 terjual,3250000,18,5.0,12.0,256.0,XIAOMI,Mid-Range (2M-5M)
poco x6,POCO X6 12/256GB | Powerful Snapdragon 7s Gen 2 FIow AMOLED 120 Hz 64,Rp3.449.000,5.0,50+ terjual,3449000,50,5.0,12.0,256.0,POCO,Mid-Range (2M-5M)
poco x6,Xiaomi Poco X6 5G Ram 12/256 GB,Rp3.459.000,5.0,19 terjual,3459000,19,5.0,12.0,256.0,XIAOMI,Mid-Range (2M-5M)
poco x6,POCO X6 5G 12/256GB Snapdragon 7s Gen 2 AMOLED 120Hz,Rp3.320.000,5.0,17 terjual,3320000,17,5.0,12.0,256.0,POCO,Mid-Range (2M-5M)
poco x6,poco x6 5g 12/256 garansi resmi bnib segel baru,Rp3.505.000,5.0,9 terjual,3505000,9,5.0,12.0,256.0,POCO,Mid-Range (2M-5M)
poco x6,Xiaomi Poco X6 5G Ram 12GB Rom 256GB Segel Original,Rp3.210.000,5.0,13 terjual,3210000,13,5.0,12.0,,XIAOMI,Mid-Range (2M-5M)
poco x6,New Poco M7 8+8/256 GB 5g 4g PRO NFC 45W 15 BULAN WARANTY XIAOMI FINGER & FACE UNLOCK 120HZ redmi a4 a3 note 14 15 c85 13 14c m6 15c C75 plus 5G X7 X6 m8 X8,Rp2.959.000,5.0,18 terjual,2959000,18,5.0,8.0,256.0,XIAOMI,Mid-Range (2M-5M)
poco x6,[BIG SALE] Poco X6 12/256GB 5G Qualcomm Snapdragon 7s Gen 2 | Black and White |,Rp3.035.000,5.0,2 terjual,3035000,2,5.0,12.0,256.0,POCO,Mid-Range (2M-5M)
poco x6,"XIAOMI POCO X6 | Powerful Snapdragon 7s Gen 2 FIow AMOLED 120 Hz 64 - Black, 12+256",Rp3.860.000,5.0,4 terjual,3860000,4,5.0,,,XIAOMI,Mid-Range (2M-5M)
poco x6,Poco X6 Pro ( 12 / 512 ) Garansi Resmi,Rp4.960.000,5.0,2 terjual,4960000,2,5.0,12.0,512.0,POCO,Mid-Range (2M-5M)
poco x6,Poco X6 Pro 5G 12/512Gb New Resmi,Rp4.910.000,5.0,1 terjual,4910000,1,5.0,12.0,512.0,POCO,Mid-Range (2M-5M)
poco x6,Infinix Hot 70 8/128GB - Up to 16GB Extended RAM - Helio G100 Ultimate - 6.78 inch 120Hz - 50MP - 6000 mAh - NFC,Rp3.059.000,5.0,1rb+ terjual,3059000,1000,5.0,8.0,128.0,INFINIX,Mid-Range (2M-5M)
poco x6,Tecno Pova 8 ( Pova8 ) 5G 6/128GB 8/128GB 8/256GB Garansi Resmi Tecno Indonesia,Rp3.955.000,4.9,1rb+ terjual,3955000,1000,4.9,6.0,128.0,TECNO,Mid-Range (2M-5M)
poco x6,Infinix Note EDGE 5G 8/256GB | 8/128GB Garansi Resmi Indonesia,Rp3.689.000,5.0,1rb+ terjual,3689000,1000,5.0,8.0,256.0,INFINIX,Mid-Range (2M-5M)
poco x6,OPPO A6X 4/64 & 4/128 & 6/128 & 6/256 GARANSI RESMI,Rp2.598.000,4.9,500+ terjual,2598000,500,4.9,4.0,64.0,OPPO,Mid-Range (2M-5M)
poco x6,Infinix Hot 70 (6/128 8/128 6/256) Garansi Resmi,Rp3.038.000,4.9,6rb+ terjual,3038000,6000,4.9,6.0,128.0,INFINIX,Mid-Range (2M-5M)
poco x6,Tecno Camon 50 8/128 Gb 8/256 Gb & 12/256 Gb Original Garansi Resmi Indonesia,Rp4.235.000,4.9,250+ terjual,4235000,250,4.9,8.0,128.0,TECNO,Mid-Range (2M-5M)
poco x6,"Moto G86 Power 5G 8/256GB - Dimensity7400 - 6720mAh - 6.67"" pOLED 1.5K 120Hz - MIL810H IP68/69 GG7i - 50MP LYT600 MotoAI",Rp4.798.000,5.0,100+ terjual,4798000,100,5.0,8.0,256.0,OTHER,Mid-Range (2M-5M)
poco x6,"POCO Pad C1 (4GB/64GB) | 9.7"" 2K 120Hz layar super-jernih [Xiaomi Official Store]",Rp2.391.080,4.9,100+ terjual,2391080,100,4.9,4.0,64.0,XIAOMI,Mid-Range (2M-5M)
poco x6,Xiaomi POCO F5 Ram 8/256 GB Garansi Resmi Second,Rp3.459.000,5.0,50+ terjual,3459000,50,5.0,8.0,256.0,XIAOMI,Mid-Range (2M-5M)
poco x6,Xiaomi Poco M6 Pro 8/256GB Fullset Original Bergaransi,Rp2.610.000,4.9,60+ terjual,2610000,60,4.9,8.0,256.0,XIAOMI,Mid-Range (2M-5M)
poco x6,POCO F4 Xioami 6 GB 128 GB,Rp5.459.000,5.0,50+ terjual,5459000,50,5.0,,,POCO,Upper Mid (5M-10M)
poco x6,POCO X8 Pro Max 12/256GB 12/512GB | Dimensity 9500s Garansi Resmi Official,Rp8.339.000,5.0,40+ terjual,8339000,40,5.0,12.0,256.0,POCO,Upper Mid (5M-10M)
poco x6,Xiaomi POCO X3 NFC Ram 6/64GB Garansi TAM,Rp3.059.000,5.0,28 terjual,3059000,28,5.0,6.0,64.0,XIAOMI,Mid-Range (2M-5M)
poco x6,Xiaomi Poco F1 6/64GB Fullset Mulus OK,Rp1.610.000,4.8,25 terjual,1610000,25,4.8,6.0,64.0,XIAOMI,Entry-Level (<2M)
poco x6,SAMSUNG A33 - 5G - RAM 6/128 & 8/128 & 8/256 - FULLSET - SECOND,Rp2.460.000,4.9,100+ terjual,2460000,100,4.9,6.0,128.0,SAMSUNG,Mid-Range (2M-5M)
poco x6,"Infinix Note EDGE 5G 8/256GB | 6.78"" 1.5K 3D Curved | Dimensity 7100 | 6500mAh | Garansi Resmi",Rp3.999.000,5.0,30+ terjual,3999000,30,5.0,8.0,256.0,INFINIX,Mid-Range (2M-5M)
poco x6,[ LIVE SPESIAL } INFINIX NOTE EDGE 5G 8/256 NEW GARANSI RESMI,Rp4.251.485,4.7,80+ terjual,4251485,80,4.7,8.0,256.0,INFINIX,Mid-Range (2M-5M)
poco x6,poco m4 pro 6/128 garansi resmi,Rp2.210.000,4.5,60+ terjual,2210000,60,4.5,6.0,128.0,POCO,Mid-Range (2M-5M)
poco x6,XIAOMI POCO F3 - FULLSET - SECOND,Rp2.960.000,5.0,30+ terjual,2960000,30,5.0,,,XIAOMI,Mid-Range (2M-5M)
poco x6 pro,POCO X6 PRO 5G 12/512 GB GARANSI 15 BULAN Xiaomi Note 13 13T F5 GT F4,Rp5.359.999,4.9,100+ terjual,5359999,100,4.9,12.0,512.0,XIAOMI,Upper Mid (5M-10M)
poco x6 pro,poco x6 pro 5g 12/512 garansi resmi bnib segel baru,Rp4.510.000,5.0,30+ terjual,4510000,30,5.0,12.0,512.0,POCO,Mid-Range (2M-5M)
poco x6 pro,Xiaomi Poco X6 Pro 5G 12/512 GB Garansi Resmi,Rp5.010.000,5.0,28 terjual,5010000,28,5.0,12.0,512.0,XIAOMI,Upper Mid (5M-10M)
poco x6 pro,Poco X6 pro 5G 12/512 no repack,Rp4.759.000,5.0,21 terjual,4759000,21,5.0,12.0,512.0,POCO,Mid-Range (2M-5M)
poco x6 pro,Xiaomi Poco X6 Pro 5G Ram 12GB Rom 256GB I 512GB Segel Original,Rp4.510.000,5.0,28 terjual,4510000,28,5.0,12.0,,XIAOMI,Mid-Range (2M-5M)
poco x6 pro,Poco X6 Pro 5G 12/512GB Garansi Resmi Bnib,Rp4.659.000,5.0,4 terjual,4659000,4,5.0,12.0,512.0,POCO,Mid-Range (2M-5M)
poco x6 pro,POCO X6 PRO 5G 12/512 SECOND FULLSET ORI,Rp3.959.000,5.0,3 terjual,3959000,3,5.0,12.0,512.0,POCO,Mid-Range (2M-5M)
poco x6 pro,xiaomi poco x6 pro 5g 12/512gb second fullset,Rp3.909.000,5.0,3 terjual,3909000,3,5.0,12.0,512.0,XIAOMI,Mid-Range (2M-5M)
poco x6 pro,Poco X6 Pro 5G 12/512 NFC AMOLED 120Hz Garansi Resmi,Rp6.209.000,5.0,1 terjual,6209000,1,5.0,12.0,512.0,POCO,Upper Mid (5M-10M)
poco x6 pro,"POCO Pad M1 (8GB/256GB) | Layar jernih 12.1"" 2.5K  | Snapdragon 7s Gen 4 [Official Store]",Rp4.461.080,4.9,10rb+ terjual,4461080,10000,4.9,8.0,256.0,POCO,Mid-Range (2M-5M)
poco x6 pro,Xiaomi TV A Pro 32 2026 | Layar QLED cerah dan tajam |  Suara Jernih dengan Dolby Audio & DTS:X Dual Speaker | Nyaman di Mata dengan Low Blue Light | Semua Akses Hiburan di Satu Layar dengan Google TV  | Smart TV [Xiaomi Official Store],Rp2.409.480,4.9,4rb+ terjual,2409480,4000,4.9,,,XIAOMI,Mid-Range (2M-5M)
poco x6 pro,Infinix note 60 Pro 5G [8/256 GB] [12/256 GB] - Snapdragon 7s Gen 4 - Garansi Resmi Indonesia,Rp5.543.564,5.0,1rb+ terjual,5543564,1000,5.0,8.0,256.0,INFINIX,Upper Mid (5M-10M)
poco x6 pro,Xiaomi Poco C81 Pro 4/64GB 4/128GB C 81 Garansi Resmi Not X7 Pro C71 C85,Rp2.182.000,4.9,1rb+ terjual,2182000,1000,4.9,4.0,64.0,XIAOMI,Mid-Range (2M-5M)
poco x6 pro,"Moto G57 Power 5G - RAMBoost 24GB/256GB -  Snapdragon6s Gen4 - Antutu 625K - 7000mAh SiliconCarbon - 50MP Sony LYTIA600 - 8MP Selfie - 6.72"" - IP64 GG7i MIL810H - Dolby Stereo",Rp3.558.000,4.9,250+ terjual,3558000,250,4.9,24.0,256.0,OTHER,Mid-Range (2M-5M)
poco x6 pro,Infinix Note 60 8/256GB - Up to 16GB Extended RAM - Dimensity 7400 Ultimate - 6.78” 1.5K Amoled - 50MP - 6500 mAh NFC,Rp4.735.000,5.0,250+ terjual,4735000,250,5.0,8.0,256.0,INFINIX,Mid-Range (2M-5M)
poco x6 pro,"Motorola G06 Power 128GB 8GB - 6.88"" IPS LCD 120Hz - 7000mAh - 50MP Pro Mode - Dolby Atmos - GorillaGlass3 IP64 - WaterTouch - NFC - Android 15 - Screen, Camera",Rp2.119.000,5.0,100+ terjual,2119000,100,5.0,,128.0,OTHER,Mid-Range (2M-5M)
poco x6 pro,OPPO Reno 15 5G / Reno 15 Pro Max ProMax | RAM 8GB 12GB | ROM 256GB 512GB | Garansi Resmi,Rp8.379.900,4.9,250+ terjual,8379900,250,4.9,8.0,,OPPO,Upper Mid (5M-10M)
poco x6 pro,[Exclusive PENTY] ITEL SUPER 26 ULTRA - T7300 Ultra Gaming Processor - Corning Gorilla 7i - IP65 - 3D Curved Amoled Screen- 32MP Selfie Camera - 6000mAH,Rp3.199.000,4.8,250+ terjual,3199000,250,4.8,,,ITEL,Mid-Range (2M-5M)
poco x6 pro,"Moto G06 Power 128GB RAMBoost 12GB - 6.88"" - 7000mAh - 50MP Pro Mode - DolbyStereo - GorillaGlass3 IP64 - WaterTouch - NFC",Rp2.059.000,5.0,100+ terjual,2059000,100,5.0,,128.0,OTHER,Mid-Range (2M-5M)
poco x6 pro,POCO X8 Pro 8/256GB 8/512GB 12/512GB | Dimensity 8500 Ultra Garansi Resmi Official,Rp6.875.000,5.0,100+ terjual,6875000,100,5.0,8.0,256.0,POCO,Upper Mid (5M-10M)
poco x6 pro,[ FS Payday ] Xiaomi Poco X8 Pro Max 5G 12GB 256GB 512GB / Poco X8 Pro 5G 8GB 256GB 512GB Garansi Resmi Original,Rp6.711.900,5.0,100+ terjual,6711900,100,5.0,,,XIAOMI,Upper Mid (5M-10M)
poco x6 pro,SEIN Samsung Galaxy Note 10 Plus 12/512Gb 12/256GB Second Original,Rp2.470.000,4.8,100+ terjual,2470000,100,4.8,12.0,512.0,SAMSUNG,Mid-Range (2M-5M)
poco x6 pro,"oppo A6, A6X, A6 Pro (4G), ram 6 - 8 gb, memory 256 gb",Rp3.160.000,5.0,70+ terjual,3160000,70,5.0,6.0,,OPPO,Mid-Range (2M-5M)
poco x6 pro,[ TP ] MOTOROLA EDGE 60 PRO 5G 12G/256GB - GARANSI RESMI,Rp7.809.000,5.0,250+ terjual,7809000,250,5.0,,256.0,OTHER,Upper Mid (5M-10M)
poco x6 pro,"[BARU] OPPO Reno16 Pro 5G 12GB/256GB [3D Pop Planet Design, AI Remix Collage, 200MP Ultra-clear Main Camera]",Rp14.999.000,5.0,100+ terjual,14999000,100,5.0,12.0,256.0,OPPO,Flagship (>10M)
poco f5,POCO F5 8/256 8GB 256GB - Garansi Resmi Xiaomi Indonesia,Rp6.959.000,5.0,30+ terjual,6959000,30,5.0,8.0,256.0,XIAOMI,Upper Mid (5M-10M)
poco f5,Xiaomi POCO F5 Ram 12/256 GB Garansi Resmi Second,Rp3.799.000,4.8,28 terjual,3799000,28,4.8,12.0,256.0,XIAOMI,Mid-Range (2M-5M)
poco f5,POCO F5 5G 12/256 SECOND GARANSI RESMI,Rp3.859.000,5.0,16 terjual,3859000,16,5.0,12.0,256.0,POCO,Mid-Range (2M-5M)
poco f5,Poco F5 8/256 dan 12/256 second like new,Rp3.609.000,5.0,6 terjual,3609000,6,5.0,8.0,256.0,POCO,Mid-Range (2M-5M)
poco f5,POCO F5 RAM 12/256.,Rp3.659.999,5.0,5 terjual,3659999,5,5.0,12.0,256.0,POCO,Mid-Range (2M-5M)
poco f5,Poco F5 Ram 8/256 Ex Garansi Resmi second,Rp3.350.000,5.0,6 terjual,3350000,6,5.0,8.0,256.0,POCO,Mid-Range (2M-5M)
poco f5,Poco F5 ram 8/258gb | fullset| Bukan F4 F6 Xiaomi 13t x Iqoo realme gt6,Rp3.393.000,5.0,2 terjual,3393000,2,5.0,8.0,,XIAOMI,Mid-Range (2M-5M)
poco f5,Poco F5 5G 12/256GB Garansi resmi indonesia,Rp3.460.000,5.0,2 terjual,3460000,2,5.0,12.0,256.0,POCO,Mid-Range (2M-5M)
poco f5,XIAOMI POCO F5 12/256GB GARANSI RESMI XIAOMI INDONESIA,Rp3.910.000,4.0,8 terjual,3910000,8,4.0,12.0,256.0,XIAOMI,Mid-Range (2M-5M)
poco f5,Poco F5 8/256GB fullset mulus second,Rp3.350.000,4.0,30+ terjual,3350000,30,4.0,8.0,256.0,POCO,Mid-Range (2M-5M)
poco f5,Poco M5 5G Ram 12 / 256Gb,Rp3.960.000,5.0,250+ terjual,3960000,250,5.0,12.0,256.0,POCO,Mid-Range (2M-5M)
poco f5,pPoco M5 5G Ram 12 / 256Gb Garansi Resmi Indonesia BNIB,Rp2.460.000,5.0,100+ terjual,2460000,100,5.0,12.0,256.0,POCO,Mid-Range (2M-5M)
poco f5,xiaomi 12 T mulus dan ready to use,Rp4.000.000,5.0,100+ terjual,4000000,100,5.0,,,XIAOMI,Mid-Range (2M-5M)
poco f5,[ Live ] Xiaomi Poco X8 Pro Max 5G 12GB 256GB 512GB / Poco X8 Pro 5G 8GB 256GB 512GB Garansi Resmi Original,Rp6.623.900,5.0,100+ terjual,6623900,100,5.0,,,XIAOMI,Upper Mid (5M-10M)
poco f5,(PROMO LIVE) OPPO RENO 15F 5G 12/256 & 8/256 & 8/128 GARANSI RESMI,Rp6.989.000,5.0,100+ terjual,6989000,100,5.0,12.0,256.0,OPPO,Upper Mid (5M-10M)
poco f5,Infinix Hot 50 (8/128gb + 6/256gb) - Helio G100 - 6.78 inch 120Hz FHD+ - 50MP - 5000 mAh - NFC,Rp2.425.000,4.8,250+ terjual,2425000,250,4.8,8.0,128.0,INFINIX,Mid-Range (2M-5M)
poco f5,"vivo iQOO Z10 Lite 8/256 - Garansi Resmi 6000mAh 44W Bypass Charging, IP68+69, 120Hz FLAT AMOLED, Snapdragon 685, 50MP Sony IMX",Rp3.799.000,5.0,80+ terjual,3799000,80,5.0,8.0,256.0,VIVO,Mid-Range (2M-5M)
poco f5,infinix zero 30 5G 12/256GB fullset mulus likenew,Rp3.400.000,5.0,50+ terjual,3400000,50,5.0,12.0,256.0,INFINIX,Mid-Range (2M-5M)
poco f5,Xiaomi POCO M6 (8GB+256GB) | Kamera utama 108 MP kelas pro | Helio G91-Ultra yang tangguh | 33 W Turbo Charging,Rp2.450.000,4.7,100+ terjual,2450000,100,4.7,,,XIAOMI,Mid-Range (2M-5M)
poco f5,Xiaomi Poco M5 4/64gb - Hitam,Rp2.460.000,5.0,29 terjual,2460000,29,5.0,4.0,64.0,XIAOMI,Mid-Range (2M-5M)
poco f5,POCO F3 8/256 Garansi Resmi Xiaomi Indonesia,Rp5.959.000,5.0,25 terjual,5959000,25,5.0,8.0,256.0,XIAOMI,Upper Mid (5M-10M)
poco f5,Poco F3 Second Fullset Bergaransi,Rp2.499.000,4.9,40+ terjual,2499000,40,4.9,,,POCO,Mid-Range (2M-5M)
poco f5,SAMSUNG A52S -5G - RAM 8/256 - FULLSET SECOND GRADE A,Rp2.760.000,5.0,100+ terjual,2760000,100,5.0,8.0,256.0,SAMSUNG,Mid-Range (2M-5M)
poco f5,Xiaomi Poco F4 Ram 8/256 Gb Garansi Resmi Second,Rp2.859.000,4.8,40+ terjual,2859000,40,4.8,8.0,256.0,XIAOMI,Mid-Range (2M-5M)
poco f5,[PROMO KK] Tecno Camon 50 8/128 Gb 8/256 Gb & 12/256 Gb Original Garansi Resmi Indonesia,Rp4.319.700,5.0,30+ terjual,4319700,30,5.0,8.0,128.0,TECNO,Mid-Range (2M-5M)
poco f6,POCO X7 5G & PRO 8GB/256GB & 6GB/128GB Garansi Resmi 15 Bulan Xiaomi M6 M7 Note 14 Pro Ultra 14C X6 Redmi 15C C85 14T 15T M8 X8 F6 F7,Rp3.959.000,5.0,13 terjual,3959000,13,5.0,8.0,256.0,XIAOMI,Mid-Range (2M-5M)
poco f6,Xiaomi Poco F6 12/512GB 8/256GB,Rp5.509.000,5.0,26 terjual,5509000,26,5.0,12.0,512.0,XIAOMI,Upper Mid (5M-10M)
poco f6,Xiaomi Poco F6 Ram 12/512 Gb Garansi Resmi Second,Rp4.599.000,5.0,7 terjual,4599000,7,5.0,12.0,512.0,XIAOMI,Mid-Range (2M-5M)
poco f6,POCO F6 8/256GB SECOND MULUSS GARANSI RESMI,Rp4.150.000,5.0,5 terjual,4150000,5,5.0,8.0,256.0,POCO,Mid-Range (2M-5M)
poco f6,XIAOMI POCO F6 12/512 GB GARANSI RESMI INDONESIA,Rp4.988.000,5.0,2 terjual,4988000,2,5.0,12.0,512.0,XIAOMI,Mid-Range (2M-5M)
poco f6,Poco F6 5G 12 512 Titanium,Rp4.060.000,5.0,5 terjual,4060000,5,5.0,,,POCO,Mid-Range (2M-5M)
poco f6,BNIB Xiaomi Poco F6 12/512 bisa tukar tambah,Rp5.460.000,5.0,1 terjual,5460000,1,5.0,12.0,512.0,XIAOMI,Upper Mid (5M-10M)
poco f6,Xiaomi POCO F6(12GB + 512GB) Snapdragon 8s Gen 3 | LiquidCool Technology 4.0 IceLoop - Black,Rp5.450.000,4.2,21 terjual,5450000,21,4.2,,,XIAOMI,Upper Mid (5M-10M)
poco f6,Xiaomi Poco X8 Pro Max 5G 12GB 256GB 512GB / Poco X8 Pro 5G 8GB 256GB 512GB Garansi Resmi Original,Rp6.711.900,4.9,1rb+ terjual,6711900,1000,4.9,,,XIAOMI,Upper Mid (5M-10M)
poco f6,xiaomi poco f4 8/256 garansi resmi,Rp3.559.000,5.0,100+ terjual,3559000,100,5.0,8.0,256.0,XIAOMI,Mid-Range (2M-5M)
poco f6,POCO F4 5G 8/256 SECOND FULL ORI,Rp2.959.000,5.0,100+ terjual,2959000,100,5.0,8.0,256.0,POCO,Mid-Range (2M-5M)
poco f6,OPPO Reno 15F 5G | RAM 8GB 12GB | ROM 128GB 256GB | Garansi Resmi,Rp6.309.900,5.0,250+ terjual,6309900,250,5.0,8.0,,OPPO,Upper Mid (5M-10M)
poco f6,Infinix Note 60 8/256GB Garansi Resmi MediaTek Dimensity 7400 Ultimate 5G 6500mAh 144Hz Display NFC IP64,Rp5.299.000,4.9,250+ terjual,5299000,250,4.9,8.0,256.0,INFINIX,Upper Mid (5M-10M)
poco f6,(PROMO LIVE) INFINIX NOTE 60 5G 8/256 GARANSI RESMI,Rp4.824.257,4.9,250+ terjual,4824257,250,4.9,8.0,256.0,INFINIX,Mid-Range (2M-5M)
poco f6,Xiaomi Poco F3 8/256 gb Garansi Resmi Fullset,Rp3.459.000,5.0,80+ terjual,3459000,80,5.0,8.0,256.0,XIAOMI,Mid-Range (2M-5M)
poco f6,xiaomi poco x3 nfc 6/64,Rp3.260.000,5.0,100+ terjual,3260000,100,5.0,6.0,64.0,XIAOMI,Mid-Range (2M-5M)
poco f6,Xiaomi POCO X3 NFC 6/64 Ram6 Rom64 New OriginaL Baru Garansi Resmi,Rp4.555.555,4.9,90+ terjual,4555555,90,4.9,6.0,64.0,XIAOMI,Mid-Range (2M-5M)
poco f6,ASUS Rog Phone 6 8/256gb 8 / 256 gb 8/256 gb second fullset original,Rp4.900.000,4.8,90+ terjual,4900000,90,4.8,8.0,256.0,ASUS,Mid-Range (2M-5M)
poco f6,Poco F3 8/256Gb,Rp5.540.000,5.0,70+ terjual,5540000,70,5.0,8.0,256.0,POCO,Upper Mid (5M-10M)
poco f6,Poco f4 6/128 gb resmi fullset,Rp3.559.000,5.0,50+ terjual,3559000,50,5.0,6.0,128.0,POCO,Mid-Range (2M-5M)
poco f6,Xiaomi Redmi Note 15 Pro 5G (8/256GB) (12/512GB) Garansi Resmi,Rp5.419.000,5.0,40+ terjual,5419000,40,5.0,8.0,256.0,XIAOMI,Upper Mid (5M-10M)
poco f6,[NEW] Infinix Note 60 5G 8/256 GB - Dimensity 7400 - AMOLED 144Hz - 50MP OIS - 6500 mAh - Garansi Resmi,Rp4.750.376,5.0,50+ terjual,4750376,50,5.0,8.0,256.0,INFINIX,Mid-Range (2M-5M)
poco f6,Xiaomi Poco C85 8/256 & 6/128 GB || Helio G81 || Batre 6000 mAh Garansi Resmi,Rp2.549.000,5.0,30+ terjual,2549000,30,5.0,8.0,256.0,XIAOMI,Mid-Range (2M-5M)
poco f6,INFINIX SMARTPHONE GT 30 5G 8GB 256GB GARANSI RESMI,Rp8.489.000,4.9,70+ terjual,8489000,70,4.9,,,INFINIX,Upper Mid (5M-10M)
poco f6,POCO M4 Pro Xiaomi 6 GB 128 GB,Rp3.110.000,5.0,30+ terjual,3110000,30,5.0,,,XIAOMI,Mid-Range (2M-5M)
poco f6,Handphone second poco X6 5G 12/ 256,Rp4.500.000,5.0,11 terjual,4500000,11,5.0,12.0,256.0,POCO,Mid-Range (2M-5M)
poco f6,Xiaomi Poco F3 6/128GB Garansi Resmi,Rp5.010.000,5.0,80+ terjual,5010000,80,5.0,6.0,128.0,XIAOMI,Upper Mid (5M-10M)
poco f6,"POCO C75 6/128GB 8/256GB Layar 6,88"" 50MP AI 18W Pengisian Cepat NFC Prosesor Helio G81-Ultra RAM 16GB Baterai 5160mAh Kamera Dual 50MP",Rp2.050.000,4.5,100+ terjual,2050000,100,4.5,6.0,128.0,POCO,Mid-Range (2M-5M)
infinix hot 40 pro,Infinix Hot 40 Pro 8/256GB & 12/256GB - Helio G99 - 6.78” FHD+ - 5000 mAh - NFC,Rp2.300.000,4.8,100+ terjual,2300000,100,4.8,8.0,256.0,INFINIX,Mid-Range (2M-5M)
infinix hot 40 pro,Infinix hot 40 pro ram 12Gb rom 256Gb Up to 16GB Extended RAM  Helio G99 Garansi,Rp2.240.000,4.8,100+ terjual,2240000,100,4.8,12.0,,INFINIX,Mid-Range (2M-5M)
infinix hot 40 pro,Infinix Hot 40 Pro 8/256 Gadgetdotco Palm Blue Horizon Gold Starfall Green Starlit Black Layar 6.78 Inci RAM 8 GB ROM 256 GB Android 13 Kamera Dual 108 MP Baterai 5000 mAh - Wifi,Rp1.959.000,5.0,21 terjual,1959000,21,5.0,8.0,256.0,INFINIX,Entry-Level (<2M)
infinix hot 40 pro,infinix hot 40 pro 8/256,Rp2.859.000,5.0,19 terjual,2859000,19,5.0,8.0,256.0,INFINIX,Mid-Range (2M-5M)
infinix hot 40 pro,Infinix Hot 40 Pro Ram 8/256GB | Ram 12/256GB,Rp2.323.000,4.9,22 terjual,2323000,22,4.9,8.0,256.0,INFINIX,Mid-Range (2M-5M)
infinix hot 40 pro,Infinix Hot 40 Pro 8/256GB - Helio G99 - 6.78” FHD+ - 5000 mAh - NFC,Rp2.350.000,5.0,28 terjual,2350000,28,5.0,8.0,256.0,INFINIX,Mid-Range (2M-5M)
infinix hot 40 pro,infinix hot 40pro 8/256 nfc,Rp1.960.000,5.0,6 terjual,1960000,6,5.0,8.0,256.0,INFINIX,Entry-Level (<2M)
infinix hot 40 pro,Infinix Hot 40 Pro 8/256 GB Garansi Resmi - Blue 012 FIRFA miarzafa,Rp2.140.000,5.0,13 terjual,2140000,13,5.0,8.0,256.0,INFINIX,Mid-Range (2M-5M)
infinix hot 40 pro,INFINIX HOT 40 PRO RAM 8/256GB GARANSI RESMI INFINIX INDONESIA,Rp2.959.000,5.0,9 terjual,2959000,9,5.0,8.0,256.0,INFINIX,Mid-Range (2M-5M)
infinix hot 40 pro,Infinix Hot 40 Pro 8/256GB Palm Blue Horizon Gold Starfall Green Starlit Black Layar 6.78 Inci RAM 8GB ROM 256GB Android 13 Kamera Dual 108MP Baterai 5000mAh Garansi Resmi,Rp1.959.000,5.0,11 terjual,1959000,11,5.0,8.0,256.0,INFINIX,Entry-Level (<2M)
infinix hot 40 pro,[HARGA AMBYAR] Infinix Smart 20 4/64GB - Up to 8GB Extended RAM - Mediatek Helio G81 - 6.78” - 8MP - 5200 mAh - IP64,Rp1.859.000,5.0,2rb+ terjual,1859000,2000,5.0,4.0,64.0,INFINIX,Entry-Level (<2M)
infinix hot 40 pro,[New Launch] Infinix Smart 20 4/128GB - Up to 8GB Extended RAM - Mediatek Helio G81 - 6.78” - 8MP - 5200 mAh - IP64,Rp1.979.000,5.0,1rb+ terjual,1979000,1000,5.0,4.0,128.0,INFINIX,Entry-Level (<2M)
infinix hot 40 pro,Infinix Smart 20 Garansi Resmi,Rp1.879.400,5.0,1rb+ terjual,1879400,1000,5.0,,,INFINIX,Entry-Level (<2M)
infinix hot 40 pro,[HARGA AMBYAR] [New Launch] Infinix Smart 20 4/128GB - Up to 8GB Extended RAM - Mediatek Helio G81 - 6.78” - 8MP - 5200 mAh - IP64,Rp1.979.000,4.9,1rb+ terjual,1979000,1000,4.9,4.0,128.0,INFINIX,Entry-Level (<2M)
infinix hot 40 pro,New Infinix Hot 30i 8+8/128 GB Garansi Resmi 2023 30 NFC note pro,Rp2.059.000,4.9,250+ terjual,2059000,250,4.9,8.0,128.0,INFINIX,Mid-Range (2M-5M)
infinix hot 40 pro,"Handphone nubia A56 ROM 128GB RAM 12GB (4+8GB) Smartphone Kamera AI 13MP Triple Camera Layar 6.75"" 90Hz, Baterai 5000mAh Fast Charging",Rp1.918.000,4.9,250+ terjual,1918000,250,4.9,,128.0,OTHER,Entry-Level (<2M)
infinix hot 40 pro,INFINIX SMART 20 4GB 64GB | 4GB 128GB Garansi Resmi,Rp1.869.000,4.9,750+ terjual,1869000,750,4.9,,,INFINIX,Entry-Level (<2M)
infinix hot 40 pro,[3636.Shop] Infinix Smart 20 LTE [4GB+64GB] Disply 6.78 inches - 5200mAh - Garansi resmi 12 Bulan,Rp1.873.000,5.0,250+ terjual,1873000,250,5.0,,,INFINIX,Entry-Level (<2M)
infinix hot 40 pro,(PROMO LIVE) INFINIX HOT 60I 8/256 GARANSI RESMI,Rp3.127.080,4.9,250+ terjual,3127080,250,4.9,8.0,256.0,INFINIX,Mid-Range (2M-5M)
infinix hot 40 pro,Infinix Smart 20 4/64GB 4/128GB - Up to 8GB Extended RAM - Mediatek Helio G81 - 6.78” - 8MP - 5200 mAh - IP64,Rp2.792.804,5.0,250+ terjual,2792804,250,5.0,4.0,64.0,INFINIX,Mid-Range (2M-5M)
infinix hot 40 pro,[NEW] Infinix Smart 20 4/64 | 4/128 GB Helio G81 Ultimate - 6.78 inch 120Hz - 5200mAh - Garansi Resmi,Rp1.818.990,5.0,250+ terjual,1818990,250,5.0,4.0,64.0,INFINIX,Entry-Level (<2M)
infinix hot 40 pro,( Special Creator ) Tecno Spark 50 ( 8/128 6/128 4/128 ) Garansi Resmi New,Rp2.399.000,4.9,1rb+ terjual,2399000,1000,4.9,8.0,128.0,TECNO,Mid-Range (2M-5M)
infinix hot 40 pro,[BEST SELLER] Infinix HOT 70 Mediatek Helio G100 RAM 6gb Storage 256gb Garansi Resmi,Rp3.275.137,5.0,100+ terjual,3275137,100,5.0,6.0,,INFINIX,Mid-Range (2M-5M)
infinix hot 40 pro,[ LIVE SPESIAL ] INFINIX SMART 20 4/64 & 4/128 NEW GARANSI RESMI,Rp1.879.000,5.0,100+ terjual,1879000,100,5.0,4.0,64.0,INFINIX,Entry-Level (<2M)
infinix hot 40 pro,Infinix Smart 20 4/256GB - Up to 8GB Extended RAM - Mediatek Helio G81 - 6.78” - 8MP - 5200 mAh - IP64,Rp2.109.000,5.0,100+ terjual,2109000,100,5.0,4.0,256.0,INFINIX,Mid-Range (2M-5M)
infinix hot 40 pro,INFINIX HOT 70 8Gb 256Gb Garansi Resmi Infinix Indonesia,Rp2.904.000,5.0,100+ terjual,2904000,100,5.0,,,INFINIX,Mid-Range (2M-5M)
infinix hot 40 pro,NEW Infinix Smart 20 4/64GB 4/128GB ORIGINAL Garansi Resmi,Rp1.869.208,4.9,100+ terjual,1869208,100,4.9,4.0,64.0,INFINIX,Entry-Level (<2M)
infinix hot 40 pro,(PROMO LIVE) INFINIX SMART 20 4/128 & 4/64 GARANSI RESMI,Rp1.919.000,4.9,100+ terjual,1919000,100,4.9,4.0,128.0,INFINIX,Entry-Level (<2M)
infinix hot 40 pro,[3636.Shop] Infinix Hot 70 [6GB+128GB] [6GB+256GB] [8GB+128GB] - Display Type 6.78 inches - Helio G100 Ultimate - Camera 50MP - 6000mAh + 45W Fast Charge - Garansi resmi 1 Tahun,Rp2.537.000,5.0,100+ terjual,2537000,100,5.0,,,INFINIX,Mid-Range (2M-5M)
infinix hot 40 pro,infinix hot 10 play 4/64 garansi resmi,Rp1.559.000,5.0,250+ terjual,1559000,250,5.0,4.0,64.0,INFINIX,Entry-Level (<2M)
infinix hot 40 pro,Infinix Hot 70 4/128GB - Up to 8GB Extended RAM - Helio G100 Ultimate - 6.78 inch 120Hz - 50MP - 6000 mAh – NFC,Rp2.799.000,5.0,100+ terjual,2799000,100,5.0,4.0,128.0,INFINIX,Mid-Range (2M-5M)
infinix hot 40 pro,infinix hot 10s 4/64 garansi resmi,Rp1.440.000,4.8,60+ terjual,1440000,60,4.8,4.0,64.0,INFINIX,Entry-Level (<2M)
infinix hot 40 pro,[ special creator ] Infinix Smart 20 Baru Garansi Resmi BNIB Layar 90Hz 5000mAh,Rp1.879.788,5.0,100+ terjual,1879788,100,5.0,,,INFINIX,Entry-Level (<2M)
infinix hot 40 pro,"[BEST DEAL] Infinix Smart 20 4g Ram Plus 4+4/64GB , 4+4/128GB (IPS LCD 6.78 inci 120 Hz MediaTek Helio G81 Ultimate) Garansi Resmi Indonesia",Rp1.859.900,4.9,80+ terjual,1859900,80,4.9,4.0,64.0,INFINIX,Entry-Level (<2M)
infinix hot 40 pro,Infinix Hot 70 6/128 6/256 8/128 Black Silver Violet - Garansi Resmi 1 Tahun not hot 60 hot 60 pro,Rp2.486.000,5.0,40+ terjual,2486000,40,5.0,6.0,128.0,INFINIX,Mid-Range (2M-5M)
infinix hot 40 pro,PROMO LIVE) INFINIX SMART 20 4/128 & 4/64 GARANSI RESMI,Rp7.269.000,4.6,250+ terjual,7269000,250,4.6,4.0,128.0,INFINIX,Upper Mid (5M-10M)
infinix hot 40 pro,Infinix Smart 20 Ram 4/64GB & 4/128GB Garansi Resmi HD+ 120Hz Smartphone Terbaru,Rp1.950.000,5.0,60+ terjual,1950000,60,5.0,4.0,64.0,INFINIX,Entry-Level (<2M)
infinix hot 40 pro,"Infinix Smart 20 4g Ram Plus 4+4/64GB , 4+4/128GB (IPS LCD 6.78 inci 120 Hz MediaTek Helio G81 Ultimate) Garansi Resmi Indonesia",Rp1.860.000,5.0,40+ terjual,1860000,40,5.0,4.0,64.0,INFINIX,Entry-Level (<2M)
infinix hot 40 pro,infinix hot 9,Rp1.380.000,4.8,40+ terjual,1380000,40,4.8,,,INFINIX,Entry-Level (<2M)
infinix hot 40 pro,( Special Creator ) Infinix Smart 20 4/128 Garansi Resmi New,Rp1.848.000,5.0,80+ terjual,1848000,80,5.0,4.0,128.0,INFINIX,Entry-Level (<2M)
infinix hot 40 pro,"Infinix Hot 50 Pro+ 8/256GB - Gadgetdotco Pink / Grey / Black / Red / Green / Purple, Android 14, Mediatek Helio G100, Layar AMOLED 6.78 inch, Kamera 50 MP, Baterai 5000 mAh - Camera",Rp2.459.000,5.0,30+ terjual,2459000,30,5.0,8.0,256.0,INFINIX,Mid-Range (2M-5M)
infinix hot 40 pro,Termurah! Infinix Zero 30 8/256Gb fullset Bergaransi!,Rp2.300.000,5.0,50+ terjual,2300000,50,5.0,8.0,256.0,INFINIX,Mid-Range (2M-5M)
infinix hot 40 pro,Infinik Hot 11 S NFC 6/128 Garansi resmi,Rp2.358.000,5.0,19 terjual,2358000,19,5.0,6.0,128.0,OTHER,Mid-Range (2M-5M)
infinix hot 40 pro,infinix hot 12 play 4/128gb 128gb,Rp1.960.000,5.0,24 terjual,1960000,24,5.0,4.0,128.0,INFINIX,Entry-Level (<2M)
infinix hot 40 pro,(EXCLUSIVE NABILFITRAH) INFINIX HOT 60I 8/256 GARANSI RESMI,Rp3.126.160,5.0,30+ terjual,3126160,30,5.0,8.0,256.0,INFINIX,Mid-Range (2M-5M)
infinix hot 40 pro,infinix hot 11s 6/128GB fullset mulus second,Rp1.300.000,5.0,30+ terjual,1300000,30,5.0,6.0,128.0,INFINIX,Entry-Level (<2M)
infinix hot 40 pro,INFINIX HOT 50I 6/128 FULLSET SECOND ORIGINAL,Rp1.810.000,4.9,50+ terjual,1810000,50,4.9,6.0,128.0,INFINIX,Entry-Level (<2M)
infinix hot 40 pro,Infinix Zero X Neo 8/128GB Garansi Resmi,Rp1.860.000,4.8,26 terjual,1860000,26,4.8,8.0,128.0,INFINIX,Entry-Level (<2M)
infinix hot 40 pro,Infinix Hot 30 ram 8Gb rom 256Gb Fullset,Rp1.820.000,5.0,60+ terjual,1820000,60,5.0,8.0,,INFINIX,Entry-Level (<2M)
infinix hot 40 pro,{lLIVE PRODUCT} TECNO SPARK 50 4GB/128GB 6GB/128GB 8GB/128GB GARANSI RESMI - SMARTPHONE/PONSEL Bluetooth Camera,Rp2.777.227,4.8,60+ terjual,2777227,60,4.8,4.0,128.0,TECNO,Mid-Range (2M-5M)
infinix hot 40 pro,infinix smart 8 pro ram 8Gb rom 128GB Fullset,Rp1.730.000,4.9,50+ terjual,1730000,50,4.9,8.0,,INFINIX,Entry-Level (<2M)
infinix hot 40 pro,[NEW ARRIVAL] Infinix Hot 60i 8/256GB Mediatek Helio G81 Ultimate GARANSI,Rp2.470.000,5.0,30+ terjual,2470000,30,5.0,8.0,256.0,INFINIX,Mid-Range (2M-5M)
infinix hot 40 pro,infinix Note 40 Pro 8/256GB fullset mulus second,Rp2.600.000,5.0,18 terjual,2600000,18,5.0,8.0,256.0,INFINIX,Mid-Range (2M-5M)
infinix hot 40 pro,INFINIX HOT 9 (4/128GB) GARANSI RESMI,Rp1.910.000,4.9,9 terjual,1910000,9,4.9,4.0,128.0,INFINIX,Entry-Level (<2M)
infinix hot 40 pro,(EXCLUSIVE NABILFITRAH) INFINIX SMART 20 4/128 & 4/64 GARANSI RESMI,Rp1.919.000,4.7,30+ terjual,1919000,30,4.7,4.0,128.0,INFINIX,Entry-Level (<2M)
infinix hot 40 pro,Infinix Hot 9 Play 4/64GB 6000MAH,Rp960.000,4.6,30+ terjual,960000,30,4.6,4.0,64.0,INFINIX,Entry-Level (<2M)
infinix hot 40 pro,infinix smart 20 4/128gb NEW BARU RESMI INFINIX INDONESIA NO REPACK,Rp2.090.000,5.0,13 terjual,2090000,13,5.0,4.0,128.0,INFINIX,Mid-Range (2M-5M)
infinix hot 40 pro,infinix hot 11 play 4/64gb resmi,Rp1.518.000,5.0,23 terjual,1518000,23,5.0,4.0,64.0,INFINIX,Entry-Level (<2M)
infinix note 30,infinix note 30 8/256gb,Rp2.959.900,5.0,50+ terjual,2959900,50,5.0,8.0,256.0,INFINIX,Mid-Range (2M-5M)
infinix note 30,Infinix Note 30 [ 8/256GB] New Segel Garansi Resmi,Rp2.360.000,5.0,20 terjual,2360000,20,5.0,8.0,256.0,INFINIX,Mid-Range (2M-5M)
infinix note 30,"INFINIX NOTE 30 SECOND ,FULL ORIGINAL",Rp1.999.000,5.0,11 terjual,1999000,11,5.0,,,INFINIX,Entry-Level (<2M)
infinix note 30,Infinix Note 30 Seken Mulus Ram 8/256GB,Rp1.710.000,5.0,2 terjual,1710000,2,5.0,8.0,256.0,INFINIX,Entry-Level (<2M)
infinix note 30,infinix note 30 ram 8/256 new promo!!!,Rp1.885.000,5.0,2 terjual,1885000,2,5.0,8.0,256.0,INFINIX,Entry-Level (<2M)
infinix note 30,INSTANT Infinix Note 30/ PRO 8/256  Garansi resmi 1 Tahun,Rp2.173.000,5.0,8 terjual,2173000,8,5.0,8.0,256.0,INFINIX,Mid-Range (2M-5M)
infinix note 30,Infinix Note 30 8/256,Rp2.050.000,5.0,1 terjual,2050000,1,5.0,8.0,256.0,INFINIX,Mid-Range (2M-5M)
infinix note 30,INFINIX NOTE 30 4G 8/256GB NFC NEW GARANSI RESMI,Rp2.209.000,5.0,18 terjual,2209000,18,5.0,8.0,256.0,INFINIX,Mid-Range (2M-5M)
infinix note 30,infinix note 30 8/256 garansi resmi infinix,Rp2.240.000,5.0,4 terjual,2240000,4,5.0,8.0,256.0,INFINIX,Mid-Range (2M-5M)
infinix note 30,infinix note 30 8/256gb Fullset,Rp1.960.000,5.0,1 terjual,1960000,1,5.0,8.0,256.0,INFINIX,Entry-Level (<2M)
infinix note 30,INFINIX NOTE 30 8/256gb FULLSET,Rp2.400.000,3.8,6 terjual,2400000,6,3.8,8.0,256.0,INFINIX,Mid-Range (2M-5M)
infinix note 30,Infinix Smart 20 4/128 4GB Rom Internal 128GB Garansi Resmi,Rp1.764.000,4.9,3rb+ terjual,1764000,3000,4.9,4.0,128.0,INFINIX,Entry-Level (<2M)
infinix note 30,INFINIX HOT 10 PLAY 4/64 GB GARANSI RESMI,Rp1.760.000,5.0,3rb+ terjual,1760000,3000,5.0,4.0,64.0,INFINIX,Entry-Level (<2M)
infinix note 30,Infinix Smart 9 | Infinix Smart 10 [4/64 GB] [4/128 GB] Garansi Resmi Infinix Indonesia,Rp1.889.000,4.9,2rb+ terjual,1889000,2000,4.9,4.0,64.0,INFINIX,Entry-Level (<2M)
infinix note 30,Infinix Smart 20 4/64 4/128 GB 4GB 64GB 128GB HP Gaming Smartphone Android,Rp1.878.000,5.0,1rb+ terjual,1878000,1000,5.0,4.0,64.0,INFINIX,Entry-Level (<2M)
infinix note 30,Infinix Smart 20 4/64 4/128 RAM 4GB ROM 64GB 128GB HP Android Garansi Resmi,Rp1.882.000,5.0,1rb+ terjual,1882000,1000,5.0,4.0,64.0,INFINIX,Entry-Level (<2M)
infinix note 30,Infinix Hot 70 [6GB+128GB] [6GB+256GB] [8GB+128GB] - Display Type 6.78 inches - Helio G100 Ultimate - Camera 50MP - 6000mAh + 45W Fast Charge - Garansi resmi 1 Tahun,Rp2.509.000,5.0,1rb+ terjual,2509000,1000,5.0,,,INFINIX,Mid-Range (2M-5M)
infinix note 30,Infinix Smart 10 | Smart 20 4GB/128GB) (4GB 64GB) Garansi Resmi,Rp1.830.693,5.0,250+ terjual,1830693,250,5.0,4.0,128.0,INFINIX,Entry-Level (<2M)
infinix note 30,"Infinix Smart 20 LTE 4/128GB & 4/64GB Garansi Resmi Indonesia Mediatek Helio G81 Ultimate 6.78 Inch IPS LCD 120Hz 5200mAh - Kartu, Led",Rp1.799.000,5.0,500+ terjual,1799000,500,5.0,4.0,128.0,INFINIX,Entry-Level (<2M)
infinix note 30,New Infinix Hot 30 NFC 8+8/128 GB Garansi Resmi 2023 30i note pro 5g,Rp2.059.000,5.0,100+ terjual,2059000,100,5.0,8.0,128.0,INFINIX,Mid-Range (2M-5M)
infinix note 30,[ TP ] INFINIX SMART 20 ( 4GB/64GB ) GARANSI RESMI,Rp1.849.000,5.0,500+ terjual,1849000,500,5.0,4.0,64.0,INFINIX,Entry-Level (<2M)
infinix note 30,"Infinix Smart 20 [4/64GB] [4/128GB] | Mediatek Helio G81 Ultimate | 6.78"" IPS LCD 120Hz | 5200 mAh | Garansi Resmi",Rp1.663.763,5.0,500+ terjual,1663763,500,5.0,4.0,64.0,INFINIX,Entry-Level (<2M)
infinix note 30,infinix smart 20 4GB+64GB - 4GB+128GB Display Size 6.78 inches GARANSI RESMI INDONESIA,Rp1.654.369,5.0,500+ terjual,1654369,500,5.0,,,INFINIX,Entry-Level (<2M)
infinix note 30,Infinix Smart 20 4GB 128GB 64GB Garansi Resmi,Rp1.659.513,4.9,500+ terjual,1659513,500,4.9,,,INFINIX,Entry-Level (<2M)
infinix note 30,Infinix Hot 10 Play - 4/64 GB - Garansi Resmi,Rp1.550.000,5.0,750+ terjual,1550000,750,5.0,4.0,64.0,INFINIX,Entry-Level (<2M)
infinix note 30,Realme Note 80 [4/64 GB] [4/128 GB] Garansi Resmi Indonesia,Rp1.849.000,4.9,500+ terjual,1849000,500,4.9,4.0,64.0,REALME,Entry-Level (<2M)
infinix note 30,[ TP ] INFINIX SMART 20 ( 4/128GB ) GARANSI RESMI,Rp1.799.000,5.0,250+ terjual,1799000,250,5.0,4.0,128.0,INFINIX,Entry-Level (<2M)
infinix note 30,Realme Note 80 4/64GB 4/128GB,Rp1.879.000,4.9,250+ terjual,1879000,250,4.9,4.0,64.0,REALME,Entry-Level (<2M)
infinix note 30,"INFINIX SMART 20 [4GB+128GB] - Prosesor MediaTek Helio G81 Ultimate, 6.78 inch 120Hz HD+, 5200 mAh, NFC GARANSI RESMI",Rp1.892.368,5.0,100+ terjual,1892368,100,5.0,,,INFINIX,Entry-Level (<2M)
infinix note 30,Infinix Smart 6 2/32 Garansi Resmi,Rp1.155.000,5.0,1rb+ terjual,1155000,1000,5.0,,32.0,INFINIX,Entry-Level (<2M)
infinix note 30,TP [ NEW LAUNCH ] INFINIX SMART 20 4GB 128GB GARANSI RESMI,Rp1.839.000,5.0,250+ terjual,1839000,250,5.0,,,INFINIX,Entry-Level (<2M)
infinix note 30,INFINIX SMART 10 4/128GB SMART 20 - ORIGINAL GARANSI RESMI,Rp1.820.693,5.0,250+ terjual,1820693,250,5.0,4.0,128.0,INFINIX,Entry-Level (<2M)
infinix note 30,Infinix Xpad 30E LTE [4/128 GB] Garansi Resmi Infinix Indonesia,Rp2.699.000,5.0,250+ terjual,2699000,250,5.0,4.0,128.0,INFINIX,Mid-Range (2M-5M)
infinix note 30,Infinix Smart 20 4/64GB | 4/128GB Garansi Resmi INdonesia,Rp1.947.000,4.9,100+ terjual,1947000,100,4.9,4.0,64.0,INFINIX,Entry-Level (<2M)
infinix note 30,infinix hot 30i 8/128 garansi resmi,Rp1.959.000,5.0,100+ terjual,1959000,100,5.0,8.0,128.0,INFINIX,Entry-Level (<2M)
infinix note 30,(EXCLUSIVE WENNY_WIJAYA) INFINIX SMART 20 4/128 & 4/64 GARANSI RESMI,Rp1.918.000,4.8,100+ terjual,1918000,100,4.8,4.0,128.0,INFINIX,Entry-Level (<2M)
infinix note 30,[ Flash Sale ] Infinix Smart 20 64GB 128GB [ Ram 4GB ] Garansi Resmi Indonesia Black Blue Titatium Orange,Rp1.782.899,5.0,100+ terjual,1782899,100,5.0,4.0,64.0,INFINIX,Entry-Level (<2M)
infinix note 30,[ SPECIAL PROMO ] Infinix Smart 20 4G LTE 4/64GB | 4/128GB MediaTek Helio G81 Garansi Resmi,Rp1.784.000,5.0,60+ terjual,1784000,60,5.0,4.0,64.0,INFINIX,Entry-Level (<2M)
infinix note 30,Infinix Hot 10 Play 4/64GB Resmi,Rp1.620.000,5.0,100+ terjual,1620000,100,5.0,4.0,64.0,INFINIX,Entry-Level (<2M)
infinix note 30,Infinix Smart 20 4/128GB 4/64GB Garansi Resmi Infinix - HANDPHONE PONSEL ANDROID,Rp1.859.000,5.0,100+ terjual,1859000,100,5.0,4.0,128.0,INFINIX,Entry-Level (<2M)
infinix note 30,Infinix Hot 30i 8/128 GB Garansi,Rp1.700.000,5.0,80+ terjual,1700000,80,5.0,8.0,128.0,INFINIX,Entry-Level (<2M)
infinix note 30,infinix hot 11 play 4/64,Rp1.509.000,4.9,50+ terjual,1509000,50,4.9,4.0,64.0,INFINIX,Entry-Level (<2M)
infinix note 30,Infinix Hot 30 [ 8/128GB ] New Segel No repack,Rp2.160.000,5.0,10 terjual,2160000,10,5.0,8.0,128.0,INFINIX,Mid-Range (2M-5M)
infinix note 30,[ LIVE SPESIAL ] INFINIX NOTE EDGE 5G 8/256 NEW GARANSI RESMI,Rp3.958.416,4.9,40+ terjual,3958416,40,4.9,8.0,256.0,INFINIX,Mid-Range (2M-5M)
infinix note 30,hp infinix Note 8 6/64GB fullset net layar baret,Rp1.410.000,4.9,29 terjual,1410000,29,4.9,6.0,64.0,INFINIX,Entry-Level (<2M)
infinix note 30,Infinix Note 40 8/256GB - Up to 16GB Extended RAM - Helio G99 - 6.78”,Rp2.550.000,5.0,28 terjual,2550000,28,5.0,8.0,256.0,INFINIX,Mid-Range (2M-5M)
infinix note 30,Infinix Note 40 8/256GB - Up to 16GB Extended RAM - Helio G99 - 6.78”,Rp2.450.000,5.0,26 terjual,2450000,26,5.0,8.0,256.0,INFINIX,Mid-Range (2M-5M)
infinix note 40,Infinix note 40 ram 8 rom 256,Rp2.060.000,5.0,3 terjual,2060000,3,5.0,8.0,256.0,INFINIX,Mid-Range (2M-5M)
infinix note 40,hp Infinix note 40 second,Rp2.160.000,5.0,3 terjual,2160000,3,5.0,,,INFINIX,Mid-Range (2M-5M)
infinix note 40,Infinix Note 40 Ram 8/256 GB,Rp2.710.000,5.0,14 terjual,2710000,14,5.0,8.0,256.0,INFINIX,Mid-Range (2M-5M)
infinix note 40,Infinix Note 40 BMW Edition,Rp2.309.000,5.0,3 terjual,2309000,3,5.0,,,INFINIX,Mid-Range (2M-5M)
infinix note 40,(Pesanan khusus) Infinix Note 40 8/256,Rp2.500.000,5.0,2 terjual,2500000,2,5.0,8.0,256.0,INFINIX,Mid-Range (2M-5M)
infinix note 40,TERMURAH... (Infinix Note 40 8/256 GB Garansi) - Gold,Rp2.610.000,4.3,16 terjual,2610000,16,4.3,8.0,256.0,INFINIX,Mid-Range (2M-5M)
infinix note 40,[ TERMURAH ] Infinix Note 40 8/256GB GARANSI MediaTek Helio G99 Ultimate,Rp2.435.000,4.5,19 terjual,2435000,19,4.5,8.0,256.0,INFINIX,Mid-Range (2M-5M)
infinix note 40,New Promo... (Infinix Note 40 8/256 GB SECOND,Rp2.730.000,3.0,10 terjual,2730000,10,3.0,8.0,256.0,INFINIX,Mid-Range (2M-5M)
infinix note 40,Infinix Note Edge 5G [8/128 GB] [8/256 GB] Garansi Resmi Infinix Indonesia,Rp3.949.000,4.9,1rb+ terjual,3949000,1000,4.9,8.0,128.0,INFINIX,Mid-Range (2M-5M)
infinix note 40,[BNIB] realme Note 80 4GB+8GB|64GB / 4GB+12GB|128GB Garansi Resmi 18 Bulan FREE BONUS (Desain Tangguh | 6300mAh Baterai | Proteksi ArmorShell | Jaminan Lancar Hingga 48-bulan | IP54 Layar Luas | HP tahan banting | Anti Lemot),Rp1.848.998,4.9,1rb+ terjual,1848998,1000,4.9,,,REALME,Entry-Level (<2M)
infinix note 40,Infinix Smart 20 4/64 4/128 GB RAM 4GB ROM 64GB 128GB Original Smartphone,Rp1.868.000,5.0,250+ terjual,1868000,250,5.0,4.0,64.0,INFINIX,Entry-Level (<2M)
infinix note 40,Infinix Smart 20 [4/64GB] [4/128GB] - Up to 8GB Extended RAM - Mediatek Helio G81 - 6.78” - 8MP - 5200 mAh - IP64,Rp1.859.000,5.0,250+ terjual,1859000,250,5.0,4.0,64.0,INFINIX,Entry-Level (<2M)
infinix note 40,(PROMO LIVE) INFINIX NOTE EDGE 5G 8/256 & 8/128 GARANSI RESMI,Rp3.693.926,5.0,100+ terjual,3693926,100,5.0,8.0,256.0,INFINIX,Mid-Range (2M-5M)
infinix note 40,Tecno Spark 40 Pro Plus [8/128 GB] [8/256 GB] Garansi Resmi Tecno Indonesia,Rp3.899.000,5.0,100+ terjual,3899000,100,5.0,8.0,128.0,TECNO,Mid-Range (2M-5M)
infinix note 40,realme Note 80 4+64GB/4+128GB 6300mAh+15W Garansi Resmi 1 Tahun Hp Terbaru 2026 Ori Layar Led Kaca,Rp1.774.767,4.8,100+ terjual,1774767,100,4.8,4.0,64.0,REALME,Entry-Level (<2M)
infinix note 40,Infinix Note Edge 5G+ 8/256GB - Up to 16GB Extended RAM - Dimensity 7100 5G - 6.78” 3D Curved Amoled - 50MP - 6500 mAh - NFC,Rp4.199.000,4.9,90+ terjual,4199000,90,4.9,8.0,256.0,INFINIX,Mid-Range (2M-5M)
infinix note 40,Infinix Note Edge 5G+ 8/256 GB AMOLED Curved Display - Dimensity 7100 - 50MP Live foto - 6500mAh,Rp4.137.990,4.9,100+ terjual,4137990,100,4.9,8.0,256.0,INFINIX,Mid-Range (2M-5M)
infinix note 40,"{PRODUCT LIVE}NUBIA V80 MAX RAM 8GB+8GB ROM 128 GB Smartphone Layar 6.9"" HD 120Hz, Baterai 6000mAh Fast Charging GPS Turbo",Rp2.021.495,4.9,80+ terjual,2021495,80,4.9,8.0,,OTHER,Mid-Range (2M-5M)
infinix note 40,[NEW] Infinix HOT 70 6/256 | 8/128 | 6/128 | 4/128 GB NFC - Helio G100 - 6000mAh 45W FastCharge - Garansi Resmi,Rp2.547.990,5.0,40+ terjual,2547990,40,5.0,6.0,256.0,INFINIX,Mid-Range (2M-5M)
infinix gt 20 pro,Infinix GT 20 PRO 5G 8/256 GB (+8GB Extended RAM) GARANSI SECOND,Rp3.710.000,4.9,29 terjual,3710000,29,4.9,8.0,256.0,INFINIX,Mid-Range (2M-5M)
infinix gt 20 pro,Infinix GT 20 Pro 5G 12/256GB 8/256GB Gaming Smartphone,Rp3.735.000,4.5,30+ terjual,3735000,30,4.5,12.0,256.0,INFINIX,Mid-Range (2M-5M)
infinix gt 20 pro,Infinix GT 20 Pro 5G (12/256GB + 8/256GB) - Up to 24GB Extended RAM,Rp3.410.000,5.0,13 terjual,3410000,13,5.0,12.0,256.0,INFINIX,Mid-Range (2M-5M)
infinix gt 20 pro,INFINIX GT 20 PRO 5G 12/256 BERGARANSI SECOND,Rp3.610.000,3.3,5 terjual,3610000,5,3.3,12.0,256.0,INFINIX,Mid-Range (2M-5M)
infinix gt 20 pro,Infinix note 60 Pro 5G [8/256 GB] [12/256 GB] - Snapdragon 7s Gen 4 - Garansi Resmi Indonesia,Rp5.232.711,5.0,1rb+ terjual,5232711,1000,5.0,8.0,256.0,INFINIX,Upper Mid (5M-10M)
infinix gt 20 pro,[CO] INFINIX SMART 20 4GB 128GB 4GB 64GB,Rp4.999.000,4.9,1rb+ terjual,4999000,1000,4.9,,,INFINIX,Mid-Range (2M-5M)
infinix gt 20 pro,Infinix Xpad 20 Pro [8/256 GB] Garansi Resmi Infinix Indonesia,Rp4.199.000,5.0,500+ terjual,4199000,500,5.0,8.0,256.0,INFINIX,Mid-Range (2M-5M)
infinix gt 20 pro,[ Mega Deals ] Nubia Neo 3 GT 5G 8/256GB Garansi Resmi - Nubia Neo 3 Gaming Phone -  Air Trigger - [Digitech MallxCreator],Rp4.244.083,5.0,500+ terjual,4244083,500,5.0,8.0,256.0,OTHER,Mid-Range (2M-5M)
infinix gt 20 pro,[HARGA AMBYAR] Infinix Note Edge 5G+ 8/256GB - Up to 16GB Extended RAM - Dimensity 7100 5G - 6.78” 3D Curved Amoled - 50MP - 6500 mAh - NFC,Rp3.899.000,4.9,100+ terjual,3899000,100,4.9,8.0,256.0,INFINIX,Mid-Range (2M-5M)
infinix gt 20 pro,"Infinix XPAD 20 Pro 8/128GB - Mediatek G100 Ultimate - 12"" 2K 90Hz - 8000 mAh - 4G LTE",Rp3.469.000,4.9,100+ terjual,3469000,100,4.9,8.0,128.0,INFINIX,Mid-Range (2M-5M)
infinix gt 20 pro,NEW Infinix Smart 20 4/64GB 4/128GB ORIGINAL Garansi Resmi,Rp1.764.393,4.9,100+ terjual,1764393,100,4.9,4.0,64.0,INFINIX,Entry-Level (<2M)
infinix gt 20 pro,"Infinix XPAD 20 Pro 8/128GB - Mediatek G100 Ultimate - 12"" 2K 90Hz - 8000 mAh - 4G LTE",Rp3.769.000,4.9,100+ terjual,3769000,100,4.9,8.0,128.0,INFINIX,Mid-Range (2M-5M)
infinix gt 20 pro,[SPECIAL CREATOR]  ZTE NUBIA NEO 5 GT 5G 8/256 GB 12/256 GB GARANSI RESMI,Rp5.225.000,5.0,50+ terjual,5225000,50,5.0,8.0,256.0,OTHER,Upper Mid (5M-10M)
infinix gt 20 pro,(DGC) INFINIX SMART 20 4/64 GB 4/128 GB RESMI,Rp1.925.000,5.0,30+ terjual,1925000,30,5.0,4.0,64.0,INFINIX,Entry-Level (<2M)
infinix gt 20 pro,ZTE Nubia Neo 5 GT 5G 8/256 12/256 - Garansi Resmi 1 Tahun - not neo 3 neo 3 gt,Rp3.820.000,5.0,25 terjual,3820000,25,5.0,8.0,256.0,OTHER,Mid-Range (2M-5M)
infinix gt 20 pro,(Kreator) Infinix GT Series Garansi Resmi Infinix Indonesia infinix.official.idn,Rp6.851.000,5.0,60+ terjual,6851000,60,5.0,,,INFINIX,Upper Mid (5M-10M)
infinix gt 20 pro,Infinix GT 30 Pro 5G 8/256GB 12/512GB Garansi Resmi,Rp4.610.000,4.8,100+ terjual,4610000,100,4.8,8.0,256.0,INFINIX,Mid-Range (2M-5M)
infinix gt 20 pro,[ STARCELL ] INFINIX SMART 20 4GB/64GB | 4GB/128GB | Display Size 6.78 inches | Mediatek Helio G81 Ultimate | 5200mAh | Garansi Resmi 1 tahun,Rp1.949.000,4.9,80+ terjual,1949000,80,4.9,4.0,64.0,INFINIX,Entry-Level (<2M)
infinix gt 20 pro,Infinix Smart 20 | MediaTek Helio G81 Ultimate | 4GB 128GB | 6.78 inci IPS LCD IP64 | Baterai 5200 mAh | Garansi Resmi,Rp1.989.000,5.0,40+ terjual,1989000,40,5.0,,,INFINIX,Entry-Level (<2M)
infinix gt 20 pro,ITEL S26 ULTRA [8GB 128GB] [8GB 128GB] Garansi Resmi AF,Rp2.816.890,5.0,50+ terjual,2816890,50,5.0,,,ITEL,Mid-Range (2M-5M)
infinix gt 20 pro,Infinix Hot 20 5G 4/128 Garansi Resmi DIMENSITY 810 + 3GB RAM + NFC,Rp2.999.000,5.0,30+ terjual,2999000,30,5.0,4.0,128.0,INFINIX,Mid-Range (2M-5M)
infinix gt 20 pro,OPPO RENO 8 PRO 5G 12/256 RENO8 PRO 5G 12/256 GARANSI RESMI INDONESIA,Rp9.959.000,4.9,23 terjual,9959000,23,4.9,12.0,256.0,OPPO,Upper Mid (5M-10M)
infinix gt 20 pro,[ LIVE SPESIAL } INFINIX NOTE EDGE 5G 8/256 NEW GARANSI RESMI,Rp3.990.655,4.7,80+ terjual,3990655,80,4.7,8.0,256.0,INFINIX,Mid-Range (2M-5M)
infinix gt 20 pro,Infinix GT 30 Pro 12/512GB - Produk Resmi Indonesia,Rp3.685.000,5.0,30+ terjual,3685000,30,5.0,12.0,512.0,INFINIX,Mid-Range (2M-5M)
infinix gt 20 pro,(DCG) ZTE NUBIA NEO 3 GT 5G 12/256 GB RESMI,Rp4.225.000,5.0,16 terjual,4225000,16,5.0,12.0,256.0,OTHER,Mid-Range (2M-5M)
infinix gt 20 pro,[ LIVE SPESIAL ] INFINIX NOTE EDGE 5G 8/256 NEW GARANSI RESMI,Rp3.736.449,4.9,40+ terjual,3736449,40,4.9,8.0,256.0,INFINIX,Mid-Range (2M-5M)
infinix gt 20 pro,[PROMO KK] Infinix Note EDGE 5G 8/256GB Garansi Resmi Indonesia,Rp3.762.780,5.0,28 terjual,3762780,28,5.0,8.0,256.0,INFINIX,Mid-Range (2M-5M)
infinix gt 20 pro,Infinix GT 10 Pro 5G 8/256Gb Fullset Bergaransi,Rp2.459.000,4.5,50+ terjual,2459000,50,4.5,8.0,256.0,INFINIX,Mid-Range (2M-5M)
infinix gt 20 pro,[LIVE PRODUCT] NUBIA NEO 5 5G 8+12GB/256GB GARANSI RESMI - SMARTPHONE/PONSEL GAMING,Rp3.433.644,4.9,20 terjual,3433644,20,4.9,8.0,256.0,OTHER,Mid-Range (2M-5M)
infinix gt 20 pro,[CO] INFINIX XPAD 20 PRO 8GB 256GB Garansi Resmi,Rp3.958.885,5.0,13 terjual,3958885,13,5.0,,,INFINIX,Mid-Range (2M-5M)
tecno spark 20,tecno spark 20 NFC 8/256gb fullset ori second like new,Rp1.910.000,5.0,1 terjual,1910000,1,5.0,8.0,256.0,TECNO,Entry-Level (<2M)
tecno spark 20,tecno spark 20 8/256gb original garansi resmi,Rp1.810.000,5.0,1 terjual,1810000,1,5.0,8.0,256.0,TECNO,Entry-Level (<2M)
tecno spark 20,ZTE Nubia V80 Max [8/128 GB] Garansi Resmi Indonesia,Rp2.226.733,5.0,3rb+ terjual,2226733,3000,5.0,8.0,128.0,OTHER,Mid-Range (2M-5M)
tecno spark 20,"TECNO Spark Go2 [3/64GB] [4/64GB] [4/128GB] - IP64, 120Hz - 5000mAh, 18W - Spark Go 2 GARANSI RESMI",Rp1.867.900,5.0,1rb+ terjual,1867900,1000,5.0,3.0,64.0,TECNO,Entry-Level (<2M)
tecno spark 20,"TECNO SPARK GO 3 RAM 4/64GB & 4/128GB ( 6.74 inches IPS LCD, 120Hz 13 MP ) GARANSI RESMI INDONESIA",Rp1.889.900,4.9,2rb+ terjual,1889900,2000,4.9,4.0,64.0,TECNO,Entry-Level (<2M)
tecno spark 20,[Exclusive Creator] Tecno Spark Go 3 ( Go 3 ) 4/64GB 4/128GB,Rp1.890.000,5.0,750+ terjual,1890000,750,5.0,4.0,64.0,TECNO,Entry-Level (<2M)
tecno spark 20,[LIVE PRODUCT] ZTE NUBIA A36 4GB/64 GARANSI RESMI - SMARTPHONE/PONSEL,Rp1.811.782,4.9,1rb+ terjual,1811782,1000,4.9,4.0,64.0,OTHER,Entry-Level (<2M)
tecno spark 20,Tecno Spark Go 3 4/64GB 4/128GB,Rp1.814.000,4.9,1rb+ terjual,1814000,1000,4.9,4.0,64.0,TECNO,Entry-Level (<2M)
tecno spark 20,Tecno Spark 50 4/128GB 6/128GB 8/128GB,Rp2.440.000,5.0,750+ terjual,2440000,750,5.0,4.0,128.0,TECNO,Mid-Range (2M-5M)
tecno spark 20,Tecno Spark Go 3 Go3 ( 4/128 4/64 ) Garansi Resmi Tam,Rp1.768.000,4.9,2rb+ terjual,1768000,2000,4.9,4.0,128.0,TECNO,Entry-Level (<2M)
tecno spark 20,"Handphone nubia A36 ROM 64GB RAM 12GB (4+8GB) Smartphone Kamera AI 13MP Layar 6.75"" 90Hz, Baterai 5000mAh Fast Charging",Rp1.818.000,4.9,250+ terjual,1818000,250,4.9,,64.0,OTHER,Entry-Level (<2M)
tecno spark 20,Realme C85 NFC [6/128 GB] [8/256 GB] Garansi Resmi Indonesia,Rp3.449.000,4.9,500+ terjual,3449000,500,4.9,6.0,128.0,REALME,Mid-Range (2M-5M)
tecno spark 20,( Special Creator ) Tecno Spark Go 3 Go3 ( 4/64 4/128 ) Garansi Resmi Tecno,Rp1.788.000,4.9,500+ terjual,1788000,500,4.9,4.0,64.0,TECNO,Entry-Level (<2M)
tecno spark 20,(Product Live) ZTE NUBIA A36 (4+8)GB/64GB Smartphone Kamera AI 13MP Garansi Resmi Nasional,Rp1.769.000,4.9,250+ terjual,1769000,250,4.9,,64.0,OTHER,Entry-Level (<2M)
tecno spark 20,Tecno Spark Go 3 [4/64 GB] [4/128 GB] Garansi Resmi Tecno Indonesia,Rp1.728.038,5.0,250+ terjual,1728038,250,5.0,4.0,64.0,TECNO,Entry-Level (<2M)
tecno spark 20,Tecno Spark 50 [4/128 GB] [6/128 GB] [8/128 GB] Garansi Resmi Indonesia,Rp2.599.000,5.0,250+ terjual,2599000,250,5.0,4.0,128.0,TECNO,Mid-Range (2M-5M)
tecno spark 20,[Creator] Tecno Spark 50 4/128GB 6/128GB 8/128GB,Rp2.515.000,5.0,100+ terjual,2515000,100,5.0,4.0,128.0,TECNO,Mid-Range (2M-5M)
tecno spark 20,vivo y20 2021 4 64 resmi,Rp1.710.000,4.9,100+ terjual,1710000,100,4.9,,,VIVO,Entry-Level (<2M)
tecno spark 20,(SPECIAL CREATOR) TECNO SPARK GO 3 4/64 GB 4/128 GB GARANSI RESMI,Rp1.920.000,5.0,50+ terjual,1920000,50,5.0,4.0,64.0,TECNO,Entry-Level (<2M)
tecno spark 20,(DCG) TECNO SPARK 50 4/128 GB 6/128 GB 8/256 GB Garansi Resmi,Rp2.660.000,5.0,70+ terjual,2660000,70,5.0,4.0,128.0,TECNO,Mid-Range (2M-5M)
tecno spark 20,"ZTE Nubia V80 MAX RAM 8+8/128GB Smartphone dengan Baterai 6000mAh dan Layar 6.9"" LCD 120Hz",Rp2.355.446,5.0,100+ terjual,2355446,100,5.0,8.0,128.0,OTHER,Mid-Range (2M-5M)
tecno spark 20,"[Afdhal Yusman] TECNO SPARK Go 3 4GB+4GB*/64GB, IP64, 6.75"" HD+, 120Hz Smooth Display, 5000mAh, 15W* Charging, TECNO AI - sparkgo3",Rp1.999.000,4.8,100+ terjual,1999000,100,4.8,,,TECNO,Entry-Level (<2M)
tecno spark 20,[ Exclusive PENTY X ITEL] Itel A100Cs 4GB/64GB - Durabilitas Militer - Ultra-Link Bluetooth,Rp1.719.000,5.0,100+ terjual,1719000,100,5.0,4.0,64.0,ITEL,Entry-Level (<2M)
tecno spark 20,"TECNO SPARK Go 3 4GB+4GB*/64GB 4GB+4GB*/128GB, IP64, 6.75"" HD+, 120Hz Smooth Display, 5000mAh, 15W* Charging, TECNO AI",Rp1.872.000,5.0,70+ terjual,1872000,70,5.0,,,TECNO,Entry-Level (<2M)
tecno spark 20,"[Arzanka Maliq] TECNO SPARK Go 3 4GB+4GB*/64GB, IP64, 6.75"" HD+, 120Hz Smooth Display, 5000mAh, 15W* Charging, TECNO AI - sparkgo3",Rp1.999.000,5.0,100+ terjual,1999000,100,5.0,,,TECNO,Entry-Level (<2M)
tecno spark 20,"[Andriyadi] TECNO SPARK Go 3 4GB+4GB*/128GB, IP64, 6.75"" HD+, 120Hz Smooth Display, 5000mAh, 15W* Charging, TECNO AI - sparkgo3",Rp2.199.000,5.0,90+ terjual,2199000,90,5.0,,,TECNO,Mid-Range (2M-5M)
tecno spark 20,Tecno Spark Go 3 3/64GB 4/128GB Garansi Resmi Indonesia,Rp1.916.000,4.9,100+ terjual,1916000,100,4.9,3.0,64.0,TECNO,Entry-Level (<2M)
tecno spark 20,[EXCLUSIVE Toni_cu] Itel A100CS 3+5GB RAM / 64GB ROM - 4+8GB RAM / 64GB ROM - Military Grade Durability,Rp1.539.000,4.8,100+ terjual,1539000,100,4.8,,,ITEL,Entry-Level (<2M)
tecno spark 20,"kepogejet [SUPERZOOM FLASHSNAP] TECNO CAMON 50 8GB+8GB*/128GB, 50MP Sony + 8MP Ultra Wide, 32MP Front Camera, 1.5K 144Hz AMOLED, Mediatek Helio G200 Ultimate , IP69K, 45W Ultra Charging, camon50",Rp4.099.000,4.9,90+ terjual,4099000,90,4.9,,,TECNO,Mid-Range (2M-5M)
tecno spark 20,"[PROMO BUNDLE] TECNO Spark 50 & Watch 3 Active - Handphone, Smartphone, HP Android, Smart watch",Rp2.847.999,5.0,70+ terjual,2847999,70,5.0,,,TECNO,Mid-Range (2M-5M)
tecno spark 20,TECNO SPARK GO 3 RAM [4/64GB] [4/128GB] GARANSI RESMI INDONESIA,Rp1.830.000,5.0,50+ terjual,1830000,50,5.0,4.0,64.0,TECNO,Entry-Level (<2M)
tecno spark 20,"VIVO T1 5G -RAM 4/128,8/128&8/256- FULLSET & BATANGAN - SECOND GRADE A",Rp1.410.000,4.8,40+ terjual,1410000,40,4.8,4.0,128.0,VIVO,Entry-Level (<2M)
tecno spark 20,"[Muchazir] TECNO SPARK Go 3 4GB+4GB*/64GB, IP64, 6.75"" HD+, 120Hz Smooth Display, 5000mAh, 15W* Charging, TECNO AI - sparkgo3",Rp1.999.000,5.0,70+ terjual,1999000,70,5.0,,,TECNO,Entry-Level (<2M)
tecno pova 6,Tecno Pova 6 8/256 gb bergaransi,Rp2.405.000,4.4,30+ terjual,2405000,30,4.4,8.0,256.0,TECNO,Mid-Range (2M-5M)
tecno pova 6,Tecno Pova 6 Ram 8GB Rom 256GB Segel Original,Rp2.560.000,5.0,9 terjual,2560000,9,5.0,8.0,,TECNO,Mid-Range (2M-5M)
tecno pova 6,"[NEW LAUNCH] vivo Y11d - 6500mAh + 44W FlashCharge, Tahan Banting Ekstrem, Tahan Hujan IP65, 50MP Kamera Utama, Layar 120Hz Ultra Terang",Rp2.399.000,5.0,250+ terjual,2399000,250,5.0,,,VIVO,Mid-Range (2M-5M)
tecno pova 6,[LIVE PRODUCT] ZTE NUBIA A36 4+8GB/64GB 100% ORIGINAL & GARANSI RESMI - SMARTPHONE/PONSEL,Rp1.811.782,4.9,100+ terjual,1811782,100,4.9,4.0,64.0,OTHER,Entry-Level (<2M)
tecno pova 6,[BISA COD] Realme C85 6GB/128GB 8/128GB 8/256GB Garansi Resmi,Rp3.660.000,4.9,100+ terjual,3660000,100,4.9,6.0,128.0,REALME,Mid-Range (2M-5M)
tecno pova 6,Infinix Hot 70 8/128GB 6/256GB 6/128GB 4/128GB - Smartphone ponsel android garansi resmi,Rp2.567.000,4.8,250+ terjual,2567000,250,4.8,8.0,128.0,INFINIX,Mid-Range (2M-5M)
tecno pova 6,[Exclusive Creator] Tecno Pova 8 ( Pova8 ) 5G 6/128GB 8/128GB 8/256GB Garansi Resmi Tecno Indonesia,Rp4.020.000,4.9,50+ terjual,4020000,50,4.9,6.0,128.0,TECNO,Mid-Range (2M-5M)
tecno pova 6,Tecno Spark 30C 6/128GB - White,Rp2.960.000,5.0,30+ terjual,2960000,30,5.0,6.0,128.0,TECNO,Mid-Range (2M-5M)
tecno pova 6,I phone 6 second kondisi masih mulus,Rp1.000.000,5.0,26 terjual,1000000,26,5.0,,,OTHER,Entry-Level (<2M)
tecno pova 6,(SPECIAL CREATOR) TECNO SPARK 50 4/128 GB 6/128 GB 8/256 GB Garansi Resmi,Rp2.690.000,5.0,30+ terjual,2690000,30,5.0,4.0,128.0,TECNO,Mid-Range (2M-5M)
tecno pova 6,[NEW] OPPO A6c 4/64GB 4/128GB  (4GB+4GB Extended RAM) Garansi Resmi HP Android Murah Terbaru 2026,Rp2.331.567,5.0,30+ terjual,2331567,30,5.0,4.0,64.0,OPPO,Mid-Range (2M-5M)
tecno pova 6,"[BEST DEAL] Tecno Spark 50 NFC RAM 4/128GB, 6/128GB. 8/128GB 50MP AI Camera + FlashSnap, 120Hz 6.78""  Garansi Resmi Indonesia",Rp2.599.900,4.9,40+ terjual,2599900,40,4.9,4.0,128.0,TECNO,Mid-Range (2M-5M)
tecno pova 6,{lLIVE PRODUCT} TECNO SPARK 50 4GB/128GB 6GB/128GB 8GB/128GB GARANSI RESMI - SMARTPHONE/PONSEL Bluetooth Camera,Rp2.621.495,4.8,60+ terjual,2621495,60,4.8,4.0,128.0,TECNO,Mid-Range (2M-5M)
tecno pova 6,[LIVE PRODUCT]NUBIA V80 MAX 8+8GB/128GB NFC GARANSI RESMI - SMARTPHONE/PONSEL Bluetooth Kamera,Rp2.163.000,4.8,27 terjual,2163000,27,4.8,8.0,128.0,OTHER,Mid-Range (2M-5M)
itel s23,New ITEL S23 4G 90HZ 50MP 8/128 8+8/256 Plus S23+ hot 30i 12c 5g NFC,Rp1.459.000,5.0,10 terjual,1459000,10,5.0,8.0,128.0,ITEL,Entry-Level (<2M)
itel s23,Itel S23 8+8/128GB Garansi Resmi Itel Indonesia / SEGEL,Rp1.559.000,5.0,28 terjual,1559000,28,5.0,8.0,128.0,ITEL,Entry-Level (<2M)
itel s23,Itel S23 8/128Gb & 8/256Gb Garansi Resmi,Rp1.700.000,5.0,11 terjual,1700000,11,5.0,8.0,128.0,ITEL,Entry-Level (<2M)
itel s23,itel s23 8/128gb + BONUS,Rp1.367.000,5.0,1 terjual,1367000,1,5.0,8.0,128.0,ITEL,Entry-Level (<2M)
itel s23,[ TP ] ITEL A100CS ( 3/64GB ) GARANSI RESMI,Rp1.469.000,5.0,2rb+ terjual,1469000,2000,5.0,3.0,64.0,ITEL,Entry-Level (<2M)
itel s23,Oppo a3s 2/16 garansi resmi,Rp1.435.000,4.9,250+ terjual,1435000,250,4.9,,,OPPO,Entry-Level (<2M)
itel s23,"ITEL A100CS NEW DESIGN | UNISOC T7100 | 3GB 64GB | 6.6""IPS, 90Hz | 5000 mAh,15W | 8MP | Garansi Resmi Indonesia - Murah Dan Terpecaya",Rp1.508.000,5.0,250+ terjual,1508000,250,5.0,,,ITEL,Entry-Level (<2M)
itel s23,ZTE NUBIA A36 (4+8)GB/64GB 100% ORIGINAL GARANSI RESMI - SMARTPHONE/PONSEL,Rp1.830.000,4.9,250+ terjual,1830000,250,4.9,,64.0,OTHER,Entry-Level (<2M)
itel s23,[EXCLUSIVE MR BRAM] ZTE NUBIA A36 4GB/64 GARANSI RESMI - SMARTPHONE/PONSEL Layar Kamera,Rp1.811.782,4.9,250+ terjual,1811782,250,4.9,4.0,64.0,OTHER,Entry-Level (<2M)
itel s23,hp itel A50 ram 4/64GB octacore prosesor,Rp1.610.000,5.0,100+ terjual,1610000,100,5.0,4.0,64.0,ITEL,Entry-Level (<2M)
itel s23,[ TP ] ITEL A100CS ( 3/64GB ) GARANSI RESMI,Rp1.474.000,5.0,100+ terjual,1474000,100,5.0,3.0,64.0,ITEL,Entry-Level (<2M)
itel s23,Itel A100CS 4GB/64GB | Itel A100CS 3GB/64GB T7100 Octa-core ANDROID 15 GARANSI RESMI,Rp1.588.000,4.9,250+ terjual,1588000,250,4.9,4.0,64.0,ITEL,Entry-Level (<2M)
itel s23,Itel A100CS 3+5GB RAM / 64GB ROM | 4+8GB RAM / 64GB ROM - Military Grade Durability - Dinamiv bar,Rp1.515.000,5.0,100+ terjual,1515000,100,5.0,,,ITEL,Entry-Level (<2M)
itel s23,Itel A100CS 3+5GB RAM / 64GB ROM - Military Grade Durability - Dinamiv bar,Rp1.447.000,5.0,100+ terjual,1447000,100,5.0,,,ITEL,Entry-Level (<2M)
itel s23,NEW HOTWAV PEARL K3 3/32 GB,Rp1.000.000,5.0,70+ terjual,1000000,70,5.0,3.0,32.0,OTHER,Entry-Level (<2M)
itel s23,itel vision plus 3/32,Rp1.410.000,5.0,60+ terjual,1410000,60,5.0,3.0,32.0,ITEL,Entry-Level (<2M)
itel s23,ITEL A100CS {3GB 64GB} { 4GB 64GB} {BOX CHA + SCR} GARANSI RESMI INDONESIA,Rp1.505.000,5.0,100+ terjual,1505000,100,5.0,,,ITEL,Entry-Level (<2M)
itel s23,OPPO A92 - RAM 8/128 - FULLSET - SECOND,Rp1.260.000,5.0,90+ terjual,1260000,90,5.0,8.0,128.0,OPPO,Entry-Level (<2M)
itel s23,itel A70 4/256 Gb Garansi Resmi,Rp1.360.000,5.0,30+ terjual,1360000,30,5.0,4.0,256.0,ITEL,Entry-Level (<2M)
itel s23,itel A100CS 3/64GB Unisoc T7100 6.6inch 90Hz 5000mAh Military Grade Garansi Resmi,Rp1.445.000,5.0,90+ terjual,1445000,90,5.0,3.0,64.0,ITEL,Entry-Level (<2M)
itel s23,INOI A75 ELEGANCE GARANSI RESMI,Rp1.872.000,4.9,60+ terjual,1872000,60,4.9,,,OTHER,Entry-Level (<2M)
itel s23,"[PROMO] ITEL A100CS New Design 3GB+64GB | Layar 6.6"" 90Hz | HP Tahan Banting Military Grade | Baterai 5000mAh | UltraLink Free Call",Rp1.515.000,4.9,100+ terjual,1515000,100,4.9,,,ITEL,Entry-Level (<2M)
itel s23,"LIVE Y17 RAM 8/256,Y71 RAM 6/128 GARANSI 1 TAHUN 5000 MAH ANDROID HITAM",Rp1.288.000,4.4,250+ terjual,1288000,250,4.4,8.0,256.0,OTHER,Entry-Level (<2M)
itel s23,Villaon V50S 4GB/64GB Garansi Resmi Villaon Indonesia,Rp1.525.000,5.0,100+ terjual,1525000,100,5.0,4.0,64.0,OTHER,Entry-Level (<2M)
itel s23,VIVO Y35 8/128 SECOND FULLSET,Rp1.560.000,5.0,28 terjual,1560000,28,5.0,8.0,128.0,VIVO,Entry-Level (<2M)
itel s23,[Exclusive Muchazir] Itel A100Cs 3+5GB RAM / 64GB ROM | 4+8GB RAM / 64GB ROM - Military Grade Durability,Rp1.539.000,4.9,80+ terjual,1539000,80,4.9,,,ITEL,Entry-Level (<2M)
itel s23,[ EXTRA PROMO ] itel A100CS 64GB [RAM 3GB] Black Green White Garansi Resmi itel Indonesia | Layar HD+ 6.6 Inch | AI Camera | Baterai 5000mAh | Face Unlock | Smartphone Android 15 Go,Rp1.471.899,5.0,90+ terjual,1471899,90,5.0,3.0,64.0,ITEL,Entry-Level (<2M)
itel s23,"Itel A100Cs 3Gb 64Gb 6.6"" 90Hz Garansi Resmi Indonesia",Rp1.474.900,5.0,70+ terjual,1474900,70,5.0,,,ITEL,Entry-Level (<2M)
itel s23,VIVO V23E - RAM 8/128 - FULLSET - SECOND,Rp1.610.000,4.8,100+ terjual,1610000,100,4.8,8.0,128.0,VIVO,Entry-Level (<2M)
itel s23,{AFFILIATE} ITEL A100C S RAM (3/64) (4/64) ORIGINAL Garansi Resmi,Rp1.447.571,5.0,16 terjual,1447571,16,5.0,3.0,64.0,ITEL,Entry-Level (<2M)
itel s23,ITEL A100CS 3GB 64GB (BOX CHA + SCR) Garansi Resmi Itel indonesia,Rp1.509.000,5.0,70+ terjual,1509000,70,5.0,,,ITEL,Entry-Level (<2M)
itel s23,ITEL P55 RAM 6/128GB Garansi Resmi,Rp1.660.000,5.0,50+ terjual,1660000,50,5.0,6.0,128.0,ITEL,Entry-Level (<2M)
itel s23,Hp TECNO SPARK GO 23+3GB /64 GB,Rp986.987,5.0,30+ terjual,986987,30,5.0,,64.0,TECNO,Entry-Level (<2M)
itel s23,Ponsel batangan sesuai stok yang tersedia terkini,Rp2.000.000,5.0,15 terjual,2000000,15,5.0,,,OTHER,Entry-Level (<2M)
oppo a78,OPPO A78 5G RAM 8/128 GB NFC Support | OPPO A 78 5G GARANSI RESMI OPPO,Rp2.997.000,4.9,250+ terjual,2997000,250,4.9,8.0,128.0,OPPO,Mid-Range (2M-5M)
oppo a78,OPPO A78 4G RAM 8/256 GB NFC Support | OPPO A 78 4G GARANSI RESMI OPPO,Rp3.047.000,4.8,250+ terjual,3047000,250,4.8,8.0,256.0,OPPO,Mid-Range (2M-5M)
oppo a78,Hp Oppo A78 8/256 GB - Oppo A78 NFC 8GB + 256GB Garansi Resmi,Rp2.940.000,5.0,70+ terjual,2940000,70,5.0,8.0,256.0,OPPO,Mid-Range (2M-5M)
oppo a78,OPPO A78 4G RAM 8/256 GB NFC Support | OPPO A 78 4G GARANSI RESMI OPPO,Rp3.049.000,5.0,100+ terjual,3049000,100,5.0,8.0,256.0,OPPO,Mid-Range (2M-5M)
oppo a78,OPPO A78 5G RAM 8/128 GB NFC Support | OPPO A 78 5G GARANSI RESMI OPPO,Rp2.949.000,5.0,90+ terjual,2949000,90,5.0,8.0,128.0,OPPO,Mid-Range (2M-5M)
oppo a78,Oppo A78 4G RAM 8/256GB NFC Garansi Resmi,Rp2.659.000,5.0,80+ terjual,2659000,80,5.0,8.0,256.0,OPPO,Mid-Range (2M-5M)
oppo a78,Oppo A78 ram 8/256 garansi resmi,Rp1.960.000,5.0,5 terjual,1960000,5,5.0,8.0,256.0,OPPO,Entry-Level (<2M)
oppo a78,"Oppo A78 5G RAM 8GB/128GB – Smartphone 5G dengan Kamera AI 50MP, Baterai 5000mAh,3W SUPERVOOC Fast Charging",Rp1.499.000,4.3,10 terjual,1499000,10,4.3,8.0,128.0,OPPO,Entry-Level (<2M)
oppo a78,"oppo a78 ram 8/128 dual sim 6,5inch",Rp1.160.000,5.0,30+ terjual,1160000,30,5.0,8.0,128.0,OPPO,Entry-Level (<2M)
oppo a78,OPPO A78 4G 8/256 CPH 2565 Black,Rp3.129.000,5.0,3 terjual,3129000,3,5.0,8.0,256.0,OPPO,Mid-Range (2M-5M)
oppo a78,OPPO A78 8/256 SECOND FULLSET,Rp1.660.000,5.0,2 terjual,1660000,2,5.0,8.0,256.0,OPPO,Entry-Level (<2M)
oppo a78,"HP A78 5G RAM 8/128GB 50MP Camera, 5000mAh, 33W SUPERVOOC BERGARANSI",Rp1.499.000,5.0,10 terjual,1499000,10,5.0,8.0,128.0,OTHER,Entry-Level (<2M)
oppo a78,OPPO A78 NFC 8/256 OPPO A 78 NFC 4G 8/256 GARANSI RESMI INDONESIA,Rp3.959.000,5.0,3 terjual,3959000,3,5.0,8.0,256.0,OPPO,Mid-Range (2M-5M)
oppo a78,Fabian Storee_NEW,Rp3.359.000,5.0,1 terjual,3359000,1,5.0,,,OTHER,Mid-Range (2M-5M)
oppo a78,OPPO A78 8/256 SECOND FULLSET,Rp1.760.000,5.0,1 terjual,1760000,1,5.0,8.0,256.0,OPPO,Entry-Level (<2M)
oppo a78,COD OPPO A78 4G/5G RAM 8GB+8GB NFC 126/256 Big Memory - Kamera Utama 50 MP Smartphone,Rp3.959.000,4.1,50+ terjual,3959000,50,4.1,8.0,256.0,OPPO,Mid-Range (2M-5M)
oppo a78,"OPPO A6x [4/64GB] [4/128GB] [6/128GB] [8/128GB] [6/256GB] - Snapdragon 685, 6500mAh - Oppo A6 x Garansi Resmi",Rp2.897.900,5.0,750+ terjual,2897900,750,5.0,4.0,64.0,OPPO,Mid-Range (2M-5M)
oppo a78,OPPO A5S RAM 3GB 32GB GARANSI RESMI OPPO,Rp1.260.000,4.7,1rb+ terjual,1260000,1000,4.7,3.0,,OPPO,Entry-Level (<2M)
oppo a78,OPPO A3S RAM 2GB,Rp1.609.000,4.7,1rb+ terjual,1609000,1000,4.7,,,OPPO,Entry-Level (<2M)
oppo a78,OPPO A54 RAM 4/64GB GARANSI RESMI OPPO INDONESIA,Rp2.109.000,5.0,500+ terjual,2109000,500,5.0,4.0,64.0,OPPO,Mid-Range (2M-5M)
oppo a78,oppo a16 ram 3/32gb garansi resmi,Rp1.559.000,5.0,500+ terjual,1559000,500,5.0,3.0,32.0,OPPO,Entry-Level (<2M)
oppo a78,OPPO A5 2020 Ram 3/64GB Garansi Resmi OPPO INDONESIA,Rp1.660.000,4.7,750+ terjual,1660000,750,4.7,3.0,64.0,OPPO,Entry-Level (<2M)
oppo a78,OPPO A18 RAM 4/128GB | OPPO A 18 4/128GB GARANSI RESMI OPPO INDONESIA,Rp2.197.000,4.9,500+ terjual,2197000,500,4.9,4.0,128.0,OPPO,Mid-Range (2M-5M)
oppo a78,OPPO A58 8/128 GB NFC | OPPO A 58 6/128 GB NFC GARANSI RESMI OPPO,Rp2.847.900,4.9,750+ terjual,2847900,750,4.9,8.0,128.0,OPPO,Mid-Range (2M-5M)
oppo a78,[NEW] OPPO A6x 4/128GB (4+4GB Extended RAM) Snapdragon 685 Garansi Resmi Indonesia HP Terbaru 2026,Rp2.831.367,4.9,500+ terjual,2831367,500,4.9,4.0,128.0,OPPO,Mid-Range (2M-5M)
oppo a78,OPPO A3S 3/32GB,Rp1.760.000,4.7,500+ terjual,1760000,500,4.7,3.0,32.0,OPPO,Entry-Level (<2M)
oppo a78,OPPO A7 / GARANSI RESMI OPPO INDONESIA 1 THN,Rp1.959.000,4.6,500+ terjual,1959000,500,4.6,,,OPPO,Entry-Level (<2M)
oppo a78,oppo a15s 4/64 garansi resmi,Rp1.550.000,4.9,100+ terjual,1550000,100,4.9,4.0,64.0,OPPO,Entry-Level (<2M)
oppo a78,[Official Store] OPPO A6x 4/64GB 4/128GB Snapdragon 685 — Garansi Resmi OPPO Indonesia,Rp2.997.967,5.0,100+ terjual,2997967,100,5.0,4.0,64.0,OPPO,Mid-Range (2M-5M)
oppo a78,OPPO A3S / GARANSI RESMI OPPO INDONESIA 1 THN,Rp1.760.000,4.7,250+ terjual,1760000,250,4.7,,,OPPO,Entry-Level (<2M)
oppo a78,oppo a15 3/32 garansi resmi,Rp1.360.000,4.9,100+ terjual,1360000,100,4.9,3.0,32.0,OPPO,Entry-Level (<2M)
oppo a78,OPPO A76 RAM 6/128GB [6GB+5GB EXPANSION RAM]5000mAh+33W Garansi Resmi,Rp1.959.000,5.0,100+ terjual,1959000,100,5.0,6.0,128.0,OPPO,Entry-Level (<2M)
oppo a78,OPPO A96 RAM 13GB (8+5 EXTENDED RAM) ROM 256GB A 96 GARANSI RESMI,Rp4.259.000,4.9,100+ terjual,4259000,100,4.9,,,OPPO,Mid-Range (2M-5M)
oppo a78,oppo A54 4/64 garangsi resmi,Rp1.660.000,4.8,100+ terjual,1660000,100,4.8,4.0,64.0,OPPO,Entry-Level (<2M)
oppo a78,Oppo A76 6/128 GB Garansi Resmi Oppo Indonesia,Rp4.960.000,5.0,70+ terjual,4960000,70,5.0,6.0,128.0,OPPO,Mid-Range (2M-5M)
oppo a78,OPPO A9 2020 Ram 8/128GB Garansi Resmi OPPO,Rp2.859.000,4.5,250+ terjual,2859000,250,4.5,8.0,128.0,OPPO,Mid-Range (2M-5M)
oppo a78,oppo a12 3/32,Rp1.260.000,4.9,100+ terjual,1260000,100,4.9,3.0,32.0,OPPO,Entry-Level (<2M)
oppo a78,OPPO A31 2020 RAM 4/128 GB GARANSI RESMI OPPO INDONESIA,Rp1.659.000,4.5,100+ terjual,1659000,100,4.5,4.0,128.0,OPPO,Entry-Level (<2M)
oppo a78,OPPO A57 4/64GB GARANSI RESMI OPPO INDONESIA,Rp2.059.000,5.0,100+ terjual,2059000,100,5.0,4.0,64.0,OPPO,Mid-Range (2M-5M)
oppo a78,TERMURAH HP Smartphone Aldo S 12 Ram 4/16 RESMI,Rp1.838.000,5.0,100+ terjual,1838000,100,5.0,4.0,,OTHER,Entry-Level (<2M)
oppo a78,OPPO A5S RAM 3/32 GB GARANSI RESMI OPPO INDONESIA,Rp1.309.000,4.5,100+ terjual,1309000,100,4.5,3.0,32.0,OPPO,Entry-Level (<2M)
oppo a78,oppo a17 4/64gb garansi resmi 1 tahun,Rp1.660.000,5.0,60+ terjual,1660000,60,5.0,4.0,64.0,OPPO,Entry-Level (<2M)
oppo a78,oppo a54 6/128 garansi resmi,Rp1.810.000,4.6,100+ terjual,1810000,100,4.6,6.0,128.0,OPPO,Entry-Level (<2M)
oppo a78,OPPO A15S RAM 4/64 GARANSI RESMI OPPO 1 TAHUN,Rp1.435.000,5.0,40+ terjual,1435000,40,5.0,4.0,64.0,OPPO,Entry-Level (<2M)
oppo a78,OPPO A15S Ram 4/64GB Garansi Resmi OPPO INDONESIA,Rp1.560.000,4.8,70+ terjual,1560000,70,4.8,4.0,64.0,OPPO,Entry-Level (<2M)
oppo a78,Oppo A58 RAM 6/128GB | RAM 8/128GB - NFC - Garansi Resmi Oppo indonesia,Rp2.350.000,4.9,100+ terjual,2350000,100,4.9,6.0,128.0,OPPO,Mid-Range (2M-5M)
oppo a78,OPPO RENO 5 - RAM 8/128 - FULLSET - GRADE A,Rp1.660.000,4.8,100+ terjual,1660000,100,4.8,8.0,128.0,OPPO,Entry-Level (<2M)
oppo a78,[Official Store] OPPO A6x 4/64GB 4/128GB Snapdragon 685 Layar 120Hz 6500mAh Baterai Garansi Resmi,Rp2.997.967,5.0,100+ terjual,2997967,100,5.0,4.0,64.0,OPPO,Mid-Range (2M-5M)
oppo a78,oppo a76 6/128 garansi resmi,Rp2.140.000,4.9,40+ terjual,2140000,40,4.9,6.0,128.0,OPPO,Mid-Range (2M-5M)
oppo a78,oppo a18 4/128gb garansi resmi 1 tahun,Rp1.859.000,5.0,70+ terjual,1859000,70,5.0,4.0,128.0,OPPO,Entry-Level (<2M)
oppo a78,OPPO A55 4/64 GB GARANSI RESMI SEGEL,Rp1.710.000,5.0,30+ terjual,1710000,30,5.0,4.0,64.0,OPPO,Entry-Level (<2M)
oppo a78,OPPO RENO 5 8/128,Rp1.100.000,4.8,40+ terjual,1100000,40,4.8,8.0,128.0,OPPO,Entry-Level (<2M)
oppo a78,HP OPPO A60 RAM 8/128GB | RAM 8/256GB - GARANSI RESMI,Rp2.699.000,5.0,90+ terjual,2699000,90,5.0,8.0,128.0,OPPO,Mid-Range (2M-5M)
oppo a78,OPPO A57 4/64Gb Garansi Resmi OPPO Indonesia,Rp1.959.000,4.9,80+ terjual,1959000,80,4.9,4.0,64.0,OPPO,Entry-Level (<2M)
oppo a78,oppo a54 4/128 garangsi resmi BARU,Rp1.760.000,4.7,50+ terjual,1760000,50,4.7,4.0,128.0,OPPO,Entry-Level (<2M)
oppo a78,OPPO A57 2022 RAM 4/64 GARANSI RESMI OPPO 1TAHUN,Rp1.940.000,5.0,29 terjual,1940000,29,5.0,4.0,64.0,OPPO,Entry-Level (<2M)
oppo a78,(PROMO LIVE) OPPO A6X 4/64 & 4/128 & 6/128 & 6/256 GARANSI RESMI,Rp2.598.000,4.9,50+ terjual,2598000,50,4.9,4.0,64.0,OPPO,Mid-Range (2M-5M)
oppo a78,Oppo A5x 6/128GB Smartphone dengan Desain Elegan dan Kamera Ganda untuk Performa Optimal,Rp6.634.000,5.0,100+ terjual,6634000,100,5.0,6.0,128.0,OPPO,Upper Mid (5M-10M)
oppo a78,OPPO A58 NFC RAM 6/128GB GARANSI RESMI INDONESIA,Rp2.059.000,5.0,100+ terjual,2059000,100,5.0,6.0,128.0,OPPO,Mid-Range (2M-5M)
oppo a78,Smartphone O. A53 Ram 8GB Internal 256GB,Rp1.060.000,5.0,90+ terjual,1060000,90,5.0,8.0,,OTHER,Entry-Level (<2M)
oppo a78,HP OPPO A18 4/128GB - Garansi Resmi Oppo Indonesia,Rp1.999.000,4.8,80+ terjual,1999000,80,4.8,4.0,128.0,OPPO,Entry-Level (<2M)
oppo reno 11,OPPO RENO 11 5G RAM 8/256GB GARANSI RESMI OPPO INDONESIA,Rp3.959.000,5.0,100+ terjual,3959000,100,5.0,8.0,256.0,OPPO,Mid-Range (2M-5M)
oppo reno 11,OPPO RENO 11 5G 8/256 | OPPO RENO11 PRO 5G RAM 12/512 GB GARANSI RESMI,Rp4.397.900,4.9,80+ terjual,4397900,80,4.9,8.0,256.0,OPPO,Mid-Range (2M-5M)
oppo reno 11,OPPO Reno11 5G 8GB/256GB - Hijau,Rp9.500.000,5.0,30+ terjual,9500000,30,5.0,8.0,256.0,OPPO,Upper Mid (5M-10M)
oppo reno 11,OPPO RENO 11 5G 8/256 OPPO RENO11 5G 8/256 GARANSI RESMI INDONESIA,Rp6.459.000,4.8,28 terjual,6459000,28,4.8,8.0,256.0,OPPO,Upper Mid (5M-10M)
oppo reno 11,oppo reno 11 5G 8/256GB fullset mulus second,Rp3.450.000,4.8,13 terjual,3450000,13,4.8,8.0,256.0,OPPO,Mid-Range (2M-5M)
oppo reno 11,Oppo Reno 11 5G | Reno 11F 5G Ram 8GB Rom 256GB Second Original,Rp3.830.999,5.0,6 terjual,3830999,6,5.0,8.0,,OPPO,Mid-Range (2M-5M)
oppo reno 11,Oppo reno 11 5g 8/256 second original,Rp3.500.000,5.0,4 terjual,3500000,4,5.0,8.0,256.0,OPPO,Mid-Range (2M-5M)
oppo reno 11,[BARU] OPPO A6t Online Exclusive 4GB+64/128GB & 6GB+128GB (Garansi Resmi),Rp2.559.000,5.0,4rb+ terjual,2559000,4000,5.0,,128.0,OPPO,Mid-Range (2M-5M)
oppo reno 11,oppo a9 2020 ram 8/128 resmi 1 tahun indonesia,Rp3.059.000,5.0,750+ terjual,3059000,750,5.0,8.0,128.0,OPPO,Mid-Range (2M-5M)
oppo reno 11,OPPO A92 2020 Ram 8/128GB Garansi Resmi OPPO INDONESIA,Rp2.610.000,4.7,750+ terjual,2610000,750,4.7,8.0,128.0,OPPO,Mid-Range (2M-5M)
oppo reno 11,[BARU] OPPO A6t Pro Online Exclusive 8GB+128GB (Garansi Resmi),Rp3.859.000,5.0,500+ terjual,3859000,500,5.0,,,OPPO,Mid-Range (2M-5M)
oppo reno 11,OPPO A9 2020 Ram 8/128GB Garansi Resmi OPPO INDONESIA,Rp2.160.000,4.7,750+ terjual,2160000,750,4.7,8.0,128.0,OPPO,Mid-Range (2M-5M)
oppo reno 11,oppo a5 2020 ram 3/64GB resmi 1 thn oppo indonesia,Rp2.259.000,5.0,250+ terjual,2259000,250,5.0,3.0,64.0,OPPO,Mid-Range (2M-5M)
oppo reno 11,OPPO F11 RAM 4GB 128GB GARANSI RESMI OPPO,Rp2.660.000,4.6,750+ terjual,2660000,750,4.6,4.0,,OPPO,Mid-Range (2M-5M)
oppo reno 11,OPPO Reno15 5G  8GB+256GB & 12GB+256GB (Garansi Resmi),Rp8.759.000,5.0,250+ terjual,8759000,250,5.0,,,OPPO,Upper Mid (5M-10M)
oppo reno 11,Iphone 11 64GB 128GB 256GB second bekas original fullset,Rp3.860.000,5.0,100+ terjual,3860000,100,5.0,,64.0,APPLE,Mid-Range (2M-5M)
oppo reno 11,Oppo A92 8/128GB garansi resmi oppo,Rp3.110.000,4.9,250+ terjual,3110000,250,4.9,8.0,128.0,OPPO,Mid-Range (2M-5M)
oppo reno 11,OPPO A98 5G 8/256GB GARANSI RESMI 1 TAHUN,Rp3.759.000,5.0,100+ terjual,3759000,100,5.0,8.0,256.0,OPPO,Mid-Range (2M-5M)
oppo reno 11,OPPO F11 RAM 4/128 GARANSI RESMI OPPO 1 TAHUN,Rp2.460.000,4.8,250+ terjual,2460000,250,4.8,4.0,128.0,OPPO,Mid-Range (2M-5M)
oppo reno 11,( Special Creator ) Realme C100i 4/128 4/256 6/128 Garansi Resmi New,Rp3.497.000,4.9,2rb+ terjual,3497000,2000,4.9,4.0,128.0,REALME,Mid-Range (2M-5M)
oppo reno 11,Hemat s.d 3% Pakai Bonus,Rp9.960.000,5.0,100+ terjual,9960000,100,5.0,,,OTHER,Upper Mid (5M-10M)
oppo reno 11,oppo reno 3 ram 8/128 garansi resmi 1 tahun oppo,Rp3.209.000,5.0,80+ terjual,3209000,80,5.0,8.0,128.0,OPPO,Mid-Range (2M-5M)
oppo reno 11,HP OPPO A78 5G,Rp3.465.000,5.0,100+ terjual,3465000,100,5.0,,,OPPO,Mid-Range (2M-5M)
oppo reno 11,[ LIVE SPESIAL ] OPPO A6T 4/64 & 4/128 & 6/128 NEW GARANSI RESMI,Rp2.522.243,4.9,100+ terjual,2522243,100,4.9,4.0,64.0,OPPO,Mid-Range (2M-5M)
oppo reno 11,OPPO RENO 11F 5G RAM 8/256GB GARANSI RESMI 1 TAHUN,Rp3.959.000,4.9,100+ terjual,3959000,100,4.9,8.0,256.0,OPPO,Mid-Range (2M-5M)
oppo reno 11,Oppo Reno 7 5G 8/256GB Garansi Resmi OPPO,Rp3.459.000,4.9,100+ terjual,3459000,100,4.9,8.0,256.0,OPPO,Mid-Range (2M-5M)
oppo reno 11,OPPO F11 PRO 6/64 GARANSI RESMI 1 TAHUN,Rp2.659.000,4.8,100+ terjual,2659000,100,4.8,6.0,64.0,OPPO,Mid-Range (2M-5M)
oppo reno 11,OPPO RENO 11 PRO 5G RAM 12/512GB GARANSI RESMI OPPO INDONESIA,Rp4.999.000,5.0,90+ terjual,4999000,90,5.0,12.0,512.0,OPPO,Mid-Range (2M-5M)
oppo reno 11,OPPO RENO 8 5G 8/256GB GARANSI RESMI OPPO INDONESIA,Rp3.359.000,4.9,90+ terjual,3359000,90,4.9,8.0,256.0,OPPO,Mid-Range (2M-5M)
oppo reno 11,Oppo Reno 4F 8/128 BARU GARANGSI RESMI,Rp2.410.000,4.7,100+ terjual,2410000,100,4.7,8.0,128.0,OPPO,Mid-Range (2M-5M)
oppo reno 11,Oppo A16e RAM 3GB/32GB Garansi Resmi OPPO INDONESIA,Rp1.559.000,4.9,250+ terjual,1559000,250,4.9,3.0,32.0,OPPO,Entry-Level (<2M)
oppo reno 11,Oppo A77s 8/128GB Garansi Resmi Oppo INDONESIA,Rp2.459.000,4.9,100+ terjual,2459000,100,4.9,8.0,128.0,OPPO,Mid-Range (2M-5M)
oppo reno 11,oppo reno 6 8 128 garansi resmi,Rp3.540.000,4.8,60+ terjual,3540000,60,4.8,,,OPPO,Mid-Range (2M-5M)
oppo reno 11,Oppo A55 4/64GB Garansi Resmi OPPO,Rp1.659.000,5.0,80+ terjual,1659000,80,5.0,4.0,64.0,OPPO,Entry-Level (<2M)
oppo reno 11,Oppo F11 Pro Garansi Resmi,Rp4.559.000,5.0,250+ terjual,4559000,250,5.0,,,OPPO,Mid-Range (2M-5M)
oppo reno 11,(PROMO LIVE) OPPO RENO 15 5G 12/256 & 8/256 GARANSI RESMI,Rp9.119.000,4.9,80+ terjual,9119000,80,4.9,12.0,256.0,OPPO,Upper Mid (5M-10M)
oppo reno 11,REALME 11 8/256 REALME11 4G NFC 8/256 GARANSI RESMI INDONESIA,Rp3.959.000,5.0,30+ terjual,3959000,30,5.0,8.0,256.0,REALME,Mid-Range (2M-5M)
oppo reno 11,[NEW] OPPO Reno15 F 5G (8/128)(8/256)(12/256) - Garansi Resmi OPPO Indonesia,Rp6.767.098,4.9,60+ terjual,6767098,60,4.9,8.0,128.0,OPPO,Upper Mid (5M-10M)
oppo reno 11,hp Oppo reno 4 8/128GB fullset mulus - hitam Angkasa,Rp1.800.000,4.8,100+ terjual,1800000,100,4.8,8.0,128.0,OPPO,Entry-Level (<2M)
oppo reno 11,[Official Store] OPPO Reno15 5G (8/256GB)(12/256GB) — Garansi Resmi OPPO  Indonesia,Rp8.660.891,5.0,50+ terjual,8660891,50,5.0,8.0,256.0,OPPO,Upper Mid (5M-10M)
oppo reno 11,"[BARU] OPPO Reno16 5G 8GB/256GB & 12GB/256GB [3D Pop Planet Design, AI Remix Collage, 50MP Ultra Wide Selfie Camera]",Rp11.999.000,5.0,100+ terjual,11999000,100,5.0,8.0,256.0,OPPO,Flagship (>10M)
oppo reno 11,HP OPPO Reno15 F 5G 8/256GB 12/256GB 50MP Ultra Wide Selfie Camera OPPO Terbaru 2026 Garansi Resmi,Rp7.103.040,5.0,40+ terjual,7103040,40,5.0,8.0,256.0,OPPO,Upper Mid (5M-10M)
oppo reno 11,[NEW] OPPO Reno15 F 5G 12/256GB Underwater 4K Photography 7000mAh Al Portrait Glow Snapdragon 6 Gen1,Rp6.331.650,4.9,40+ terjual,6331650,40,4.9,12.0,256.0,OPPO,Upper Mid (5M-10M)
oppo reno 11,OPPO RENO 6 8/128,Rp1.760.000,4.9,23 terjual,1760000,23,4.9,8.0,128.0,OPPO,Entry-Level (<2M)
oppo reno 11,oppo reno 6 5g,Rp6.209.000,5.0,30+ terjual,6209000,30,5.0,,,OPPO,Upper Mid (5M-10M)
oppo reno 11,handphone second oppp reno 5,Rp1.460.000,5.0,17 terjual,1460000,17,5.0,,,OTHER,Entry-Level (<2M)
oppo reno 11,(EXCLUSIVE WENNY_WIJAYA) OPPO RENO 15F 5G 12/256 & 8/256 8/128 GARANSI RESMI,Rp6.989.000,5.0,30+ terjual,6989000,30,5.0,12.0,256.0,OPPO,Upper Mid (5M-10M)
oppo reno 11,"[BARU] OPPO Bubble Mag E-Badge [Ultra-Clear Rear Selfie View, Custom Vibe E-Badge]",Rp1.159.000,4.6,100+ terjual,1159000,100,4.6,,,OPPO,Entry-Level (<2M)
oppo reno 11,[ LIVE SPESIAL ] OPPO RENO 15F 5G 8/256 & 12/256 NEW GARANSI RESMI,Rp7.890.000,5.0,40+ terjual,7890000,40,5.0,8.0,256.0,OPPO,Upper Mid (5M-10M)
oppo reno 11,HP OPPO Reno15 5G 8/256GB 12/256GB Snapdragon 7 Gen 4 Prosesor OPPO Terbaru 2026 Garansi Resmi,Rp7.940.218,5.0,30+ terjual,7940218,30,5.0,8.0,256.0,OPPO,Upper Mid (5M-10M)
oppo reno 11,oppo reno 6 ram 8 128gb resmi,Rp2.959.000,5.0,30+ terjual,2959000,30,5.0,8.0,128.0,OPPO,Mid-Range (2M-5M)
oppo reno 11,[Official Store] OPPO Reno15 F 5G (8/128GB)(8/256GB) (12/256GB)  — Garansi Resmi OPPO Indonesia,Rp6.331.650,4.8,60+ terjual,6331650,60,4.8,8.0,128.0,OPPO,Upper Mid (5M-10M)
oppo reno 11,Oppo Reno 7 5G 8/256 Reno 7z 5Ggaransi resmi 1tahun,Rp5.960.000,4.8,24 terjual,5960000,24,4.8,8.0,256.0,OPPO,Upper Mid (5M-10M)
oppo reno 11,[ LIVE SPESIAL ] OPPO A6C 4/64 & 4/128 NEW GARANSI RESMI,Rp2.488.000,5.0,60+ terjual,2488000,60,5.0,4.0,64.0,OPPO,Mid-Range (2M-5M)
oppo reno 11,OPPO RENO7 Z 5G,Rp2.460.000,5.0,23 terjual,2460000,23,5.0,,,OPPO,Mid-Range (2M-5M)
oppo reno 11,oppo reno 5 5g masih bagus banget,Rp1.200.000,5.0,13 terjual,1200000,13,5.0,,,OPPO,Entry-Level (<2M)
oppo reno 11,Iphone 11 64Gb Black Second Minus Face ID Off Fullset,Rp2.800.000,5.0,16 terjual,2800000,16,5.0,,64.0,APPLE,Mid-Range (2M-5M)
oppo reno 11,(PROMO LIVE) OPPO RENO 12 5G 12/256 & RENO 12 PRO 5G 12/512  AI FEATURE GARANSI RESMI,Rp5.488.119,4.8,40+ terjual,5488119,40,4.8,12.0,256.0,OPPO,Upper Mid (5M-10M)
vivo y27,VIVO Y27 5G 6/128 | VIVO Y 27 4G 6/128 GARANSI RESMI VIVO INDONESIA,Rp2.297.900,5.0,100+ terjual,2297900,100,5.0,6.0,128.0,VIVO,Mid-Range (2M-5M)
vivo y27,VIVO Y27 5G 12/128 GB Garansi Toko 50MP Camera,Rp2.060.000,5.0,13 terjual,2060000,13,5.0,12.0,128.0,VIVO,Mid-Range (2M-5M)
vivo y27,Y27 4G 5G 8/256 Garansi Resmi,Rp1.960.000,5.0,11 terjual,1960000,11,5.0,8.0,256.0,OTHER,Entry-Level (<2M)
vivo y27,Vivo Y27 4G 6/128 Gb Segel Bergaransi Resmi Vivo Terbaru Y27 Ram 6 128,Rp1.700.000,5.0,7 terjual,1700000,7,5.0,6.0,128.0,VIVO,Entry-Level (<2M)
vivo y27,Vivo Y27 6/128 garansi resmi,Rp1.659.000,5.0,5 terjual,1659000,5,5.0,6.0,128.0,VIVO,Entry-Level (<2M)
vivo y27,vivo y27 6/128 garansi resmi 1 tahun,Rp1.960.000,5.0,18 terjual,1960000,18,5.0,6.0,128.0,VIVO,Entry-Level (<2M)
vivo y27,VIVO Y27 5G 6/128 6.5inch,Rp1.160.000,5.0,17 terjual,1160000,17,5.0,6.0,128.0,VIVO,Entry-Level (<2M)
vivo y27,Hp Vivo Y27 6/128 GB ( Vivo Y 27 4G 6GB + 128GB ) Garansi Resmi,Rp2.350.000,5.0,8 terjual,2350000,8,5.0,6.0,128.0,VIVO,Mid-Range (2M-5M)
vivo y27,HP VIVO Y27 6/128 4G - VIVO Y 27 RAM 6 ROM 128 GARANSI RESMI - BLACK,Rp2.350.000,4.6,21 terjual,2350000,21,4.6,6.0,128.0,VIVO,Mid-Range (2M-5M)
vivo y27,VIVO Y27 4G RAM 6/128GB GARANSI RESMI INDONESIA,Rp2.459.000,5.0,8 terjual,2459000,8,5.0,6.0,128.0,VIVO,Mid-Range (2M-5M)
vivo y27,Vivo Y27 4G 6/128 Garansi Resmi vivo,Rp1.810.000,4.6,29 terjual,1810000,29,4.6,6.0,128.0,VIVO,Entry-Level (<2M)
vivo y27,vivo y27 5g 6/128 garansi resmi,Rp2.130.000,4.5,20 terjual,2130000,20,4.5,6.0,128.0,VIVO,Mid-Range (2M-5M)
vivo y27,VIVO Y27 6/128GB BARU GARANSI RESMI VIVO,Rp1.956.000,5.0,7 terjual,1956000,7,5.0,6.0,128.0,VIVO,Entry-Level (<2M)
vivo y27,VIVO Y27  6/128 GB GARANSI RESMI 1 TAHUN,Rp1.725.000,5.0,4 terjual,1725000,4,5.0,6.0,128.0,VIVO,Entry-Level (<2M)
vivo y27,vivo y27 6/128,Rp2.459.000,5.0,6 terjual,2459000,6,5.0,6.0,128.0,VIVO,Mid-Range (2M-5M)
vivo y27,Vivo Y27 5G 6/128 Garansi Resmi vivo,Rp1.959.000,5.0,5 terjual,1959000,5,5.0,6.0,128.0,VIVO,Entry-Level (<2M)
vivo y27,Vivo Y27 4G 6/128GB Garansi Resmi,Rp2.259.000,5.0,1 terjual,2259000,1,5.0,6.0,128.0,VIVO,Mid-Range (2M-5M)
vivo y27,VIVO Y27 4G  6/128GB TERBARU,Rp1.910.000,5.0,4 terjual,1910000,4,5.0,6.0,128.0,VIVO,Entry-Level (<2M)
vivo y27,vivo y27 4g 6/128 garansi resmi,Rp1.730.000,5.0,2 terjual,1730000,2,5.0,6.0,128.0,VIVO,Entry-Level (<2M)
vivo y27,vivo y27 5g 6/128 gb ! 100% BARU DAN BERGARANSI RESMI,Rp2.410.000,5.0,4 terjual,2410000,4,5.0,6.0,128.0,VIVO,Mid-Range (2M-5M)
vivo y27,Vivo Y27 6/128 GB Garansi Resmi Indonesia Second,Rp1.850.000,5.0,1 terjual,1850000,1,5.0,6.0,128.0,VIVO,Entry-Level (<2M)
vivo y27,Vivo Y27 4G 6/128 Garansi Resmi 1 Tahun,Rp1.709.000,5.0,1 terjual,1709000,1,5.0,6.0,128.0,VIVO,Entry-Level (<2M)
vivo y27,HP VIVO Y27 4G 6/128 GB - VIVO Y 27 4G RAM 6GB ROM 128GB GARANSI RESMI,Rp1.940.000,5.0,14 terjual,1940000,14,5.0,6.0,128.0,VIVO,Entry-Level (<2M)
vivo y27,"Aulyshphone Vivo Y27 - Ponsel 6GB RAM 128GB ROM Baterai 5000mAh Kamera 50MP Layar 6.64"" FHD+ Sunlight Display dengan 44W FlashCharge Performa Andal Kamera Jernih Pengisian Daya Super Cepat",Rp1.959.000,5.0,4 terjual,1959000,4,5.0,6.0,,VIVO,Entry-Level (<2M)
vivo y27,vivo y27 5g 6/128,Rp1.810.000,5.0,1 terjual,1810000,1,5.0,6.0,128.0,VIVO,Entry-Level (<2M)
vivo y27,"vivo Y29 - Design Marmer Eksklusif, 6500mAh Tahan 3 Hari 44W Flashcharge, IP69 Tahan Air Ekstrem dan Tahan Banting Ekstrem, Layar Flagship Schott, AI Erase 2.0 + AI Photo Enchance, Dual Stereo Speakers + 400% Audio Booster, Funtouch OS15",Rp4.199.000,5.0,750+ terjual,4199000,750,5.0,,,VIVO,Mid-Range (2M-5M)
vivo y27,VIVO Y21d [4/128GB] [6/128GB] [8/128GB] - IP69+ Dust & Water Rasistance - 6500mAh 44W - 50MP Ultra HD - GARANSI RESMI VIVO INDONESIA,Rp2.697.000,4.9,750+ terjual,2697000,750,4.9,4.0,128.0,VIVO,Mid-Range (2M-5M)
vivo y27,VIVO Y12 Ram 3GB 32GB Garansi Resmi VIVO INDONESIA,Rp1.360.000,4.7,750+ terjual,1360000,750,4.7,3.0,,VIVO,Entry-Level (<2M)
vivo y27,Vivo Y19S 6/128 Gb Garansi Resmi,Rp2.280.000,5.0,250+ terjual,2280000,250,5.0,6.0,128.0,VIVO,Mid-Range (2M-5M)
vivo y27,VIVO Y22 4/64 GB Helio G85 Camera 50 MP GARANSI RESMI - VIVO Y22,Rp1.809.000,5.0,100+ terjual,1809000,100,5.0,4.0,64.0,VIVO,Entry-Level (<2M)
vivo y27,VIVO Y20 Ram 3/64GB Garansi Resmi VIVO INDONESIA,Rp1.910.000,4.7,250+ terjual,1910000,250,4.7,3.0,64.0,VIVO,Entry-Level (<2M)
vivo y27,vivo Y30i Ram 4/64GB Garansi Resmi VIVO INDONESIA,Rp1.810.000,4.7,250+ terjual,1810000,250,4.7,4.0,64.0,VIVO,Entry-Level (<2M)
vivo y27,VIVO Y30 Ram 4/128GB Garansi Resmi VIVO INDONESIA,Rp1.860.000,4.6,250+ terjual,1860000,250,4.6,4.0,128.0,VIVO,Entry-Level (<2M)
vivo y27,VIVO Y12i RAM 3/32GB GARANSI RESMI VIVO INDONESIA,Rp1.610.000,4.8,100+ terjual,1610000,100,4.8,3.0,32.0,VIVO,Entry-Level (<2M)
vivo y27,Vivo Y21 4/64GB Garansi Resmi VIVO,Rp1.559.000,5.0,100+ terjual,1559000,100,5.0,4.0,64.0,VIVO,Entry-Level (<2M)
vivo y27,Vivo Y02 3/32GB,Rp1.360.000,5.0,100+ terjual,1360000,100,5.0,3.0,32.0,VIVO,Entry-Level (<2M)
vivo y27,VIVO Y12 RAM 3/64GB GARANSI RESMI VIVO INDONESIA,Rp1.460.000,4.7,100+ terjual,1460000,100,4.7,3.0,64.0,VIVO,Entry-Level (<2M)
vivo y27,VIVO Y91C GARANSI RESMI VIVO INDONESIA,Rp1.460.000,4.9,100+ terjual,1460000,100,4.9,,,VIVO,Entry-Level (<2M)
vivo y27,Hp Vivo Y67 Ram 4/32,Rp1.460.000,5.0,100+ terjual,1460000,100,5.0,4.0,32.0,VIVO,Entry-Level (<2M)
vivo y27,vivo y21s 5/128 garansi resmi,Rp1.580.000,4.9,90+ terjual,1580000,90,4.9,,128.0,VIVO,Entry-Level (<2M)
vivo y27,Vivo Y21s 4/128GB Garansi Resmi VIVO,Rp1.659.000,5.0,100+ terjual,1659000,100,5.0,4.0,128.0,VIVO,Entry-Level (<2M)
vivo y27,VIVO Y21 5/64 GARANSI RESMI,Rp1.400.000,4.7,100+ terjual,1400000,100,4.7,,64.0,VIVO,Entry-Level (<2M)
vivo y27,VIVO Y19 Ram 6/128GB Garansi Resmi VIVO INDONESIA,Rp2.510.000,4.5,100+ terjual,2510000,100,4.5,6.0,128.0,VIVO,Mid-Range (2M-5M)
vivo y27,VIVO Y81 RAM 2/16GB,Rp1.359.000,4.9,70+ terjual,1359000,70,4.9,,,VIVO,Entry-Level (<2M)
vivo y27,Vivo Y15s 3/32 RAM 3GB /32GB Garansi Resmi,Rp1.530.000,5.0,40+ terjual,1530000,40,5.0,3.0,32.0,VIVO,Entry-Level (<2M)
vivo y27,Vivo y02 3/33 garansi resmi new,Rp1.215.000,5.0,100+ terjual,1215000,100,5.0,3.0,,VIVO,Entry-Level (<2M)
vivo y27,Vivo Y15s Ram 3/32,Rp1.160.000,5.0,80+ terjual,1160000,80,5.0,3.0,32.0,VIVO,Entry-Level (<2M)
vivo y27,VIVO Y50 Ram 8/128GB Garansi Resmi VIVO INDONESIA,Rp2.959.000,4.5,100+ terjual,2959000,100,4.5,8.0,128.0,VIVO,Mid-Range (2M-5M)
vivo y27,VIVO Y27S NFC 8/256 VIVO Y27 S 8/128 Y 27S GARANSI RESMI INDONESIA,Rp3.559.000,5.0,40+ terjual,3559000,40,5.0,8.0,256.0,VIVO,Mid-Range (2M-5M)
vivo y27,VIVO Y30 6/128GB GARANSI RESMI,Rp2.960.000,5.0,30+ terjual,2960000,30,5.0,6.0,128.0,VIVO,Mid-Range (2M-5M)
vivo y27,VIVO Y91 Ram 2/32GB,Rp1.659.000,4.5,100+ terjual,1659000,100,4.5,,32.0,VIVO,Entry-Level (<2M)
vivo y27,VIVO V21 (5G) - RAM 8/128 - SECOND GRADE A,Rp2.310.000,4.9,50+ terjual,2310000,50,4.9,8.0,128.0,VIVO,Mid-Range (2M-5M)
vivo y27,Hp Vivo Y29 Bluetooth 6/128,Rp1.600.000,5.0,30+ terjual,1600000,30,5.0,6.0,128.0,VIVO,Entry-Level (<2M)
vivo y27,vivo y12s 3/32 garansi resmi,Rp1.410.000,4.7,100+ terjual,1410000,100,4.7,3.0,32.0,VIVO,Entry-Level (<2M)
vivo y27,vivo Y 28 6/128 Gb :original,Rp1.960.000,5.0,21 terjual,1960000,21,5.0,6.0,128.0,VIVO,Entry-Level (<2M)
vivo y27,"Vivo Y19s Pro - 6000mAh + 44W FlashCharge, Tahan Banting Ekstrem, Tahan Hujan IP64, Dual Stereo Speaker, 50MP Kamera Utama, Ai eraser",Rp2.199.000,5.0,70+ terjual,2199000,70,5.0,,,VIVO,Mid-Range (2M-5M)
vivo y27,VIVO Y29 8/256 VIVO Y 29 8/128 VIVO Y29 NFC 6/128 GARANSI RESMI INDONESIA,Rp3.599.000,4.9,80+ terjual,3599000,80,4.9,8.0,256.0,VIVO,Mid-Range (2M-5M)
vivo y27,VIVO Y33T 8/128GB GARANSI RESMI VIVO INDONESIA,Rp1.559.000,5.0,30+ terjual,1559000,30,5.0,8.0,128.0,VIVO,Entry-Level (<2M)
vivo y27,Vivo Y17 Ram 8GB kapasitas penyimpanan 256GB,Rp1.365.000,5.0,30+ terjual,1365000,30,5.0,8.0,,VIVO,Entry-Level (<2M)
vivo y27,vivo y21s 4/128 Camera Chipset Layar Smart Kamera Kartu,Rp1.600.000,5.0,30+ terjual,1600000,30,5.0,4.0,128.0,VIVO,Entry-Level (<2M)
vivo y27,HandPhone Y05 4/128Gb Garansi Resmi,Rp2.030.000,5.0,40+ terjual,2030000,40,5.0,4.0,128.0,OTHER,Mid-Range (2M-5M)
vivo y27,Vivo T1 5g 4 GB Second Like New,Rp1.460.000,5.0,28 terjual,1460000,28,5.0,,,VIVO,Entry-Level (<2M)
vivo y27,Vivo Y12 3/32GB Second Normal Bergaransi,Rp1.260.000,5.0,100+ terjual,1260000,100,5.0,3.0,32.0,VIVO,Entry-Level (<2M)
vivo y27,vivo y30 4/128,Rp1.760.000,4.6,70+ terjual,1760000,70,4.6,4.0,128.0,VIVO,Entry-Level (<2M)
vivo y27,HandPhone Vivo  Y19S Pro 6GB /128Gb Garansi Resmi,Rp2.590.000,4.9,80+ terjual,2590000,80,4.9,6.0,128.0,VIVO,Mid-Range (2M-5M)
vivo y27,vivo y01 2/32 garansi resmi,Rp1.080.000,4.9,40+ terjual,1080000,40,4.9,,32.0,VIVO,Entry-Level (<2M)
vivo y27,VIVO Y19S PRO 6/128 VIVO Y 19 S PRO 4/128 VIVO Y19SPRO 4/64 VIVO Y19 S PRO 6/128 GARANSI RESMI INDONESIA,Rp2.499.000,5.0,90+ terjual,2499000,90,5.0,6.0,128.0,VIVO,Mid-Range (2M-5M)
vivo y27,Vivo Y19 ram 6gb internal 128gb Second ori,Rp1.010.000,5.0,70+ terjual,1010000,70,5.0,6.0,,VIVO,Entry-Level (<2M)
vivo y27,Vivo Y21 5gb garansi resmi 1 tahun new segel,Rp1.860.000,5.0,17 terjual,1860000,17,5.0,,,VIVO,Entry-Level (<2M)
vivo y27,VIVO Y19s NEW GARANSI RESMI,Rp1.660.000,5.0,23 terjual,1660000,23,5.0,,,VIVO,Entry-Level (<2M)
vivo y27,handphone vivo y33s,Rp3.260.000,5.0,20 terjual,3260000,20,5.0,,,VIVO,Mid-Range (2M-5M)
vivo y27,OPPO RENO 7Z - 5G - RAM 8/128 - FULLSET - SECOND GRADE A,Rp1.960.000,4.8,100+ terjual,1960000,100,4.8,8.0,128.0,OPPO,Entry-Level (<2M)
vivo y27,Vivo Y04s Ram 4/64GB | Ram 4/128GB,Rp1.999.000,4.9,40+ terjual,1999000,40,4.9,4.0,64.0,VIVO,Entry-Level (<2M)
vivo y27,vivo y33s 8/128 garansi resmi,Rp2.010.000,4.5,50+ terjual,2010000,50,4.5,8.0,128.0,VIVO,Mid-Range (2M-5M)
vivo y27,Hp Vivo Y27S 8/128 GB - ( Vivo Y27 S NFC 8GB + 128GB ) Garansi Resmi,Rp2.359.000,5.0,30+ terjual,2359000,30,5.0,8.0,128.0,VIVO,Mid-Range (2M-5M)
vivo y27,Smartphone vivo Y16 RAM 3/32,Rp1.060.000,5.0,14 terjual,1060000,14,5.0,3.0,32.0,VIVO,Entry-Level (<2M)
vivo y27,Hemat s.d 3% Pakai Bonus,Rp1.409.000,5.0,27 terjual,1409000,27,5.0,,,OTHER,Entry-Level (<2M)
vivo y27,"vivo Y27s NFC [8GB/128GB - 8GB/256GB] Extended RAM 8GB - Snapdragon 680 - IP54 - 50MP Dual Camera - 6.64"" IPS LCD - 44W FlashCharge Garansi Resmi 1 Tahun",Rp2.559.999,5.0,11 terjual,2559999,11,5.0,8.0,128.0,VIVO,Mid-Range (2M-5M)
vivo y27,VIVO V27 (5G) & V27E (4G) - 8/256 & 12/256 - FULLSET & BATANG - SECOND,Rp3.060.000,5.0,50+ terjual,3060000,50,5.0,8.0,256.0,VIVO,Mid-Range (2M-5M)
vivo y27,vivo y21t 6/128 garansi resmi,Rp1.910.000,4.6,30+ terjual,1910000,30,4.6,6.0,128.0,VIVO,Entry-Level (<2M)
vivo y27,VIVO Y35 8/128 (8GB+8GB EXTENDED RAM) Y 35 8/128 GARANSI RESMI INDO,Rp3.359.000,4.9,12 terjual,3359000,12,4.9,8.0,128.0,VIVO,Mid-Range (2M-5M)
vivo y27,VIVO Y27s  8/128 SECOND FULLSET & BATANG,Rp1.110.000,5.0,19 terjual,1110000,19,5.0,8.0,128.0,VIVO,Entry-Level (<2M)
vivo y27,HP VIVO Y21T RAM 6 INTERNAL 128 GB GARANSI RESMI,Rp1.650.000,5.0,15 terjual,1650000,15,5.0,6.0,128.0,VIVO,Entry-Level (<2M)
vivo y27,Handphone Vivo Y21s 4/128GB RAM 4GB  ROM 128GB Garansi Resmi,Rp1.988.500,5.0,40+ terjual,1988500,40,5.0,4.0,128.0,VIVO,Entry-Level (<2M)
vivo y27,VIVO Y33T - RAM 8/128 - FULLSET DAN BATANGAN - SECOND GRADE A,Rp1.510.000,5.0,17 terjual,1510000,17,5.0,8.0,128.0,VIVO,Entry-Level (<2M)
vivo y27,Vivo Y36 5G 8+8GB RAM 256GB ROM GARANSI RESMI ORIGINAL,Rp2.260.000,5.0,100+ terjual,2260000,100,5.0,8.0,,VIVO,Mid-Range (2M-5M)
vivo y27,VIVO Y19S PRO 6/128 VIVO Y19 S PRO 4/128 VIVO Y19SPRO 4/64 VIVO Y 19 S PRO 6/128 GARANSI RESMI INDONESIA,Rp2.599.000,4.7,50+ terjual,2599000,50,4.7,6.0,128.0,VIVO,Mid-Range (2M-5M)
vivo y27,Vivo Y22 6/128GB Garansi Resmi VIVO,Rp1.659.000,5.0,18 terjual,1659000,18,5.0,6.0,128.0,VIVO,Entry-Level (<2M)
vivo y27,Vivo Y19S 6+6/128 garansi resmi,Rp2.200.000,5.0,30+ terjual,2200000,30,5.0,6.0,128.0,VIVO,Mid-Range (2M-5M)
vivo y27,VIVO V27 5G 8/256 (8+8 EXTENDED RAM) V 27 5G 8/256 GARANSI RESMI,Rp6.459.000,5.0,9 terjual,6459000,9,5.0,8.0,256.0,VIVO,Upper Mid (5M-10M)
vivo y27,VIVO Y30 - RAM 4/128 - FULLSET - SECOND GRADE A,Rp1.060.000,5.0,40+ terjual,1060000,40,5.0,4.0,128.0,VIVO,Entry-Level (<2M)
vivo v30,Vivo V30 5G 8/256GB Garansi Resmi 1 Tahun,Rp4.959.000,5.0,100+ terjual,4959000,100,5.0,8.0,256.0,VIVO,Mid-Range (2M-5M)
vivo v30,VIVO V30 5G 12/512 VIVO V 30 5G 8/256 GARANSI RESMI INDONESIA,Rp6.459.000,5.0,40+ terjual,6459000,40,5.0,12.0,512.0,VIVO,Upper Mid (5M-10M)
vivo v30,Vivo V30 5G 12/512GB Garansi Resmi 1 Tahun,Rp4.959.000,5.0,40+ terjual,4959000,40,5.0,12.0,512.0,VIVO,Mid-Range (2M-5M)
vivo v30,Vivo v30 5g 8/256gb second original,Rp4.100.000,5.0,17 terjual,4100000,17,5.0,8.0,256.0,VIVO,Mid-Range (2M-5M)
vivo v30,VIVO V30 5G 12/512 VIVO V 30 5G NFC 8/256 GARANSI RESMI INDONESIA,Rp6.459.000,5.0,17 terjual,6459000,17,5.0,12.0,512.0,VIVO,Upper Mid (5M-10M)
vivo v30,Vivo V30 12/512GB fullset mulus second,Rp4.400.000,5.0,14 terjual,4400000,14,5.0,12.0,512.0,VIVO,Mid-Range (2M-5M)
vivo v30,Vivo V30 5G 8/256GB Garansi Resmi Vivo Indonesia,Rp5.310.000,5.0,9 terjual,5310000,9,5.0,8.0,256.0,VIVO,Upper Mid (5M-10M)
vivo v30,TERMURAH Vivo V30 8/256 Gb Resmi Indonesia Original Second Gadgetmu,Rp3.835.000,5.0,2 terjual,3835000,2,5.0,8.0,256.0,VIVO,Mid-Range (2M-5M)
vivo v30,VIVO V30 5G 8/256 & 12/256 SECOND FULLSET ORI,Rp3.785.000,5.0,1 terjual,3785000,1,5.0,8.0,256.0,VIVO,Mid-Range (2M-5M)
vivo v30,Jual vivi V30 8/256 black second mulus istimwa siap pakai garansi lengkap full sett,Rp3.640.000,5.0,1 terjual,3640000,1,5.0,8.0,256.0,OTHER,Mid-Range (2M-5M)
vivo v30,VIVO V30 5G 8GB/256 GB Second/Ex Display,Rp4.654.000,5.0,1 terjual,4654000,1,5.0,8.0,256.0,VIVO,Mid-Range (2M-5M)
vivo v30,Vivo V30 Ram 8/256 Second Like new garansi resmi,Rp3.810.000,5.0,4 terjual,3810000,4,5.0,8.0,256.0,VIVO,Mid-Range (2M-5M)
vivo v30,vivo v30 5g 8/256gb second fullset,Rp3.785.000,4.0,3 terjual,3785000,3,4.0,8.0,256.0,VIVO,Mid-Range (2M-5M)
vivo v30,VIVO V30 5G 8/256 SECOND MULUS FULLSET ACC LENGKAP ORIGINAL,Rp3.635.000,3.7,8 terjual,3635000,8,3.7,8.0,256.0,VIVO,Mid-Range (2M-5M)
vivo v30,VIVO V40 LITE 5G 8/256GB ( +8GB EXTENDED RAM ) GARANSI RESMI VIVO,Rp4.259.000,4.9,100+ terjual,4259000,100,4.9,8.0,256.0,VIVO,Mid-Range (2M-5M)
vivo v30,Vivo Y33S 8/128GB Garansi resmi VIVO,Rp2.959.000,5.0,100+ terjual,2959000,100,5.0,8.0,128.0,VIVO,Mid-Range (2M-5M)
vivo v30,VIVO V29 5G 12/512 VIVO V 29 5G 8/256 GARANSI RESMI INDONESIA,Rp6.459.000,4.9,100+ terjual,6459000,100,4.9,12.0,512.0,VIVO,Upper Mid (5M-10M)
vivo v30,Vivo Y31D Pro 6/128GB 8/128GB 8/256GB Garansi Resmi Indonesia,Rp3.979.900,4.9,100+ terjual,3979900,100,4.9,6.0,128.0,VIVO,Mid-Range (2M-5M)
vivo v30,VIVO Y30 RAM 4 INTERNAL 128,Rp2.759.000,4.9,100+ terjual,2759000,100,4.9,4.0,,VIVO,Mid-Range (2M-5M)
vivo v30,Vivo V23e 8/128GB Garansi Resmi VIVO,Rp3.459.000,5.0,100+ terjual,3459000,100,5.0,8.0,128.0,VIVO,Mid-Range (2M-5M)
vivo v30,Vivo Y05 [4/64 GB] [4/128 GB] Garansi Resmi Indonesia,Rp2.249.000,4.9,250+ terjual,2249000,250,4.9,4.0,64.0,VIVO,Mid-Range (2M-5M)
vivo v30,VIVO V27E 12/256 VIVO V27E 8/256 V27 E V 27E GARANSI RESMI INDONESIA,Rp3.959.000,4.9,70+ terjual,3959000,70,4.9,12.0,256.0,VIVO,Mid-Range (2M-5M)
vivo v30,VIVO V25 5G 8/256GB GARANSI RESMI VIVO INDONESIA,Rp2.959.000,5.0,90+ terjual,2959000,90,5.0,8.0,256.0,VIVO,Mid-Range (2M-5M)
vivo v30,VIVO Y36 SERIES 5G & 4G 8/256 VIVO Y 36 8/256 GARANSI RESMI INDONESIA,Rp3.599.000,5.0,50+ terjual,3599000,50,5.0,8.0,256.0,VIVO,Mid-Range (2M-5M)
vivo v30,vivo y30i 4/64 garansi resmi NEW,Rp1.935.000,4.7,90+ terjual,1935000,90,4.7,4.0,64.0,VIVO,Entry-Level (<2M)
vivo v30,humayhumey230311,Rp1.960.000,5.0,40+ terjual,1960000,40,5.0,,,OTHER,Entry-Level (<2M)
vivo v30,VIVO V9 Ram 6GB,Rp2.759.000,4.5,90+ terjual,2759000,90,4.5,6.0,,VIVO,Mid-Range (2M-5M)
vivo v30,(PROMO LIVE) REALME C85 PRO 8/256 & 8/128 GARANSI RESMI,Rp3.549.000,4.9,50+ terjual,3549000,50,4.9,8.0,256.0,REALME,Mid-Range (2M-5M)
vivo v30,VIVO V23 5G 8/128 SECOND,Rp2.459.000,5.0,23 terjual,2459000,23,5.0,8.0,128.0,VIVO,Mid-Range (2M-5M)
vivo v30,VIVO Y15 GARANSI RESMI,Rp2.310.000,5.0,100+ terjual,2310000,100,5.0,,,VIVO,Mid-Range (2M-5M)
vivo v30,Vivo V15 Ram 8GB/256GB Garansi | Vivo V15 Ram 8 GB / 256 GB Garansi,Rp1.668.000,4.3,100+ terjual,1668000,100,4.3,8.0,256.0,VIVO,Entry-Level (<2M)
vivo v30,Vivo V29 5G 8/256GB fullset mulus second,Rp3.600.000,5.0,30+ terjual,3600000,30,5.0,8.0,256.0,VIVO,Mid-Range (2M-5M)
vivo v30,Vivo T1 5G 8/128 Garansi resmi,Rp3.657.000,5.0,25 terjual,3657000,25,5.0,8.0,128.0,VIVO,Mid-Range (2M-5M)
vivo v30,VIVO Y05 4/64GB & 4/128GB Unisoc T7225 6500mAh Fast Charging 15W | Garansi Resmi VIVO Indonesia 1 Tahun,Rp2.270.000,5.0,40+ terjual,2270000,40,5.0,4.0,64.0,VIVO,Mid-Range (2M-5M)
vivo v30,Vivo V23 5g 8/128GB fullset mulus - second,Rp2.450.000,4.7,30+ terjual,2450000,30,4.7,8.0,128.0,VIVO,Mid-Range (2M-5M)
vivo v30,Vivo V70 FE 8/256GB 12/256GB Garansi Resmi,Rp7.089.000,5.0,27 terjual,7089000,27,5.0,8.0,256.0,VIVO,Upper Mid (5M-10M)
vivo v30,Vivo Y16 3/32GB - Garansi Resmi,Rp4.460.000,5.0,17 terjual,4460000,17,5.0,3.0,32.0,VIVO,Mid-Range (2M-5M)
vivo v30,VIVO V25 5G - RAM 8/256 - FULLSET & BATANGAN - SECOND,Rp2.410.000,5.0,30+ terjual,2410000,30,5.0,8.0,256.0,VIVO,Mid-Range (2M-5M)
vivo v40,VIVO V40 5G RAM 8/256GB | RAM 12/256GB | RAM 12/512GB GARANSI RESMI VIVO INDONESIA,Rp4.999.000,5.0,30+ terjual,4999000,30,5.0,8.0,256.0,VIVO,Mid-Range (2M-5M)
vivo v40,Vivo V40 5G 12/256Gb Second Original,Rp4.660.000,5.0,8 terjual,4660000,8,5.0,12.0,256.0,VIVO,Mid-Range (2M-5M)
vivo v40,VIVO V40 5G RAM 12/256GB GARANSI RESMI VIVO INDONESIA,Rp5.599.000,5.0,5 terjual,5599000,5,5.0,12.0,256.0,VIVO,Upper Mid (5M-10M)
vivo v40,Vivo V40 12/256GB fullset second mulus,Rp4.660.000,5.0,14 terjual,4660000,14,5.0,12.0,256.0,VIVO,Mid-Range (2M-5M)
vivo v40,Vivo V40 5G 12/256 12/512 GB Garansi Resmi Indonesia Second,Rp4.885.000,5.0,2 terjual,4885000,2,5.0,12.0,256.0,VIVO,Mid-Range (2M-5M)
vivo v40,VIVO V40 RAM 12GB BERGARANSI RESMI,Rp5.000.000,5.0,20 terjual,5000000,20,5.0,12.0,,VIVO,Mid-Range (2M-5M)
vivo v40,VIVO V40 5G 12/256 VIVO V 40 5G NFC 12/256 GARANSI RESMI INDONESIA,Rp6.999.000,4.2,16 terjual,6999000,16,4.2,12.0,256.0,VIVO,Upper Mid (5M-10M)
vivo v40,"VIVO Y05 [4/64 GB] [4/128 GB] - IP65, Unisoc T7225, 6500mAh 15W | GARANSI RESMI VIVO INDONESIA",Rp2.227.000,4.9,250+ terjual,2227000,250,4.9,4.0,64.0,VIVO,Mid-Range (2M-5M)
vivo v40,VIVO V29 5G 8/256GB GARANSI RESMI 1 TAHUN,Rp4.059.000,5.0,100+ terjual,4059000,100,5.0,8.0,256.0,VIVO,Mid-Range (2M-5M)
vivo v40,"Vivo V50 Lite 5G Borderless Immersive Screen, Camera Sony IMX882, Baterai 6500mAh+90W Flashcharge, AI Erase 2.0 Tahan Guncangan Tahan Banting dan Anti Percikan Air, RAM 8GB ROM 256GB, Android 15, Dimensity 6300 vivostore.indonesia",Rp6.299.000,4.9,250+ terjual,6299000,250,4.9,8.0,,VIVO,Upper Mid (5M-10M)
vivo v40,"VIVO Y05e [4/64GB] - IP64 Tahan Hujan dan Debu, Unisoc T7225, 5510mAh 15W | GARANSI RESMI VIVO INDONESIA - Y05 E",Rp2.097.000,5.0,100+ terjual,2097000,100,5.0,4.0,64.0,VIVO,Mid-Range (2M-5M)
vivo v40,vivo v20 8/128 gb,Rp3.955.000,5.0,40+ terjual,3955000,40,5.0,8.0,128.0,VIVO,Mid-Range (2M-5M)
vivo v40,Vivo Y31d 4/128 4/128GB 4GB 128GB Garansi Resmi,Rp3.599.000,5.0,40+ terjual,3599000,40,5.0,4.0,128.0,VIVO,Mid-Range (2M-5M)
vivo v40,dimas @kokowtc,Rp3.359.000,5.0,30+ terjual,3359000,30,5.0,,,OTHER,Mid-Range (2M-5M)
vivo v40,VIVO V60 Lite 5G 12/512 RESMI NEW,Rp4.440.000,5.0,25 terjual,4440000,25,5.0,12.0,512.0,VIVO,Mid-Range (2M-5M)
vivo v40,vivo v50 12/256GB fullset mulus second,Rp5.500.000,5.0,22 terjual,5500000,22,5.0,12.0,256.0,VIVO,Upper Mid (5M-10M)
vivo v40,Vivo V40 Lite 4G | 5G Ram 8/128GB | Ram 8/256GB | Ram 12/512GB,Rp3.099.000,5.0,30+ terjual,3099000,30,5.0,8.0,128.0,VIVO,Mid-Range (2M-5M)
vivo v40,"Vivo Y19s GT 5G Garansi Resmi Indonesia, 6.74 Inci Layar Lcd, Baterai 5500mAh Bluevolt, IP 64 Tahan Banting dan Tahan Air, NFC Multifunctions",Rp3.649.000,5.0,20 terjual,3649000,20,5.0,,,VIVO,Mid-Range (2M-5M)
vivo v40,"vivo V40 Lite 5G [8*8GB/256GB] (IP64 - NFC - Snapdragon 4 Gen 2 - 50MP Dual Camera - Sony IMX882 - AI Aura Light - AI Erase - 80W FlashCharge, Dual Stereo Speaker) Garansi Resmi 1 Tahun",Rp4.093.000,5.0,12 terjual,4093000,12,5.0,8.0,256.0,VIVO,Mid-Range (2M-5M)
vivo v40,Handphone V40 Lite 4G 8/256 Gb Garansi Resmi,Rp2.780.000,5.0,16 terjual,2780000,16,5.0,8.0,256.0,OTHER,Mid-Range (2M-5M)
vivo v40,VIVO V40 LITE 5G 8/256GB | 12/512GB NEW GARANSI RESMI VIVO INDONESIA,Rp4.159.000,5.0,17 terjual,4159000,17,5.0,8.0,256.0,VIVO,Mid-Range (2M-5M)
vivo v40,Vivo v40 Lite 4G 8/256GB fullset mulus second,Rp2.850.000,5.0,12 terjual,2850000,12,5.0,8.0,256.0,VIVO,Mid-Range (2M-5M)
vivo v40,VIVO V29E 5G 16/256gb garansi resmi 100%,Rp4.959.000,5.0,7 terjual,4959000,7,5.0,16.0,256.0,VIVO,Mid-Range (2M-5M)
vivo v40,vivo y36 4g 8/256 hijau/green,Rp1.960.000,5.0,9 terjual,1960000,9,5.0,8.0,256.0,VIVO,Entry-Level (<2M)
vivo v40,VIVO V11 PRO / GARANSI RESMI VIVO,Rp2.659.000,4.2,100+ terjual,2659000,100,4.2,,,VIVO,Mid-Range (2M-5M)
vivo v40,VIVO Y400 8/128 VIVO Y 400 8/256 GARANSI RESMI INDONESIA,Rp3.959.000,4.7,30+ terjual,3959000,30,4.7,8.0,128.0,VIVO,Mid-Range (2M-5M)
vivo v40,VIVO V29 5G 12/512 VIVO V 29 5G 8/256 V29 GARANSI RESMI INDONESIA,Rp6.459.000,4.9,9 terjual,6459000,9,4.9,12.0,512.0,VIVO,Upper Mid (5M-10M)
vivo v40,VIVO V23e RAM 12gb/128gb KONDISI BARU SEGEL RESMI VIVO,Rp3.860.000,5.0,7 terjual,3860000,7,5.0,12.0,128.0,VIVO,Mid-Range (2M-5M)
vivo v40,"Vivo Y19S Pro - 6000mAh - 4GB/64GB, 4GB/128GB, 6GB/128GB - Garansi Resmi",Rp2.311.000,4.7,23 terjual,2311000,23,4.7,4.0,64.0,VIVO,Mid-Range (2M-5M)
vivo v40,(EXCLUSIVE 805GADGET) VIVO V70 5G 12/256 & 8/256 GARANSI RESMI,Rp9.999.000,5.0,15 terjual,9999000,15,5.0,12.0,256.0,VIVO,Upper Mid (5M-10M)
realme c67,REALME C67 4G NFC 8/256 REALME C 67 4G 8/128 GARANSI RESMI INDONESIA,Rp3.459.000,5.0,50+ terjual,3459000,50,5.0,8.0,256.0,REALME,Mid-Range (2M-5M)
realme c67,REALME C67 NFC 8/256 REALME C 67 4G 8/128 GARANSI RESMI INDONESIA,Rp2.959.000,4.8,30+ terjual,2959000,30,4.8,8.0,256.0,REALME,Mid-Range (2M-5M)
realme c67,HP REALME C67 8/128 GB - GARANSI RESMI,Rp2.250.000,5.0,13 terjual,2250000,13,5.0,8.0,128.0,REALME,Mid-Range (2M-5M)
realme c67,Realme c67 8/128 garansi resmi new,Rp2.260.000,5.0,4 terjual,2260000,4,5.0,8.0,128.0,REALME,Mid-Range (2M-5M)
realme c67,REALME C67 8/256 GARANSI RESMI INDONESIA 100% ORIGINAL,Rp2.055.000,5.0,1 terjual,2055000,1,5.0,8.0,256.0,REALME,Mid-Range (2M-5M)
realme c67,realme c67 8/256,Rp2.960.000,5.0,1 terjual,2960000,1,5.0,8.0,256.0,REALME,Mid-Range (2M-5M)
realme c67,Realme C67 Ram8/256Gb Original & Bergaransi Resmi Realme,Rp1.940.000,4.0,7 terjual,1940000,7,4.0,8.0,256.0,REALME,Entry-Level (<2M)
realme c67,Realme C100i ( 4/128 4/256 6/128 ) Garansi Resmi Realme,Rp2.524.000,4.9,4rb+ terjual,2524000,4000,4.9,4.0,128.0,REALME,Mid-Range (2M-5M)
realme c67,Realme C100i 4/128GB 4/256GB 6/128GB Garansi Resmi,Rp2.389.000,4.9,750+ terjual,2389000,750,4.9,4.0,128.0,REALME,Mid-Range (2M-5M)
realme c67,REALME C53 NFC 6/128 REALME C 53 NFC 6/128 GARANSI RESMI INDONESIA,Rp2.959.000,4.9,250+ terjual,2959000,250,4.9,6.0,128.0,REALME,Mid-Range (2M-5M)
realme c67,ZTE NUBIA A36 4+8GB/64 GARANSI RESMI - SMARTPHONE/PONSEL,Rp1.710.187,4.9,750+ terjual,1710187,750,4.9,4.0,64.0,OTHER,Entry-Level (<2M)
realme c67,REALME NOTE 80 RAM 4+8GB/64GB GARANSI RESMI - SMARTPHONE/PONSEL,Rp1.863.458,4.9,500+ terjual,1863458,500,4.9,4.0,64.0,REALME,Entry-Level (<2M)
realme c67,REALME C55 NFC 8/256 C 55 NFC 6/128 GARANSI RESMI INDONESIA,Rp2.959.000,4.8,250+ terjual,2959000,250,4.8,8.0,256.0,REALME,Mid-Range (2M-5M)
realme c67,REALME C35 4/128 REALME C 35 4/64 GARANSI RESMI INDONESIA,Rp2.259.000,4.9,100+ terjual,2259000,100,4.9,4.0,128.0,REALME,Mid-Range (2M-5M)
realme c67,realme P4x 4GB+8GB*|128GB (8000mAh Baterai Besar dan Awet | Layar 120Hz Performa Lancar | AI Gaming Partner | Performa Lancar 48 Bulan),Rp2.699.000,4.9,250+ terjual,2699000,250,4.9,,,REALME,Mid-Range (2M-5M)
realme c67,REALME NOTE 80 4/128GB (4GB+8GB Extended RAM) 6300mAh Baterai,Rp1.879.000,5.0,100+ terjual,1879000,100,5.0,4.0,128.0,REALME,Entry-Level (<2M)
realme c67,REALME C100 SERIES C100 C100i C100x - HANDPHONE PONSEL ANDROID GARANSI RESMI,Rp2.415.000,5.0,250+ terjual,2415000,250,5.0,,,REALME,Mid-Range (2M-5M)
realme c67,"REALME NOTE 80 [4/64GB] [4/128GB] - IP54, Baterai 6300mAh, Proteksi ArmorShell | GARANSI RESMI REALME INDONESIA",Rp1.867.000,4.9,100+ terjual,1867000,100,4.9,4.0,64.0,REALME,Entry-Level (<2M)
realme c67,Realme Narzo 50A Prime 4/128GB Garansi Resmi,Rp1.659.000,4.9,100+ terjual,1659000,100,4.9,4.0,128.0,REALME,Entry-Level (<2M)
realme c67,Realme C85 Pro 8/256GB Garansi Resmi 1 Tahun,Rp3.999.000,5.0,60+ terjual,3999000,60,5.0,8.0,256.0,REALME,Mid-Range (2M-5M)
realme c67,realme 8 8/128gb NFC garansi resmi realme indonesia,Rp2.609.000,5.0,70+ terjual,2609000,70,5.0,8.0,128.0,REALME,Mid-Range (2M-5M)
realme c67,[BISA COD] Realme Note 80 4/64GB & 4GB/128GB Garansi Indonesia,Rp1.969.000,4.9,100+ terjual,1969000,100,4.9,4.0,64.0,REALME,Entry-Level (<2M)
realme c67,realme c12 3/32 garansi resmi realme indonesia,Rp1.659.000,4.8,100+ terjual,1659000,100,4.8,3.0,32.0,REALME,Entry-Level (<2M)
realme c67,realme P4 Lite 4GB+8GB*|128GB (7000mAh Baterai Lebih Awet | Layar 120Hz Performa Lancar | AI Gaming Partner | Next AI),Rp2.599.000,5.0,100+ terjual,2599000,100,5.0,,,REALME,Mid-Range (2M-5M)
realme c67,Realme C75 8/256 Garansi Resmi,Rp2.930.000,4.9,100+ terjual,2930000,100,4.9,8.0,256.0,REALME,Mid-Range (2M-5M)
realme c67,realme P4x 4GB+8GB*|256GB (8000mAh Baterai Besar dan Awet | Layar 120Hz Performa Lancar | AI Gaming Partner | Performa Lancar 48 Bulan),Rp2.959.000,5.0,100+ terjual,2959000,100,5.0,,,REALME,Mid-Range (2M-5M)
realme c67,Realme Narzo 50i Ram 4/64 Internal 64Gb Garansi Resmi Baru Segel,Rp1.595.000,5.0,100+ terjual,1595000,100,5.0,4.0,64.0,REALME,Entry-Level (<2M)
realme c67,realme c11 3/32 Garansi Resmi Realme,Rp1.659.000,5.0,60+ terjual,1659000,60,5.0,3.0,32.0,REALME,Entry-Level (<2M)
realme c67,HP REALME C2 RAM 3/32 GB (REALMI/RILMI 3GB + 32GB) GARANSI RESMI,Rp1.570.000,4.7,100+ terjual,1570000,100,4.7,3.0,32.0,REALME,Entry-Level (<2M)
realme c67,Twentynine Store Realme C61 8/128GB,Rp1.900.000,5.0,70+ terjual,1900000,70,5.0,8.0,128.0,REALME,Entry-Level (<2M)
realme c67,[NEW] realme C100 6/128GB 8/256GB 400% Ultra Volume 120Hz Display Garansi resmi Realme Indonesia,Rp3.425.178,4.9,100+ terjual,3425178,100,4.9,6.0,128.0,REALME,Mid-Range (2M-5M)
realme c67,REALME C53 NFC 8/256 REALME C 53 NFC 6/128 GARANSI RESMI INDONESIA,Rp2.459.000,5.0,40+ terjual,2459000,40,5.0,8.0,256.0,REALME,Mid-Range (2M-5M)
realme c67,"Realme 8 , 5g Ram 8 mulus banget like New",Rp2.260.000,4.9,50+ terjual,2260000,50,4.9,8.0,,REALME,Mid-Range (2M-5M)
realme c67,Realme XT 8/128 Ram 8gb Rom 128gb Garansi Resmi By Oppo - Biru,Rp5.460.000,5.0,25 terjual,5460000,25,5.0,8.0,128.0,OPPO,Upper Mid (5M-10M)
realme c67,REALME C75 NFC 8/256 REALME C 75 NFC 8/128 REALMEC75 GARANSI RESMI INDONESIA,Rp3.759.000,4.9,50+ terjual,3759000,50,4.9,8.0,256.0,REALME,Mid-Range (2M-5M)
realme c67,"Realme Note 80 4Gb 64Gb/128Gb 6.74"" 90Hz Garansi Resmi Indonesia",Rp1.838.900,5.0,60+ terjual,1838900,60,5.0,,128.0,REALME,Entry-Level (<2M)
realme c67,Berempat Motor,Rp1.260.000,5.0,18 terjual,1260000,18,5.0,,,OTHER,Entry-Level (<2M)
realme c67,HP REALME C33 4/64 GB - RELMI C 33 RAM 4GB ROM 64GB GARANSI RESMI,Rp1.459.000,4.9,30+ terjual,1459000,30,4.9,4.0,64.0,REALME,Entry-Level (<2M)
realme c67,REALME C55 6/128,Rp1.660.000,5.0,22 terjual,1660000,22,5.0,6.0,128.0,REALME,Entry-Level (<2M)
realme c67,REALME C35 4/64 GARANSI RESMI REALME INDONESIA,Rp1.385.000,5.0,30+ terjual,1385000,30,5.0,4.0,64.0,REALME,Entry-Level (<2M)
realme c67,realme c31 4/64,Rp1.655.000,5.0,30+ terjual,1655000,30,5.0,4.0,64.0,REALME,Entry-Level (<2M)
realme c67,Realme Narzo 50A Prime 4/64GB Garansi Resmi,Rp1.459.000,4.9,60+ terjual,1459000,60,4.9,4.0,64.0,REALME,Entry-Level (<2M)
realme c67,Hp realme C100 6/128GB 8/256GB RAM 8GB+16GB Extended ROM 256GB Garansi Resmi Murah Handphone Android,Rp3.425.178,5.0,40+ terjual,3425178,40,5.0,6.0,128.0,REALME,Mid-Range (2M-5M)
realme c67,realme c35 4/64 Garansi resmi,Rp1.859.000,5.0,40+ terjual,1859000,40,5.0,4.0,64.0,REALME,Entry-Level (<2M)
realme c67,realme c53 6/128gb 8/256gb GARANSI RESMI,Rp1.959.000,5.0,30+ terjual,1959000,30,5.0,6.0,128.0,REALME,Entry-Level (<2M)
realme c67,realme narzo 50i 4/64 Garansi resmi,Rp1.659.000,5.0,60+ terjual,1659000,60,5.0,4.0,64.0,REALME,Entry-Level (<2M)
realme c67,Realme C21 4/64Gb,Rp1.949.000,4.8,40+ terjual,1949000,40,4.8,4.0,64.0,REALME,Entry-Level (<2M)
realme c67,realme P4x 4GB+8GB*|256GB (8000mAh Baterai Besar dan Awet | Layar 120Hz Performa Lancar | AI Gaming Partner | Performa Lancar 48 Bulan),Rp2.898.900,5.0,40+ terjual,2898900,40,5.0,,,REALME,Mid-Range (2M-5M)
realme c67,Realme Note 50 Ram 4 Rom 64GB,Rp1.159.000,5.0,40+ terjual,1159000,40,5.0,4.0,64.0,REALME,Entry-Level (<2M)
realme c67,Hemat s.d 3% Pakai Bonus,Rp1.460.000,5.0,25 terjual,1460000,25,5.0,,,OTHER,Entry-Level (<2M)
realme c67,realme Note 80 4/128GB (4GB+8GB Extended RAM) 6300mAh Baterai Official Store HP Android Terbaru 2026,Rp1.866.229,4.9,60+ terjual,1866229,60,4.9,4.0,128.0,REALME,Entry-Level (<2M)
realme c67,HP realme Note 80 4GB+8GB/128GB Baterai Besar 6300mAh IP54 Tahan Air Garansi Resmi 100% Ori,Rp1.860.269,5.0,50+ terjual,1860269,50,5.0,8.0,128.0,REALME,Entry-Level (<2M)
realme c67,NEW REALME C30 2/32 GB NEW SEGEL ORI,Rp1.460.000,4.8,30+ terjual,1460000,30,4.8,,32.0,REALME,Entry-Level (<2M)
realme c67,REALME C53 NFC 8/256 REALME C 53 NFC 4G 6/128 GARANSI RESMI INDONESIA,Rp2.459.000,4.9,24 terjual,2459000,24,4.9,8.0,256.0,REALME,Mid-Range (2M-5M)
realme c67,realme c35 4/128 Garansi resmi,Rp2.199.000,5.0,40+ terjual,2199000,40,5.0,4.0,128.0,REALME,Mid-Range (2M-5M)
realme c67,REALME C35 4/64 GARANSI RESMI INDONESIA 100% ORIGINAL,Rp1.559.000,5.0,23 terjual,1559000,23,5.0,4.0,64.0,REALME,Entry-Level (<2M)
realme c67,realme c12 3/32 resmi,Rp1.559.000,5.0,14 terjual,1559000,14,5.0,3.0,32.0,REALME,Entry-Level (<2M)
realme c67,realme C15 4/64GB Garansi Realme Indonesia,Rp1.610.000,4.9,30+ terjual,1610000,30,4.9,4.0,64.0,REALME,Entry-Level (<2M)
realme c67,realme c25s 4/128,Rp2.059.000,5.0,15 terjual,2059000,15,5.0,4.0,128.0,REALME,Mid-Range (2M-5M)
realme c67,realme c25 4/64,Rp1.710.000,5.0,13 terjual,1710000,13,5.0,4.0,64.0,REALME,Entry-Level (<2M)
realme c67,Realme Note 80 4/64 4/128 GB Garansi Resmi pusat grosir hp,Rp2.137.000,5.0,100+ terjual,2137000,100,5.0,4.0,64.0,REALME,Mid-Range (2M-5M)
realme c67,Realme C20 2/32 Garansi Resmi Realme Indonesia,Rp1.235.000,5.0,19 terjual,1235000,19,5.0,,32.0,REALME,Entry-Level (<2M)
realme c67,Realme GT Neo 2 12/256 Garansi Resmi Fullset,Rp4.459.000,4.9,11 terjual,4459000,11,4.9,12.0,256.0,REALME,Mid-Range (2M-5M)
realme c67,REALME C35 4/128 GARANSI RESMI INDONESIA 100% ORIGINAL,Rp1.659.000,4.9,30+ terjual,1659000,30,4.9,4.0,128.0,REALME,Entry-Level (<2M)
realme c67,REALME C65 NFC 8/256 REALME C 65 NFC 8/128 GARANSI RESMI INDONESIA,Rp3.159.000,4.8,28 terjual,3159000,28,4.8,8.0,256.0,REALME,Mid-Range (2M-5M)
realme c67,realme C85 Pro 8/128GB & 8/256GB Ultra Bright AMOLED 4000nit IP69 Pro Water Resistance Parrot Purple & Peacock Green GARANSI RESMI 12 BULAN Bluetooth Screen,Rp3.690.655,5.0,22 terjual,3690655,22,5.0,8.0,128.0,REALME,Mid-Range (2M-5M)
realme c67,realme c12 3/32,Rp1.261.110,5.0,19 terjual,1261110,19,5.0,3.0,32.0,REALME,Entry-Level (<2M)
realme c67,realme C100 6/128GB (6GB+12GB Extended RAM) Official Store HP Android Murah Terbaru 2026 Handphone,Rp3.425.178,4.9,19 terjual,3425178,19,4.9,6.0,128.0,REALME,Mid-Range (2M-5M)
realme c67,realme C100 6/128GB 6GB+12GB Extended RAM IP69 Pro Water Resistance Official Store HP Android Murah,Rp3.425.178,5.0,14 terjual,3425178,14,5.0,6.0,128.0,REALME,Mid-Range (2M-5M)
realme c67,"[BISA COD] Realme C100i 6+128GB, 4+128GB & 4+256GB Garandi Resmi Indonesia",Rp2.600.000,5.0,40+ terjual,2600000,40,5.0,,128.0,REALME,Mid-Range (2M-5M)
realme c67,realme Note 80 4GB+8GB*|128GB (Desain Tangguh | 6300mAh Baterai | Proteksi ArmorShell | Jaminan Lancar Hingga 48-bulan | IP54),Rp2.359.000,5.0,30+ terjual,2359000,30,5.0,,,REALME,Mid-Range (2M-5M)
realme c67,Realme 10 8/128GB Garansi Resmi Realme Indonesia,Rp2.459.000,5.0,18 terjual,2459000,18,5.0,8.0,128.0,REALME,Mid-Range (2M-5M)
realme c67,Realme C11 Ram 2/32 Garansi Resmi Realme,Rp1.153.000,5.0,27 terjual,1153000,27,5.0,,32.0,REALME,Entry-Level (<2M)
realme c67,HP realme C65 RAM8/25 SMARTPHONE 4G lite 6.67 inci dual SIM,Rp3.200.000,5.0,18 terjual,3200000,18,5.0,8.0,,REALME,Mid-Range (2M-5M)
realme 12,Realme C12 3/32 GB - Garansi Resmi,Rp1.959.000,5.0,100+ terjual,1959000,100,5.0,3.0,32.0,REALME,Entry-Level (<2M)
realme 12,REALME C12 3/32 GB GARANSI RESMI BY REALME,Rp1.659.000,5.0,13 terjual,1659000,13,5.0,3.0,32.0,REALME,Entry-Level (<2M)
realme 12,Realme 12 5G 8/256GB bergaransi resmi,Rp3.659.000,5.0,6 terjual,3659000,6,5.0,8.0,256.0,REALME,Mid-Range (2M-5M)
realme 12,realme 12 5g 8/256 new garansi resmi realme indonesia,Rp3.200.000,5.0,10 terjual,3200000,10,5.0,8.0,256.0,REALME,Mid-Range (2M-5M)
realme 12,HP REALME C12 RAM 3 GB INTERNAL 32 GB GARANSI RESMI,Rp1.460.000,5.0,5 terjual,1460000,5,5.0,3.0,,REALME,Entry-Level (<2M)
realme 12,REALME C12 RAM 3/32 GARANSI RESMI ORIGINAL 100%,Rp1.748.000,5.0,5 terjual,1748000,5,5.0,3.0,32.0,REALME,Entry-Level (<2M)
realme 12,REALME 12 5G 8/256 REALME12 5G NFC 8/256 GARANSI RESMI INDONESIA,Rp3.959.000,5.0,2 terjual,3959000,2,5.0,8.0,256.0,REALME,Mid-Range (2M-5M)
realme 12,Realme 12 5G 8/256 Garansi Resmi 1 Tahun,Rp3.259.000,5.0,2 terjual,3259000,2,5.0,8.0,256.0,REALME,Mid-Range (2M-5M)
realme 12,REALME C12 3/32 3GB 32GB 6000MAH GARANSI RESMI 1 TAHUN,Rp1.559.000,5.0,1 terjual,1559000,1,5.0,3.0,32.0,REALME,Entry-Level (<2M)
realme 12,realme c12 3/32,Rp1.680.000,5.0,2 terjual,1680000,2,5.0,3.0,32.0,REALME,Entry-Level (<2M)
realme 12,realme C12 3/32 Garansi resmi,Rp1.619.000,4.3,17 terjual,1619000,17,4.3,3.0,32.0,REALME,Entry-Level (<2M)
realme 12,"REALME C100i [4/128GB] [4/256GB] [6/128GB] - 120Hz Ultra Smooth Display, 7000mAh 15W | GARANSI RESMI REALME INDONESIA - C100 i",Rp2.347.000,5.0,100+ terjual,2347000,100,5.0,4.0,128.0,REALME,Mid-Range (2M-5M)
realme 12,realme P4 Lite 4GB+4GB*|64GB (7000mAh Baterai Lebih Awet | Layar 120Hz Performa Lancar | AI Gaming Partner | Next AI),Rp2.349.000,5.0,100+ terjual,2349000,100,5.0,,,REALME,Mid-Range (2M-5M)
realme 12,"REALME C85 4G [6/128GB] [8/128GB] [8/256GB] - 50MP Camera, Snapdragon 685 Chipset - GARANSI RESMI",Rp3.057.900,4.9,100+ terjual,3057900,100,4.9,6.0,128.0,REALME,Mid-Range (2M-5M)
realme 12,[NEW] realme Note 80 4GB+8GB|64GB / 4GB+12GB|128GB (Desain Tangguh | 6300mAh Baterai | Proteksi ArmorShell | Jaminan Lancar Hingga 48-bulan | IP54 Layar Luas | HP tahan banting | Anti Lemot),Rp2.258.929,5.0,100+ terjual,2258929,100,5.0,,,REALME,Mid-Range (2M-5M)
realme 12,REALME 7i RAM 8/128GB GARANSI RESMI REALME INDONESIA,Rp2.585.000,4.9,80+ terjual,2585000,80,4.9,8.0,128.0,REALME,Mid-Range (2M-5M)
realme 12,Realme Gt master 8/256  5G,Rp2.635.000,5.0,30+ terjual,2635000,30,5.0,8.0,256.0,REALME,Mid-Range (2M-5M)
realme 12,REALME C55 NFC 8/256GB 6/128GB GARANSI RESMI REALME,Rp2.859.000,5.0,22 terjual,2859000,22,5.0,8.0,256.0,REALME,Mid-Range (2M-5M)
realme 12,Realme C75X 8/256 Gb Baru Segel Box Garansi Resmi 12 Bulan,Rp3.959.000,5.0,30+ terjual,3959000,30,5.0,8.0,256.0,REALME,Mid-Range (2M-5M)
realme 12,REALME 11 PRO PLUS 5G 12/512 11 PROPLUS 5G 12/512 GARANSI RESMI,Rp7.959.000,4.6,50+ terjual,7959000,50,4.6,12.0,512.0,REALME,Upper Mid (5M-10M)
realme 12,Realme Note 60 bergaransi resmi,Rp1.359.000,5.0,22 terjual,1359000,22,5.0,,,REALME,Entry-Level (<2M)
realme 12,[jikalaku] realme C100i Garansi Resmi,Rp2.461.500,5.0,24 terjual,2461500,24,5.0,,,REALME,Mid-Range (2M-5M)
realme 12,realme 8i 6/128 garansi resmi,Rp1.860.000,4.7,30+ terjual,1860000,30,4.7,6.0,128.0,REALME,Entry-Level (<2M)
realme 12,REALME 12 PLUS 5G 8/256 REALME12 PLUS 5G 8/256 GARANSI RESMI INDONESIA,Rp4.959.000,4.7,30+ terjual,4959000,30,4.7,8.0,256.0,REALME,Mid-Range (2M-5M)
realme 12,REALME C12 RAM 3/32 GB GARANSI REALME,Rp1.210.000,4.9,15 terjual,1210000,15,4.9,3.0,32.0,REALME,Entry-Level (<2M)
realme 12,realme c12 3/32,Rp1.470.000,5.0,8 terjual,1470000,8,5.0,3.0,32.0,REALME,Entry-Level (<2M)
realme 12,realme 12 pro 5g,Rp7.960.000,5.0,7 terjual,7960000,7,5.0,,,REALME,Upper Mid (5M-10M)
realme 12,realme P4x 4GB+8GB*|256GB (8000mAh Baterai Besar dan Awet | Layar 120Hz Performa Lancar | AI Gaming Partner | Performa Lancar 48 Bulan),Rp2.999.000,5.0,22 terjual,2999000,22,5.0,,,REALME,Mid-Range (2M-5M)
realme 12,REALME 11 PRO 5G NFC RAM 8/256GB GARANSI RESMI 1 TAHUN,Rp3.159.000,5.0,19 terjual,3159000,19,5.0,8.0,256.0,REALME,Mid-Range (2M-5M)
realme 12,REALME 8 PRO 8/128GB GARANSI RESMI,Rp2.559.000,5.0,50+ terjual,2559000,50,5.0,8.0,128.0,REALME,Mid-Range (2M-5M)
realme 12,realme P4 Lite 4GB+4GB*|64GB (7000mAh Baterai Lebih Awet | Layar 120Hz Performa Lancar | AI Gaming Partner | Next AI),Rp2.319.000,5.0,30+ terjual,2319000,30,5.0,,,REALME,Mid-Range (2M-5M)
realme 12,realme C100x 6GB+12GB |128 GB 8000mAh Baterai 45W Fast Charge — Garansi Resmi realme Indonesia,Rp3.064.538,5.0,22 terjual,3064538,22,5.0,,,REALME,Mid-Range (2M-5M)
iqoo z9,IQOO Z9 5G 8/256GB Second Garansi Resmi,Rp3.960.000,5.0,3 terjual,3960000,3,5.0,8.0,256.0,VIVO,Mid-Range (2M-5M)
iqoo z9,iQOO Z9 5G Ram 8/128GB | Ram 8/256GB | Ram 12/256GB,Rp3.999.000,5.0,6 terjual,3999000,6,5.0,8.0,128.0,VIVO,Mid-Range (2M-5M)
iqoo z9,ZTE Nubia V80 Max [8/128 GB] Garansi Resmi Indonesia,Rp2.101.870,5.0,3rb+ terjual,2101870,3000,5.0,8.0,128.0,OTHER,Mid-Range (2M-5M)
iqoo z9,"[LIVE EXCLUSIVE] Handphone nubia A56 ROM 128GB RAM 12GB (4+8GB) Smartphone Kamera AI 13MP Triple Camera Layar 6.75"" 90Hz, Baterai 5000mAh Fast Charging",Rp1.958.000,4.9,500+ terjual,1958000,500,4.9,,128.0,OTHER,Entry-Level (<2M)
iqoo z9,(DCG) ZTE NUBIA NEO 5 GT 5G 8/256 GB 12/256 GB GARANSI RESMI,Rp5.180.000,5.0,250+ terjual,5180000,250,5.0,8.0,256.0,OTHER,Upper Mid (5M-10M)
iqoo z9,"[DISKON BOSQUE] Handphone nubia A56 ROM 128GB RAM 12GB (4+8GB) Smartphone Kamera AI 13MP Triple Camera Layar 6.75"" 90Hz, Baterai 5000mAh Fast Charging",Rp1.958.000,4.8,750+ terjual,1958000,750,4.8,,128.0,OTHER,Entry-Level (<2M)
iqoo z9,[special creator] INOI A75 ELEGANCE NFC - Garansi Resmi,Rp2.178.000,4.9,100+ terjual,2178000,100,4.9,,,OTHER,Mid-Range (2M-5M)
iqoo z9,SONY XPERIA 5 III 5G | XPERIA 5 MARK III RAM 8GB INTERNAL 128GB,Rp3.259.000,4.8,100+ terjual,3259000,100,4.8,8.0,,OTHER,Mid-Range (2M-5M)
iqoo z9,"ITEL SUPER 26 Ultra - S26 Ultra [8/256 GB] - Corning Gorilla 7i, IP65 - T7300 6mm Processor",Rp2.910.000,4.8,250+ terjual,2910000,250,4.8,8.0,256.0,ITEL,Mid-Range (2M-5M)
iqoo z9,VIVO V29E 5G 8/256 VIVO V29 E 5G 8/256 GARANSI RESMI INDONESIA,Rp4.959.000,5.0,50+ terjual,4959000,50,5.0,8.0,256.0,VIVO,Mid-Range (2M-5M)
iqoo z9,SALE PXL 7A 5G 8GB-128GB ORIGINAL,Rp3.600.000,5.0,100+ terjual,3600000,100,5.0,,,OTHER,Mid-Range (2M-5M)
iqoo z9,[ TP ] MOTOROLA EDGE 60 FUSION 5G 12/256GB - GARANSI RESMI,Rp5.249.000,5.0,250+ terjual,5249000,250,5.0,12.0,256.0,OTHER,Upper Mid (5M-10M)
iqoo z9,"(SPECIAL CREATOR) Handphone nubia A56 ROM 128GB RAM 12GB (4+8GB) Smartphone Kamera AI 13MP Triple Camera Layar 6.75"" 90Hz, Baterai 5000mAh Fast Charging",Rp1.958.000,4.7,100+ terjual,1958000,100,4.7,,128.0,OTHER,Entry-Level (<2M)
iqoo z9,[Exclusive Irvan Galih] ITEL SUPER 26 ULTRA - T7300 Ultra Gaming Processor - Corning Gorilla 7i - IP65 - 3D Curved Amoled Screen - 6000mAH,Rp3.139.000,4.9,90+ terjual,3139000,90,4.9,,,ITEL,Mid-Range (2M-5M)
iqoo z9,Samsung Galaxy Note 9 Garansi Indonesia SEIN,Rp2.110.000,5.0,40+ terjual,2110000,40,5.0,,,SAMSUNG,Mid-Range (2M-5M)
asus rog phone,ASUS ROG PHONE 2 12GB/512GB 8GB/128GB GARANSI RESMI TAM INDONESIA,Rp4.959.000,4.8,250+ terjual,4959000,250,4.8,12.0,512.0,ASUS,Mid-Range (2M-5M)
asus rog phone,ASUS ROG PHONE 2 8gb/128gb garansi resmi TAM second,Rp2.850.000,4.7,100+ terjual,2850000,100,4.7,8.0,128.0,ASUS,Mid-Range (2M-5M)
asus rog phone,TAM | ASUS ROG PHONE 6 | PRO 18/512GB 12/256GB 8/256GB RESMI INDONESIA,Rp13.165.000,4.9,250+ terjual,13165000,250,4.9,18.0,512.0,ASUS,Flagship (>10M)
asus rog phone,Asus Rog Slim Gaming Gl552jx I7 Edition W/ 12 Gb Ram Mulus Bergaransi,Rp5.959.000,5.0,70+ terjual,5959000,70,5.0,12.0,,ASUS,Upper Mid (5M-10M)
asus rog phone,[ NEW ] Asus Rog Phone 6 Pro 18/512GB 12/256GB Garansi Resmi | Not 5s,Rp7.635.000,4.8,100+ terjual,7635000,100,4.8,18.0,512.0,ASUS,Upper Mid (5M-10M)
asus rog phone,ASUS ROG PHONE 2 12GB/512GB GARANSI RESMI TAM INDONESIA,Rp4.439.000,4.7,100+ terjual,4439000,100,4.7,12.0,512.0,ASUS,Mid-Range (2M-5M)
asus rog phone,(TAM) ASUS ROG PHONE 3 5G 128GB/256GB/512GB GARANSI RESMI INDONESIA,Rp6.090.000,4.7,60+ terjual,6090000,60,4.7,,256.0,ASUS,Upper Mid (5M-10M)
asus rog phone,ASUS ROG PHONE 3 12/128GB 12/256GB 12/256GB Snapdragon 865+ Tencent,Rp3.309.000,4.6,40+ terjual,3309000,40,4.6,12.0,128.0,ASUS,Mid-Range (2M-5M)
asus rog phone,Asus Rog phone 3 8/128 garansi resmi TAM fullset,Rp4.635.000,4.8,40+ terjual,4635000,40,4.8,8.0,128.0,ASUS,Mid-Range (2M-5M)
asus rog phone,Asus ROG PHONE 5 8/128 ex TAM,Rp3.960.000,4.7,19 terjual,3960000,19,4.7,8.0,128.0,ASUS,Mid-Range (2M-5M)
asus rog phone,ASUS ROG PHONE 3 5G 512GB/256GB/128GBGARANSI RESMI TAM not ROG PHONE 5,Rp3.459.000,4.7,30+ terjual,3459000,30,4.7,,256.0,ASUS,Mid-Range (2M-5M)
asus rog phone,(TAM) ASUS ROG PHONE 3 & 2 GLOBAL 12/512GB 8/128GB 12/256 NOT 5 6 7 5S,Rp5.305.000,4.6,13 terjual,5305000,13,4.6,12.0,512.0,ASUS,Upper Mid (5M-10M)
asus rog phone,duwi Surya anggara,Rp6.960.000,5.0,4 terjual,6960000,4,5.0,,,OTHER,Upper Mid (5M-10M)
asus rog phone,Asus ROG Phone 3 8/128GB Resmi Indonesia,Rp4.060.000,4.4,12 terjual,4060000,12,4.4,8.0,128.0,ASUS,Mid-Range (2M-5M)
asus rog phone,Rogphone 7 garansi resmi Indonesia,Rp5.510.000,5.0,6 terjual,5510000,6,5.0,,,ASUS,Upper Mid (5M-10M)
asus rog phone,asus rog phone 5,Rp2.460.000,5.0,1 terjual,2460000,1,5.0,,,ASUS,Mid-Range (2M-5M)
asus rog phone,ASUS Rog Phone 5 8/128 Gb Black,Rp8.259.000,5.0,1 terjual,8259000,1,5.0,8.0,128.0,ASUS,Upper Mid (5M-10M)
asus rog phone,Tam | Asus Rog Phone 3 & 2 8/128GB 12/256GB 12/512GB Second Resmi,Rp3.785.000,5.0,2 terjual,3785000,2,5.0,8.0,128.0,ASUS,Mid-Range (2M-5M)
asus rog phone,asus rog phone 5,Rp9.950.000,5.0,3 terjual,9950000,3,5.0,,,ASUS,Upper Mid (5M-10M)
asus rog phone,ASUS ROG PHONE 3 EX TENCENT GAMES,Rp4.235.000,5.0,1 terjual,4235000,1,5.0,,,ASUS,Mid-Range (2M-5M)
asus rog phone,Asus ROG phone 2 8/128 terawat,Rp2.935.000,4.0,40+ terjual,2935000,40,4.0,8.0,128.0,ASUS,Mid-Range (2M-5M)
asus rog phone,ZTE Nubia Neo 3 GT 5G 8/256GB 12/256GB Garansi Resmi Indonesia Original,Rp3.989.900,4.9,250+ terjual,3989900,250,4.9,8.0,256.0,OTHER,Mid-Range (2M-5M)
asus rog phone,ZTE NUBIA NEO 5 5G 8GB/256GB GARANSI RESMI - SMARTPHONE/PONSEL GAMING,Rp3.433.552,4.9,100+ terjual,3433552,100,4.9,8.0,256.0,OTHER,Mid-Range (2M-5M)
asus rog phone,ASUS ROG Xbox Ally X RC73XA-Z2EA35A3T – Black [AMD Ryzen AI Z2 Extreme Processor / AMD Radeon Graphics / 24GB / 1TB / 7inch / WIN11],Rp16.799.000,4.9,100+ terjual,16799000,100,4.9,24.0,1024.0,ASUS,Flagship (>10M)
asus rog phone,INFINIX SMART 20 4GB/64GB 4GB/128GB GARANSI RESMI - SMARTPHONE/PONSEL Kamera Layar,Rp1.798.130,4.9,100+ terjual,1798130,100,4.9,4.0,64.0,INFINIX,Entry-Level (<2M)
asus rog phone,(DCG) TECNO POVA 8 5G 6/128GB || 8/128GB || 8/256GB GARANSI RESMI,Rp4.240.000,5.0,100+ terjual,4240000,100,5.0,6.0,128.0,TECNO,Mid-Range (2M-5M)
asus rog phone,Asus Zenfone 8 8/128GB |8 Flip 5G 256GB 128GB Black Garansi Resmi Asus,Rp3.759.000,5.0,60+ terjual,3759000,60,5.0,8.0,128.0,ASUS,Mid-Range (2M-5M)
asus rog phone,ASUS ROG STRIX G16 G614PH RYZEN 9 8940HX RTX5050 8GB/ 16GB 512GB W11+OHS+M365B  16.0 WUXGA IPS 165HZ,Rp31.859.000,4.9,250+ terjual,31859000,250,4.9,8.0,,ASUS,Flagship (>10M)
asus rog phone,xiaomi blackshark black shark 4 6gb/128gb 8gb/128gb second original,Rp3.810.000,5.0,30+ terjual,3810000,30,5.0,6.0,128.0,XIAOMI,Mid-Range (2M-5M)
asus rog phone,ASUS ROG Xbox Ally RC73YA-Z2AA30A6W – White [AMD Ryzen Z2 A Processor / AMD Radeon Graphics / 16GB / 512GB / 7inch / WIN11],Rp9.843.080,5.0,40+ terjual,9843080,40,5.0,16.0,512.0,ASUS,Upper Mid (5M-10M)
asus rog phone,"Motorola Edge 60 Pro 5G 12/256GB - 19 Moto AI - MTK Dimensity 8350 Extreme - 6.7"" pOLED HDR10+ Pantone Curated Color - 50MP",Rp8.299.000,4.9,40+ terjual,8299000,40,4.9,12.0,256.0,OTHER,Upper Mid (5M-10M)
asus rog phone,(DCG) ZTE Nubia Neo 5 5G 8/256 GB Garansi Resmi,Rp3.800.000,5.0,30+ terjual,3800000,30,5.0,8.0,256.0,OTHER,Mid-Range (2M-5M)
asus rog phone,Asus ROG Rapture GT-BE98 Quad Band Router BE98 WiFi 7 BE 98 BE98,Rp13.180.000,4.8,60+ terjual,13180000,60,4.8,,,ASUS,Flagship (>10M)
